#x (SS)	#y (QS)	#z (QQ)	#c (HS)	#T (K)
1.000000	0.000000	0.000000	0.000000	0.0
1.000000	0.000000	0.000000	0.000000	0.1
1.000000	0.000000	0.000000	0.000000	0.2
1.000000	0.000000	0.000000	0.000000	0.3
1.000000	0.000000	0.000000	0.000000	0.4
1.000000	0.000000	0.000000	0.000000	0.5
1.000000	0.000000	0.000000	0.000000	0.6
1.000000	0.000000	0.000000	0.000000	0.7
1.000000	0.000000	0.000000	0.000000	0.8
1.000000	0.000000	0.000000	0.000000	0.9
1.000000	0.000000	0.000000	0.000000	1.0
1.000000	0.000000	0.000000	0.000000	1.1
1.000000	0.000000	0.000000	0.000000	1.2
1.000000	0.000000	0.000000	0.000000	1.3
1.000000	0.000000	0.000000	0.000000	1.4
1.000000	0.000000	0.000000	0.000000	1.5
1.000000	0.000000	0.000000	0.000000	1.6
1.000000	0.000000	0.000000	0.000000	1.7
1.000000	0.000000	0.000000	0.000000	1.8
1.000000	0.000000	0.000000	0.000000	1.9
1.000000	0.000000	0.000000	0.000000	2.0
1.000000	0.000000	0.000000	0.000000	2.1
1.000000	0.000000	0.000000	0.000000	2.2
1.000000	0.000000	0.000000	0.000000	2.3
1.000000	0.000000	0.000000	0.000000	2.4
1.000000	0.000000	0.000000	0.000000	2.5
1.000000	0.000000	0.000000	0.000000	2.6
1.000000	0.000000	0.000000	0.000000	2.7
1.000000	0.000000	0.000000	0.000000	2.8
1.000000	0.000000	0.000000	0.000000	2.9
1.000000	0.000000	0.000000	0.000000	3.0
1.000000	0.000000	0.000000	0.000000	3.1
1.000000	0.000000	0.000000	0.000000	3.2
1.000000	0.000000	0.000000	0.000000	3.3
1.000000	0.000000	0.000000	0.000000	3.4
1.000000	0.000000	0.000000	0.000000	3.5
1.000000	0.000000	0.000000	0.000000	3.6
1.000000	0.000000	0.000000	0.000000	3.7
1.000000	0.000000	0.000000	0.000000	3.8
1.000000	0.000000	0.000000	0.000000	3.9
1.000000	0.000000	0.000000	0.000000	4.0
1.000000	0.000000	0.000000	0.000000	4.1
1.000000	0.000000	0.000000	0.000000	4.2
1.000000	0.000000	0.000000	0.000000	4.3
1.000000	0.000000	0.000000	0.000000	4.4
1.000000	0.000000	0.000000	0.000000	4.5
1.000000	0.000000	0.000000	0.000000	4.6
1.000000	0.000000	0.000000	0.000000	4.7
1.000000	0.000000	0.000000	0.000000	4.8
1.000000	0.000000	0.000000	0.000000	4.9
1.000000	0.000000	0.000000	0.000000	5.0
1.000000	0.000000	0.000000	0.000000	5.1
1.000000	0.000000	0.000000	0.000000	5.2
1.000000	0.000000	0.000000	0.000000	5.3
1.000000	0.000000	0.000000	0.000000	5.4
1.000000	0.000000	0.000000	0.000000	5.5
1.000000	0.000000	0.000000	0.000000	5.6
1.000000	0.000000	0.000000	0.000000	5.7
1.000000	0.000000	0.000000	0.000000	5.8
1.000000	0.000000	0.000000	0.000000	5.9
1.000000	0.000000	0.000000	0.000000	6.0
1.000000	0.000000	0.000000	0.000000	6.1
1.000000	0.000000	0.000000	0.000000	6.2
1.000000	0.000000	0.000000	0.000000	6.3
1.000000	0.000000	0.000000	0.000000	6.4
1.000000	0.000000	0.000000	0.000000	6.5
1.000000	0.000000	0.000000	0.000000	6.6
1.000000	0.000000	0.000000	0.000000	6.7
1.000000	0.000000	0.000000	0.000000	6.8
1.000000	0.000000	0.000000	0.000000	6.9
1.000000	0.000000	0.000000	0.000000	7.0
1.000000	0.000000	0.000000	0.000000	7.1
1.000000	0.000000	0.000000	0.000000	7.2
1.000000	0.000000	0.000000	0.000000	7.3
1.000000	0.000000	0.000000	0.000000	7.4
1.000000	0.000000	0.000000	0.000000	7.5
1.000000	0.000000	0.000000	0.000000	7.6
1.000000	0.000000	0.000000	0.000000	7.7
1.000000	0.000000	0.000000	0.000000	7.8
1.000000	0.000000	0.000000	0.000000	7.9
1.000000	0.000000	0.000000	0.000000	8.0
1.000000	0.000000	0.000000	0.000000	8.1
1.000000	0.000000	0.000000	0.000000	8.2
1.000000	0.000000	0.000000	0.000000	8.3
1.000000	0.000000	0.000000	0.000000	8.4
1.000000	0.000000	0.000000	0.000000	8.5
1.000000	0.000000	0.000000	0.000000	8.6
1.000000	0.000000	0.000000	0.000000	8.7
1.000000	0.000000	0.000000	0.000000	8.8
1.000000	0.000000	0.000000	0.000000	8.9
1.000000	0.000000	0.000000	0.000000	9.0
1.000000	0.000000	0.000000	0.000000	9.1
1.000000	0.000000	0.000000	0.000000	9.2
1.000000	0.000000	0.000000	0.000000	9.3
1.000000	0.000000	0.000000	0.000000	9.4
1.000000	0.000000	0.000000	0.000000	9.5
1.000000	0.000000	0.000000	0.000000	9.6
1.000000	0.000000	0.000000	0.000000	9.7
1.000000	0.000000	0.000000	0.000000	9.8
1.000000	0.000000	0.000000	0.000000	9.9
1.000000	0.000000	0.000000	0.000000	10.0
1.000000	0.000000	0.000000	0.000000	10.1
1.000000	0.000000	0.000000	0.000000	10.2
1.000000	0.000000	0.000000	0.000000	10.3
1.000000	0.000000	0.000000	0.000000	10.4
1.000000	0.000000	0.000000	0.000000	10.5
1.000000	0.000000	0.000000	0.000000	10.6
1.000000	0.000000	0.000000	0.000000	10.7
1.000000	0.000000	0.000000	0.000000	10.8
1.000000	0.000000	0.000000	0.000000	10.9
1.000000	0.000000	0.000000	0.000000	11.0
1.000000	0.000000	0.000000	0.000000	11.1
1.000000	0.000000	0.000000	0.000000	11.2
1.000000	0.000000	0.000000	0.000000	11.3
1.000000	0.000000	0.000000	0.000000	11.4
1.000000	0.000000	0.000000	0.000000	11.5
1.000000	0.000000	0.000000	0.000000	11.6
1.000000	0.000000	0.000000	0.000000	11.7
1.000000	0.000000	0.000000	0.000000	11.8
1.000000	0.000000	0.000000	0.000000	11.9
1.000000	0.000000	0.000000	0.000000	12.0
1.000000	0.000000	0.000000	0.000000	12.1
1.000000	0.000000	0.000000	0.000000	12.2
1.000000	0.000000	0.000000	0.000000	12.3
1.000000	0.000000	0.000000	0.000000	12.4
1.000000	0.000000	0.000000	0.000000	12.5
1.000000	0.000000	0.000000	0.000000	12.6
1.000000	0.000000	0.000000	0.000000	12.7
1.000000	0.000000	0.000000	0.000000	12.8
1.000000	0.000000	0.000000	0.000000	12.9
1.000000	0.000000	0.000000	0.000000	13.0
1.000000	0.000000	0.000000	0.000000	13.1
1.000000	0.000000	0.000000	0.000000	13.2
1.000000	0.000000	0.000000	0.000000	13.3
1.000000	0.000000	0.000000	0.000000	13.4
1.000000	0.000000	0.000000	0.000000	13.5
1.000000	0.000000	0.000000	0.000000	13.6
1.000000	0.000000	0.000000	0.000000	13.7
1.000000	0.000000	0.000000	0.000000	13.8
1.000000	0.000000	0.000000	0.000000	13.9
1.000000	0.000000	0.000000	0.000000	14.0
1.000000	0.000000	0.000000	0.000000	14.1
1.000000	0.000000	0.000000	0.000000	14.2
1.000000	0.000000	0.000000	0.000000	14.3
1.000000	0.000000	0.000000	0.000000	14.4
1.000000	0.000000	0.000000	0.000000	14.5
1.000000	0.000000	0.000000	0.000000	14.6
1.000000	0.000000	0.000000	0.000000	14.7
1.000000	0.000000	0.000000	0.000000	14.8
1.000000	0.000000	0.000000	0.000000	14.9
1.000000	0.000000	0.000000	0.000000	15.0
1.000000	0.000000	0.000000	0.000000	15.1
1.000000	0.000000	0.000000	0.000000	15.2
1.000000	0.000000	0.000000	0.000000	15.3
1.000000	0.000000	0.000000	0.000000	15.4
1.000000	0.000000	0.000000	0.000000	15.5
1.000000	0.000000	0.000000	0.000000	15.6
1.000000	0.000000	0.000000	0.000000	15.7
1.000000	0.000000	0.000000	0.000000	15.8
1.000000	0.000000	0.000000	0.000000	15.9
1.000000	0.000000	0.000000	0.000000	16.0
1.000000	0.000000	0.000000	0.000000	16.1
1.000000	0.000000	0.000000	0.000000	16.2
1.000000	0.000000	0.000000	0.000000	16.3
1.000000	0.000000	0.000000	0.000000	16.4
1.000000	0.000000	0.000000	0.000000	16.5
1.000000	0.000000	0.000000	0.000000	16.6
1.000000	0.000000	0.000000	0.000000	16.7
1.000000	0.000000	0.000000	0.000000	16.8
1.000000	0.000000	0.000000	0.000000	16.9
1.000000	0.000000	0.000000	0.000000	17.0
1.000000	0.000000	0.000000	0.000000	17.1
1.000000	0.000000	0.000000	0.000000	17.2
1.000000	0.000000	0.000000	0.000000	17.3
1.000000	0.000000	0.000000	0.000000	17.4
1.000000	0.000000	0.000000	0.000000	17.5
1.000000	0.000000	0.000000	0.000000	17.6
1.000000	0.000000	0.000000	0.000000	17.7
1.000000	0.000000	0.000000	0.000000	17.8
1.000000	0.000000	0.000000	0.000000	17.9
1.000000	0.000000	0.000000	0.000000	18.0
1.000000	0.000000	0.000000	0.000000	18.1
1.000000	0.000000	0.000000	0.000000	18.2
1.000000	0.000000	0.000000	0.000000	18.3
1.000000	0.000000	0.000000	0.000000	18.4
1.000000	0.000000	0.000000	0.000000	18.5
1.000000	0.000000	0.000000	0.000000	18.6
1.000000	0.000000	0.000000	0.000000	18.7
1.000000	0.000000	0.000000	0.000000	18.8
1.000000	0.000000	0.000000	0.000000	18.9
1.000000	0.000000	0.000000	0.000000	19.0
1.000000	0.000000	0.000000	0.000000	19.1
1.000000	0.000000	0.000000	0.000000	19.2
1.000000	0.000000	0.000000	0.000000	19.3
1.000000	0.000000	0.000000	0.000000	19.4
1.000000	0.000000	0.000000	0.000000	19.5
1.000000	0.000000	0.000000	0.000000	19.6
1.000000	0.000000	0.000000	0.000000	19.7
1.000000	0.000000	0.000000	0.000000	19.8
1.000000	0.000000	0.000000	0.000000	19.9
1.000000	0.000000	0.000000	0.000000	20.0
1.000000	0.000000	0.000000	0.000000	20.1
1.000000	0.000000	0.000000	0.000000	20.2
1.000000	0.000000	0.000000	0.000000	20.3
1.000000	0.000000	0.000000	0.000000	20.4
1.000000	0.000000	0.000000	0.000000	20.5
1.000000	0.000000	0.000000	0.000000	20.6
1.000000	0.000000	0.000000	0.000000	20.7
1.000000	0.000000	0.000000	0.000000	20.8
1.000000	0.000000	0.000000	0.000000	20.9
1.000000	0.000000	0.000000	0.000000	21.0
1.000000	0.000000	0.000000	0.000000	21.1
1.000000	0.000000	0.000000	0.000000	21.2
1.000000	0.000000	0.000000	0.000000	21.3
1.000000	0.000000	0.000000	0.000000	21.4
1.000000	0.000000	0.000000	0.000000	21.5
1.000000	0.000000	0.000000	0.000000	21.6
1.000000	0.000000	0.000000	0.000000	21.7
1.000000	0.000000	0.000000	0.000000	21.8
1.000000	0.000000	0.000000	0.000000	21.9
1.000000	0.000000	0.000000	0.000000	22.0
1.000000	0.000000	0.000000	0.000000	22.1
1.000000	0.000000	0.000000	0.000000	22.2
1.000000	0.000000	0.000000	0.000000	22.3
1.000000	0.000000	0.000000	0.000000	22.4
1.000000	0.000000	0.000000	0.000000	22.5
1.000000	0.000000	0.000000	0.000000	22.6
1.000000	0.000000	0.000000	0.000000	22.7
1.000000	0.000000	0.000000	0.000000	22.8
1.000000	0.000000	0.000000	0.000000	22.9
1.000000	0.000000	0.000000	0.000000	23.0
1.000000	0.000000	0.000000	0.000000	23.1
1.000000	0.000000	0.000000	0.000000	23.2
1.000000	0.000000	0.000000	0.000000	23.3
1.000000	0.000000	0.000000	0.000000	23.4
1.000000	0.000000	0.000000	0.000000	23.5
1.000000	0.000000	0.000000	0.000000	23.6
1.000000	0.000000	0.000000	0.000000	23.7
1.000000	0.000000	0.000000	0.000000	23.8
1.000000	0.000000	0.000000	0.000000	23.9
1.000000	0.000000	0.000000	0.000000	24.0
1.000000	0.000000	0.000000	0.000000	24.1
1.000000	0.000000	0.000000	0.000000	24.2
1.000000	0.000000	0.000000	0.000000	24.3
1.000000	0.000000	0.000000	0.000000	24.4
1.000000	0.000000	0.000000	0.000000	24.5
1.000000	0.000000	0.000000	0.000000	24.6
1.000000	0.000000	0.000000	0.000000	24.7
1.000000	0.000000	0.000000	0.000000	24.8
1.000000	0.000000	0.000000	0.000000	24.9
1.000000	0.000000	0.000000	0.000000	25.0
1.000000	0.000000	0.000000	0.000000	25.1
1.000000	0.000000	0.000000	0.000000	25.2
1.000000	0.000000	0.000000	0.000000	25.3
1.000000	0.000000	0.000000	0.000000	25.4
1.000000	0.000000	0.000000	0.000000	25.5
1.000000	0.000000	0.000000	0.000000	25.6
1.000000	0.000000	0.000000	0.000000	25.7
1.000000	0.000000	0.000000	0.000000	25.8
1.000000	0.000000	0.000000	0.000000	25.9
1.000000	0.000000	0.000000	0.000000	26.0
1.000000	0.000000	0.000000	0.000000	26.1
1.000000	0.000000	0.000000	0.000000	26.2
1.000000	0.000000	0.000000	0.000000	26.3
1.000000	0.000000	0.000000	0.000000	26.4
1.000000	0.000000	0.000000	0.000000	26.5
1.000000	0.000000	0.000000	0.000000	26.6
1.000000	0.000000	0.000000	0.000000	26.7
1.000000	0.000000	0.000000	0.000000	26.8
1.000000	0.000000	0.000000	0.000000	26.9
1.000000	0.000000	0.000000	0.000000	27.0
1.000000	0.000000	0.000000	0.000000	27.1
1.000000	0.000000	0.000000	0.000000	27.2
1.000000	0.000000	0.000000	0.000000	27.3
1.000000	0.000000	0.000000	0.000000	27.4
1.000000	0.000000	0.000000	0.000000	27.5
1.000000	0.000000	0.000000	0.000000	27.6
1.000000	0.000000	0.000000	0.000000	27.7
1.000000	0.000000	0.000000	0.000000	27.8
1.000000	0.000000	0.000000	0.000000	27.9
1.000000	0.000000	0.000000	0.000000	28.0
1.000000	0.000000	0.000000	0.000000	28.1
1.000000	0.000000	0.000000	0.000000	28.2
1.000000	0.000000	0.000000	0.000000	28.3
1.000000	0.000000	0.000000	0.000000	28.4
1.000000	0.000000	0.000000	0.000000	28.5
1.000000	0.000000	0.000000	0.000000	28.6
1.000000	0.000000	0.000000	0.000000	28.7
1.000000	0.000000	0.000000	0.000000	28.8
1.000000	0.000000	0.000000	0.000000	28.9
1.000000	0.000000	0.000000	0.000000	29.0
1.000000	0.000000	0.000000	0.000000	29.1
1.000000	0.000000	0.000000	0.000000	29.2
1.000000	0.000000	0.000000	0.000000	29.3
1.000000	0.000000	0.000000	0.000000	29.4
1.000000	0.000000	0.000000	0.000000	29.5
1.000000	0.000000	0.000000	0.000000	29.6
1.000000	0.000000	0.000000	0.000000	29.7
1.000000	0.000000	0.000000	0.000000	29.8
1.000000	0.000000	0.000000	0.000000	29.9
1.000000	0.000000	0.000000	0.000000	30.0
1.000000	0.000000	0.000000	0.000000	30.1
1.000000	0.000000	0.000000	0.000000	30.2
1.000000	0.000000	0.000000	0.000000	30.3
1.000000	0.000000	0.000000	0.000000	30.4
1.000000	0.000000	0.000000	0.000000	30.5
1.000000	0.000000	0.000000	0.000000	30.6
1.000000	0.000000	0.000000	0.000000	30.7
1.000000	0.000000	0.000000	0.000000	30.8
1.000000	0.000000	0.000000	0.000000	30.9
1.000000	0.000000	0.000000	0.000000	31.0
1.000000	0.000000	0.000000	0.000000	31.1
1.000000	0.000000	0.000000	0.000000	31.2
1.000000	0.000000	0.000000	0.000000	31.3
1.000000	0.000000	0.000000	0.000000	31.4
1.000000	0.000000	0.000000	0.000000	31.5
1.000000	0.000000	0.000000	0.000000	31.6
1.000000	0.000000	0.000000	0.000000	31.7
1.000000	0.000000	0.000000	0.000000	31.8
1.000000	0.000000	0.000000	0.000000	31.9
1.000000	0.000000	0.000000	0.000000	32.0
1.000000	0.000000	0.000000	0.000000	32.1
1.000000	0.000000	0.000000	0.000000	32.2
1.000000	0.000000	0.000000	0.000000	32.3
1.000000	0.000000	0.000000	0.000000	32.4
1.000000	0.000000	0.000000	0.000000	32.5
1.000000	0.000000	0.000000	0.000000	32.6
1.000000	0.000000	0.000000	0.000000	32.7
1.000000	0.000000	0.000000	0.000000	32.8
1.000000	0.000000	0.000000	0.000000	32.9
1.000000	0.000000	0.000000	0.000000	33.0
1.000000	0.000000	0.000000	0.000000	33.1
1.000000	0.000000	0.000000	0.000000	33.2
1.000000	0.000000	0.000000	0.000000	33.3
1.000000	0.000000	0.000000	0.000000	33.4
1.000000	0.000000	0.000000	0.000000	33.5
1.000000	0.000000	0.000000	0.000000	33.6
1.000000	0.000000	0.000000	0.000000	33.7
1.000000	0.000000	0.000000	0.000000	33.8
1.000000	0.000000	0.000000	0.000000	33.9
1.000000	0.000000	0.000000	0.000000	34.0
1.000000	0.000000	0.000000	0.000000	34.1
1.000000	0.000000	0.000000	0.000000	34.2
1.000000	0.000000	0.000000	0.000000	34.3
1.000000	0.000000	0.000000	0.000000	34.4
1.000000	0.000000	0.000000	0.000000	34.5
1.000000	0.000000	0.000000	0.000000	34.6
1.000000	0.000000	0.000000	0.000000	34.7
1.000000	0.000000	0.000000	0.000000	34.8
1.000000	0.000000	0.000000	0.000000	34.9
1.000000	0.000000	0.000000	0.000000	35.0
1.000000	0.000000	0.000000	0.000000	35.1
1.000000	0.000000	0.000000	0.000000	35.2
1.000000	0.000000	0.000000	0.000000	35.3
1.000000	0.000000	0.000000	0.000000	35.4
1.000000	0.000000	0.000000	0.000000	35.5
1.000000	0.000000	0.000000	0.000000	35.6
1.000000	0.000000	0.000000	0.000000	35.7
1.000000	0.000000	0.000000	0.000000	35.8
1.000000	0.000000	0.000000	0.000000	35.9
1.000000	0.000000	0.000000	0.000000	36.0
1.000000	0.000000	0.000000	0.000000	36.1
1.000000	0.000000	0.000000	0.000000	36.2
1.000000	0.000000	0.000000	0.000000	36.3
1.000000	0.000000	0.000000	0.000000	36.4
1.000000	0.000000	0.000000	0.000000	36.5
1.000000	0.000000	0.000000	0.000000	36.6
1.000000	0.000000	0.000000	0.000000	36.7
1.000000	0.000000	0.000000	0.000000	36.8
1.000000	0.000000	0.000000	0.000000	36.9
1.000000	0.000000	0.000000	0.000000	37.0
1.000000	0.000000	0.000000	0.000000	37.1
1.000000	0.000000	0.000000	0.000000	37.2
1.000000	0.000000	0.000000	0.000000	37.3
1.000000	0.000000	0.000000	0.000000	37.4
1.000000	0.000000	0.000000	0.000000	37.5
1.000000	0.000000	0.000000	0.000000	37.6
1.000000	0.000000	0.000000	0.000000	37.7
1.000000	0.000000	0.000000	0.000000	37.8
1.000000	0.000000	0.000000	0.000000	37.9
1.000000	0.000000	0.000000	0.000000	38.0
1.000000	0.000000	0.000000	0.000000	38.1
1.000000	0.000000	0.000000	0.000000	38.2
1.000000	0.000000	0.000000	0.000000	38.3
1.000000	0.000000	0.000000	0.000000	38.4
1.000000	0.000000	0.000000	0.000000	38.5
1.000000	0.000000	0.000000	0.000000	38.6
1.000000	0.000000	0.000000	0.000000	38.7
1.000000	0.000000	0.000000	0.000000	38.8
1.000000	0.000000	0.000000	0.000000	38.9
1.000000	0.000000	0.000000	0.000000	39.0
1.000000	0.000000	0.000000	0.000000	39.1
1.000000	0.000000	0.000000	0.000000	39.2
1.000000	0.000000	0.000000	0.000000	39.3
1.000000	0.000000	0.000000	0.000000	39.4
1.000000	0.000000	0.000000	0.000000	39.5
1.000000	0.000000	0.000000	0.000000	39.6
1.000000	0.000000	0.000000	0.000000	39.7
1.000000	0.000000	0.000000	0.000000	39.8
1.000000	0.000000	0.000000	0.000000	39.9
1.000000	0.000000	0.000000	0.000000	40.0
1.000000	0.000000	0.000000	0.000000	40.1
1.000000	0.000000	0.000000	0.000000	40.2
1.000000	0.000000	0.000000	0.000000	40.3
1.000000	0.000000	0.000000	0.000000	40.4
1.000000	0.000000	0.000000	0.000000	40.5
1.000000	0.000000	0.000000	0.000000	40.6
1.000000	0.000000	0.000000	0.000000	40.7
1.000000	0.000000	0.000000	0.000000	40.8
1.000000	0.000000	0.000000	0.000000	40.9
1.000000	0.000000	0.000000	0.000000	41.0
1.000000	0.000000	0.000000	0.000000	41.1
1.000000	0.000000	0.000000	0.000000	41.2
1.000000	0.000000	0.000000	0.000000	41.3
1.000000	0.000000	0.000000	0.000000	41.4
1.000000	0.000000	0.000000	0.000000	41.5
1.000000	0.000000	0.000000	0.000000	41.6
1.000000	0.000000	0.000000	0.000000	41.7
1.000000	0.000000	0.000000	0.000000	41.8
1.000000	0.000000	0.000000	0.000000	41.9
1.000000	0.000000	0.000000	0.000000	42.0
1.000000	0.000000	0.000000	0.000000	42.1
1.000000	0.000000	0.000000	0.000000	42.2
1.000000	0.000000	0.000000	0.000000	42.3
1.000000	0.000000	0.000000	0.000000	42.4
1.000000	0.000000	0.000000	0.000000	42.5
1.000000	0.000000	0.000000	0.000000	42.6
1.000000	0.000000	0.000000	0.000000	42.7
1.000000	0.000000	0.000000	0.000000	42.8
1.000000	0.000000	0.000000	0.000000	42.9
1.000000	0.000000	0.000000	0.000000	43.0
1.000000	0.000000	0.000000	0.000000	43.1
1.000000	0.000000	0.000000	0.000000	43.2
1.000000	0.000000	0.000000	0.000000	43.3
1.000000	0.000000	0.000000	0.000000	43.4
1.000000	0.000000	0.000000	0.000000	43.5
1.000000	0.000000	0.000000	0.000000	43.6
1.000000	0.000000	0.000000	0.000000	43.7
1.000000	0.000000	0.000000	0.000000	43.8
1.000000	0.000000	0.000000	0.000000	43.9
1.000000	0.000000	0.000000	0.000000	44.0
1.000000	0.000000	0.000000	0.000000	44.1
1.000000	0.000000	0.000000	0.000000	44.2
1.000000	0.000000	0.000000	0.000000	44.3
1.000000	0.000000	0.000000	0.000000	44.4
1.000000	0.000000	0.000000	0.000000	44.5
1.000000	0.000000	0.000000	0.000000	44.6
1.000000	0.000000	0.000000	0.000000	44.7
1.000000	0.000000	0.000000	0.000000	44.8
1.000000	0.000000	0.000000	0.000000	44.9
1.000000	0.000000	0.000000	0.000000	45.0
1.000000	0.000000	0.000000	0.000000	45.1
1.000000	0.000000	0.000000	0.000000	45.2
1.000000	0.000000	0.000000	0.000000	45.3
1.000000	0.000000	0.000000	0.000000	45.4
1.000000	0.000000	0.000000	0.000000	45.5
1.000000	0.000000	0.000000	0.000000	45.6
1.000000	0.000000	0.000000	0.000000	45.7
1.000000	0.000000	0.000000	0.000000	45.8
1.000000	0.000000	0.000000	0.000000	45.9
1.000000	0.000000	0.000000	0.000000	46.0
1.000000	0.000000	0.000000	0.000000	46.1
1.000000	0.000000	0.000000	0.000000	46.2
1.000000	0.000000	0.000000	0.000000	46.3
1.000000	0.000000	0.000000	0.000000	46.4
1.000000	0.000000	0.000000	0.000000	46.5
1.000000	0.000000	0.000000	0.000000	46.6
1.000000	0.000000	0.000000	0.000000	46.7
1.000000	0.000000	0.000000	0.000000	46.8
1.000000	0.000000	0.000000	0.000000	46.9
1.000000	0.000000	0.000000	0.000000	47.0
1.000000	0.000000	0.000000	0.000000	47.1
1.000000	0.000000	0.000000	0.000000	47.2
1.000000	0.000000	0.000000	0.000000	47.3
1.000000	0.000000	0.000000	0.000000	47.4
1.000000	0.000000	0.000000	0.000000	47.5
1.000000	0.000000	0.000000	0.000000	47.6
1.000000	0.000000	0.000000	0.000000	47.7
1.000000	0.000000	0.000000	0.000000	47.8
1.000000	0.000000	0.000000	0.000000	47.9
1.000000	0.000000	0.000000	0.000000	48.0
1.000000	0.000000	0.000000	0.000000	48.1
1.000000	0.000000	0.000000	0.000000	48.2
1.000000	0.000000	0.000000	0.000000	48.3
1.000000	0.000000	0.000000	0.000000	48.4
1.000000	0.000000	0.000000	0.000000	48.5
1.000000	0.000000	0.000000	0.000000	48.6
1.000000	0.000000	0.000000	0.000000	48.7
1.000000	0.000000	0.000000	0.000000	48.8
1.000000	0.000000	0.000000	0.000000	48.9
1.000000	0.000000	0.000000	0.000000	49.0
1.000000	0.000000	0.000000	0.000000	49.1
1.000000	0.000000	0.000000	0.000000	49.2
1.000000	0.000000	0.000000	0.000000	49.3
1.000000	0.000000	0.000000	0.000000	49.4
1.000000	0.000000	0.000000	0.000000	49.5
1.000000	0.000000	0.000000	0.000000	49.6
1.000000	0.000000	0.000000	0.000000	49.7
1.000000	0.000000	0.000000	0.000000	49.8
1.000000	0.000000	0.000000	0.000000	49.9
1.000000	0.000000	0.000000	0.000000	50.0
1.000000	0.000000	0.000000	0.000000	50.1
1.000000	0.000000	0.000000	0.000000	50.2
1.000000	0.000000	0.000000	0.000000	50.3
1.000000	0.000000	0.000000	0.000000	50.4
1.000000	0.000000	0.000000	0.000000	50.5
1.000000	0.000000	0.000000	0.000000	50.6
1.000000	0.000000	0.000000	0.000000	50.7
1.000000	0.000000	0.000000	0.000000	50.8
1.000000	0.000000	0.000000	0.000000	50.9
1.000000	0.000000	0.000000	0.000000	51.0
1.000000	0.000000	0.000000	0.000000	51.1
1.000000	0.000000	0.000000	0.000000	51.2
1.000000	0.000000	0.000000	0.000000	51.3
1.000000	0.000000	0.000000	0.000000	51.4
1.000000	0.000000	0.000000	0.000000	51.5
1.000000	0.000000	0.000000	0.000000	51.6
1.000000	0.000000	0.000000	0.000000	51.7
1.000000	0.000000	0.000000	0.000000	51.8
1.000000	0.000000	0.000000	0.000000	51.9
1.000000	0.000000	0.000000	0.000000	52.0
1.000000	0.000000	0.000000	0.000000	52.1
1.000000	0.000000	0.000000	0.000000	52.2
1.000000	0.000000	0.000000	0.000000	52.3
1.000000	0.000000	0.000000	0.000000	52.4
1.000000	0.000000	0.000000	0.000000	52.5
1.000000	0.000000	0.000000	0.000000	52.6
1.000000	0.000000	0.000000	0.000000	52.7
1.000000	0.000000	0.000000	0.000000	52.8
1.000000	0.000000	0.000000	0.000000	52.9
1.000000	0.000000	0.000000	0.000000	53.0
1.000000	0.000000	0.000000	0.000000	53.1
1.000000	0.000000	0.000000	0.000000	53.2
1.000000	0.000000	0.000000	0.000000	53.3
1.000000	0.000000	0.000000	0.000000	53.4
1.000000	0.000000	0.000000	0.000000	53.5
1.000000	0.000000	0.000000	0.000000	53.6
1.000000	0.000000	0.000000	0.000000	53.7
1.000000	0.000000	0.000000	0.000000	53.8
1.000000	0.000000	0.000000	0.000000	53.9
1.000000	0.000000	0.000000	0.000000	54.0
1.000000	0.000000	0.000000	0.000000	54.1
1.000000	0.000000	0.000000	0.000000	54.2
1.000000	0.000000	0.000000	0.000000	54.3
1.000000	0.000000	0.000000	0.000000	54.4
1.000000	0.000000	0.000000	0.000000	54.5
1.000000	0.000000	0.000000	0.000000	54.6
1.000000	0.000000	0.000000	0.000000	54.7
1.000000	0.000000	0.000000	0.000000	54.8
1.000000	0.000000	0.000000	0.000000	54.9
1.000000	0.000000	0.000000	0.000000	55.0
1.000000	0.000000	0.000000	0.000000	55.1
1.000000	0.000000	0.000000	0.000000	55.2
1.000000	0.000000	0.000000	0.000000	55.3
1.000000	0.000000	0.000000	0.000000	55.4
1.000000	0.000000	0.000000	0.000000	55.5
1.000000	0.000000	0.000000	0.000000	55.6
1.000000	0.000000	0.000000	0.000000	55.7
1.000000	0.000000	0.000000	0.000000	55.8
1.000000	0.000000	0.000000	0.000000	55.9
1.000000	0.000000	0.000000	0.000000	56.0
1.000000	0.000000	0.000000	0.000000	56.1
1.000000	0.000000	0.000000	0.000000	56.2
1.000000	0.000000	0.000000	0.000000	56.3
1.000000	0.000000	0.000000	0.000000	56.4
1.000000	0.000000	0.000000	0.000000	56.5
1.000000	0.000000	0.000000	0.000000	56.6
1.000000	0.000000	0.000000	0.000000	56.7
1.000000	0.000000	0.000000	0.000000	56.8
1.000000	0.000000	0.000000	0.000000	56.9
1.000000	0.000000	0.000000	0.000000	57.0
1.000000	0.000000	0.000000	0.000000	57.1
1.000000	0.000000	0.000000	0.000000	57.2
1.000000	0.000000	0.000000	0.000000	57.3
1.000000	0.000000	0.000000	0.000000	57.4
1.000000	0.000000	0.000000	0.000000	57.5
1.000000	0.000000	0.000000	0.000000	57.6
1.000000	0.000000	0.000000	0.000000	57.7
1.000000	0.000000	0.000000	0.000000	57.8
1.000000	0.000000	0.000000	0.000000	57.9
1.000000	0.000000	0.000000	0.000000	58.0
1.000000	0.000000	0.000000	0.000000	58.1
1.000000	0.000000	0.000000	0.000000	58.2
1.000000	0.000000	0.000000	0.000000	58.3
1.000000	0.000000	0.000000	0.000000	58.4
1.000000	0.000000	0.000000	0.000000	58.5
1.000000	0.000000	0.000000	0.000000	58.6
1.000000	0.000000	0.000000	0.000000	58.7
1.000000	0.000000	0.000000	0.000000	58.8
1.000000	0.000000	0.000000	0.000000	58.9
1.000000	0.000000	0.000000	0.000000	59.0
1.000000	0.000000	0.000000	0.000000	59.1
1.000000	0.000000	0.000000	0.000000	59.2
1.000000	0.000000	0.000000	0.000000	59.3
1.000000	0.000000	0.000000	0.000000	59.4
1.000000	0.000000	0.000000	0.000000	59.5
1.000000	0.000000	0.000000	0.000000	59.6
1.000000	0.000000	0.000000	0.000000	59.7
1.000000	0.000000	0.000000	0.000000	59.8
1.000000	0.000000	0.000000	0.000000	59.9
1.000000	0.000000	0.000000	0.000000	60.0
1.000000	0.000000	0.000000	0.000000	60.1
1.000000	0.000000	0.000000	0.000000	60.2
1.000000	0.000000	0.000000	0.000000	60.3
1.000000	0.000000	0.000000	0.000000	60.4
1.000000	0.000000	0.000000	0.000000	60.5
1.000000	0.000000	0.000000	0.000000	60.6
1.000000	0.000000	0.000000	0.000000	60.7
1.000000	0.000000	0.000000	0.000000	60.8
1.000000	0.000000	0.000000	0.000000	60.9
1.000000	0.000000	0.000000	0.000000	61.0
1.000000	0.000000	0.000000	0.000000	61.1
1.000000	0.000000	0.000000	0.000000	61.2
1.000000	0.000000	0.000000	0.000000	61.3
1.000000	0.000000	0.000000	0.000000	61.4
1.000000	0.000000	0.000000	0.000000	61.5
1.000000	0.000000	0.000000	0.000000	61.6
1.000000	0.000000	0.000000	0.000000	61.7
1.000000	0.000000	0.000000	0.000000	61.8
1.000000	0.000000	0.000000	0.000000	61.9
1.000000	0.000000	0.000000	0.000000	62.0
1.000000	0.000000	0.000000	0.000000	62.1
1.000000	0.000000	0.000000	0.000000	62.2
1.000000	0.000000	0.000000	0.000000	62.3
1.000000	0.000000	0.000000	0.000000	62.4
1.000000	0.000000	0.000000	0.000000	62.5
1.000000	0.000000	0.000000	0.000000	62.6
1.000000	0.000000	0.000000	0.000000	62.7
1.000000	0.000000	0.000000	0.000000	62.8
1.000000	0.000000	0.000000	0.000000	62.9
1.000000	0.000000	0.000000	0.000000	63.0
1.000000	0.000000	0.000000	0.000000	63.1
1.000000	0.000000	0.000000	0.000000	63.2
1.000000	0.000000	0.000000	0.000000	63.3
1.000000	0.000000	0.000000	0.000000	63.4
1.000000	0.000000	0.000000	0.000000	63.5
1.000000	0.000000	0.000000	0.000000	63.6
1.000000	0.000000	0.000000	0.000000	63.7
1.000000	0.000000	0.000000	0.000000	63.8
1.000000	0.000000	0.000000	0.000000	63.9
1.000000	0.000000	0.000000	0.000000	64.0
1.000000	0.000000	0.000000	0.000000	64.1
1.000000	0.000000	0.000000	0.000000	64.2
1.000000	0.000000	0.000000	0.000000	64.3
1.000000	0.000000	0.000000	0.000000	64.4
1.000000	0.000000	0.000000	0.000000	64.5
1.000000	0.000000	0.000000	0.000000	64.6
1.000000	0.000000	0.000000	0.000000	64.7
1.000000	0.000000	0.000000	0.000000	64.8
1.000000	0.000000	0.000000	0.000000	64.9
1.000000	0.000000	0.000000	0.000000	65.0
1.000000	0.000000	0.000000	0.000000	65.1
1.000000	0.000000	0.000000	0.000000	65.2
1.000000	0.000000	0.000000	0.000000	65.3
1.000000	0.000000	0.000000	0.000000	65.4
1.000000	0.000000	0.000000	0.000000	65.5
1.000000	0.000000	0.000000	0.000000	65.6
1.000000	0.000000	0.000000	0.000000	65.7
1.000000	0.000000	0.000000	0.000000	65.8
1.000000	0.000000	0.000000	0.000000	65.9
1.000000	0.000000	0.000000	0.000000	66.0
1.000000	0.000000	0.000000	0.000000	66.1
1.000000	0.000000	0.000000	0.000000	66.2
1.000000	0.000000	0.000000	0.000000	66.3
1.000000	0.000000	0.000000	0.000000	66.4
1.000000	0.000000	0.000000	0.000000	66.5
1.000000	0.000000	0.000000	0.000000	66.6
1.000000	0.000000	0.000000	0.000000	66.7
1.000000	0.000000	0.000000	0.000000	66.8
1.000000	0.000000	0.000000	0.000000	66.9
1.000000	0.000000	0.000000	0.000000	67.0
1.000000	0.000000	0.000000	0.000000	67.1
1.000000	0.000000	0.000000	0.000000	67.2
1.000000	0.000000	0.000000	0.000000	67.3
1.000000	0.000000	0.000000	0.000000	67.4
1.000000	0.000000	0.000000	0.000000	67.5
1.000000	0.000000	0.000000	0.000000	67.6
1.000000	0.000000	0.000000	0.000000	67.7
1.000000	0.000000	0.000000	0.000000	67.8
1.000000	0.000000	0.000000	0.000000	67.9
1.000000	0.000000	0.000000	0.000000	68.0
1.000000	0.000000	0.000000	0.000000	68.1
1.000000	0.000000	0.000000	0.000000	68.2
1.000000	0.000000	0.000000	0.000000	68.3
1.000000	0.000000	0.000000	0.000000	68.4
1.000000	0.000000	0.000000	0.000000	68.5
1.000000	0.000000	0.000000	0.000000	68.6
1.000000	0.000000	0.000000	0.000000	68.7
1.000000	0.000000	0.000000	0.000000	68.8
1.000000	0.000000	0.000000	0.000000	68.9
1.000000	0.000000	0.000000	0.000000	69.0
1.000000	0.000000	0.000000	0.000000	69.1
1.000000	0.000000	0.000000	0.000000	69.2
1.000000	0.000000	0.000000	0.000000	69.3
1.000000	0.000000	0.000000	0.000000	69.4
1.000000	0.000000	0.000000	0.000000	69.5
1.000000	0.000000	0.000000	0.000000	69.6
1.000000	0.000000	0.000000	0.000000	69.7
1.000000	0.000000	0.000000	0.000000	69.8
1.000000	0.000000	0.000000	0.000000	69.9
1.000000	0.000000	0.000000	0.000000	70.0
1.000000	0.000000	0.000000	0.000000	70.1
1.000000	0.000000	0.000000	0.000000	70.2
1.000000	0.000000	0.000000	0.000000	70.3
1.000000	0.000000	0.000000	0.000000	70.4
1.000000	0.000000	0.000000	0.000000	70.5
1.000000	0.000000	0.000000	0.000000	70.6
1.000000	0.000000	0.000000	0.000000	70.7
1.000000	0.000000	0.000000	0.000000	70.8
1.000000	0.000000	0.000000	0.000000	70.9
1.000000	0.000000	0.000000	0.000000	71.0
1.000000	0.000000	0.000000	0.000000	71.1
1.000000	0.000000	0.000000	0.000000	71.2
1.000000	0.000000	0.000000	0.000000	71.3
1.000000	0.000000	0.000000	0.000000	71.4
1.000000	0.000000	0.000000	0.000000	71.5
1.000000	0.000000	0.000000	0.000000	71.6
1.000000	0.000000	0.000000	0.000000	71.7
1.000000	0.000000	0.000000	0.000000	71.8
1.000000	0.000000	0.000000	0.000000	71.9
1.000000	0.000000	0.000000	0.000000	72.0
1.000000	0.000000	0.000000	0.000000	72.1
1.000000	0.000000	0.000000	0.000000	72.2
1.000000	0.000000	0.000000	0.000000	72.3
1.000000	0.000000	0.000000	0.000000	72.4
1.000000	0.000000	0.000000	0.000000	72.5
1.000000	0.000000	0.000000	0.000000	72.6
1.000000	0.000000	0.000000	0.000000	72.7
1.000000	0.000000	0.000000	0.000000	72.8
1.000000	0.000000	0.000000	0.000000	72.9
1.000000	0.000000	0.000000	0.000000	73.0
1.000000	0.000000	0.000000	0.000000	73.1
1.000000	0.000000	0.000000	0.000000	73.2
1.000000	0.000000	0.000000	0.000000	73.3
1.000000	0.000000	0.000000	0.000000	73.4
1.000000	0.000000	0.000000	0.000000	73.5
1.000000	0.000000	0.000000	0.000000	73.6
1.000000	0.000000	0.000000	0.000000	73.7
1.000000	0.000000	0.000000	0.000000	73.8
1.000000	0.000000	0.000000	0.000000	73.9
1.000000	0.000000	0.000000	0.000000	74.0
1.000000	0.000000	0.000000	0.000000	74.1
1.000000	0.000000	0.000000	0.000000	74.2
1.000000	0.000000	0.000000	0.000000	74.3
1.000000	0.000000	0.000000	0.000000	74.4
1.000000	0.000000	0.000000	0.000000	74.5
1.000000	0.000000	0.000000	0.000000	74.6
1.000000	0.000000	0.000000	0.000000	74.7
1.000000	0.000000	0.000000	0.000000	74.8
1.000000	0.000000	0.000000	0.000000	74.9
1.000000	0.000000	0.000000	0.000000	75.0
1.000000	0.000000	0.000000	0.000000	75.1
1.000000	0.000000	0.000000	0.000000	75.2
1.000000	0.000000	0.000000	0.000000	75.3
1.000000	0.000000	0.000000	0.000000	75.4
1.000000	0.000000	0.000000	0.000000	75.5
1.000000	0.000000	0.000000	0.000000	75.6
1.000000	0.000000	0.000000	0.000000	75.7
1.000000	0.000000	0.000000	0.000000	75.8
1.000000	0.000000	0.000000	0.000000	75.9
1.000000	0.000000	0.000000	0.000000	76.0
1.000000	0.000000	0.000000	0.000000	76.1
1.000000	0.000000	0.000000	0.000000	76.2
1.000000	0.000000	0.000000	0.000000	76.3
1.000000	0.000000	0.000000	0.000000	76.4
1.000000	0.000000	0.000000	0.000000	76.5
1.000000	0.000000	0.000000	0.000000	76.6
1.000000	0.000000	0.000000	0.000000	76.7
1.000000	0.000000	0.000000	0.000000	76.8
1.000000	0.000000	0.000000	0.000000	76.9
1.000000	0.000000	0.000000	0.000000	77.0
1.000000	0.000000	0.000000	0.000000	77.1
1.000000	0.000000	0.000000	0.000000	77.2
1.000000	0.000000	0.000000	0.000000	77.3
1.000000	0.000000	0.000000	0.000000	77.4
1.000000	0.000000	0.000000	0.000000	77.5
1.000000	0.000000	0.000000	0.000000	77.6
1.000000	0.000000	0.000000	0.000000	77.7
1.000000	0.000000	0.000000	0.000000	77.8
1.000000	0.000000	0.000000	0.000000	77.9
1.000000	0.000000	0.000000	0.000000	78.0
1.000000	0.000000	0.000000	0.000000	78.1
1.000000	0.000000	0.000000	0.000000	78.2
1.000000	0.000000	0.000000	0.000000	78.3
1.000000	0.000000	0.000000	0.000000	78.4
1.000000	0.000000	0.000000	0.000000	78.5
1.000000	0.000000	0.000000	0.000000	78.6
1.000000	0.000000	0.000000	0.000000	78.7
1.000000	0.000000	0.000000	0.000000	78.8
1.000000	0.000000	0.000000	0.000000	78.9
1.000000	0.000000	0.000000	0.000000	79.0
1.000000	0.000000	0.000000	0.000000	79.1
1.000000	0.000000	0.000000	0.000000	79.2
1.000000	0.000000	0.000000	0.000000	79.3
1.000000	0.000000	0.000000	0.000000	79.4
1.000000	0.000000	0.000000	0.000000	79.5
1.000000	0.000000	0.000000	0.000000	79.6
1.000000	0.000000	0.000000	0.000000	79.7
1.000000	0.000000	0.000000	0.000000	79.8
1.000000	0.000000	0.000000	0.000000	79.9
1.000000	0.000000	0.000000	0.000000	80.0
1.000000	0.000000	0.000000	0.000000	80.1
1.000000	0.000000	0.000000	0.000000	80.2
1.000000	0.000000	0.000000	0.000000	80.3
1.000000	0.000000	0.000000	0.000000	80.4
1.000000	0.000000	0.000000	0.000000	80.5
1.000000	0.000000	0.000000	0.000000	80.6
1.000000	0.000000	0.000000	0.000000	80.7
1.000000	0.000000	0.000000	0.000000	80.8
1.000000	0.000000	0.000000	0.000000	80.9
1.000000	0.000000	0.000000	0.000000	81.0
1.000000	0.000000	0.000000	0.000000	81.1
1.000000	0.000000	0.000000	0.000000	81.2
1.000000	0.000000	0.000000	0.000000	81.3
1.000000	0.000000	0.000000	0.000000	81.4
1.000000	0.000000	0.000000	0.000000	81.5
1.000000	0.000000	0.000000	0.000000	81.6
1.000000	0.000000	0.000000	0.000000	81.7
1.000000	0.000000	0.000000	0.000000	81.8
1.000000	0.000000	0.000000	0.000000	81.9
1.000000	0.000000	0.000000	0.000000	82.0
1.000000	0.000000	0.000000	0.000000	82.1
1.000000	0.000000	0.000000	0.000000	82.2
1.000000	0.000000	0.000000	0.000000	82.3
1.000000	0.000000	0.000000	0.000000	82.4
1.000000	0.000000	0.000000	0.000000	82.5
1.000000	0.000000	0.000000	0.000000	82.6
1.000000	0.000000	0.000000	0.000000	82.7
1.000000	0.000000	0.000000	0.000000	82.8
1.000000	0.000000	0.000000	0.000000	82.9
1.000000	0.000000	0.000000	0.000000	83.0
1.000000	0.000000	0.000000	0.000000	83.1
1.000000	0.000000	0.000000	0.000000	83.2
1.000000	0.000000	0.000000	0.000000	83.3
1.000000	0.000000	0.000000	0.000000	83.4
1.000000	0.000000	0.000000	0.000000	83.5
1.000000	0.000000	0.000000	0.000000	83.6
1.000000	0.000000	0.000000	0.000000	83.7
1.000000	0.000000	0.000000	0.000000	83.8
1.000000	0.000000	0.000000	0.000000	83.9
1.000000	0.000000	0.000000	0.000000	84.0
1.000000	0.000000	0.000000	0.000000	84.1
1.000000	0.000000	0.000000	0.000000	84.2
1.000000	0.000000	0.000000	0.000000	84.3
1.000000	0.000000	0.000000	0.000000	84.4
1.000000	0.000000	0.000000	0.000000	84.5
1.000000	0.000000	0.000000	0.000000	84.6
1.000000	0.000000	0.000000	0.000000	84.7
1.000000	0.000000	0.000000	0.000000	84.8
1.000000	0.000000	0.000000	0.000000	84.9
1.000000	0.000000	0.000000	0.000000	85.0
1.000000	0.000000	0.000000	0.000000	85.1
1.000000	0.000000	0.000000	0.000000	85.2
1.000000	0.000000	0.000000	0.000000	85.3
1.000000	0.000000	0.000000	0.000000	85.4
1.000000	0.000000	0.000000	0.000000	85.5
1.000000	0.000000	0.000000	0.000000	85.6
1.000000	0.000000	0.000000	0.000000	85.7
1.000000	0.000000	0.000000	0.000000	85.8
1.000000	0.000000	0.000000	0.000000	85.9
1.000000	0.000000	0.000000	0.000000	86.0
1.000000	0.000000	0.000000	0.000000	86.1
1.000000	0.000000	0.000000	0.000000	86.2
1.000000	0.000000	0.000000	0.000000	86.3
1.000000	0.000000	0.000000	0.000000	86.4
1.000000	0.000000	0.000000	0.000000	86.5
1.000000	0.000000	0.000000	0.000000	86.6
1.000000	0.000000	0.000000	0.000000	86.7
1.000000	0.000000	0.000000	0.000000	86.8
1.000000	0.000000	0.000000	0.000000	86.9
1.000000	0.000000	0.000000	0.000000	87.0
1.000000	0.000000	0.000000	0.000000	87.1
1.000000	0.000000	0.000000	0.000000	87.2
1.000000	0.000000	0.000000	0.000000	87.3
1.000000	0.000000	0.000000	0.000000	87.4
1.000000	0.000000	0.000000	0.000000	87.5
1.000000	0.000000	0.000000	0.000000	87.6
1.000000	0.000000	0.000000	0.000000	87.7
1.000000	0.000000	0.000000	0.000000	87.8
1.000000	0.000000	0.000000	0.000000	87.9
1.000000	0.000000	0.000000	0.000000	88.0
1.000000	0.000000	0.000000	0.000000	88.1
1.000000	0.000000	0.000000	0.000000	88.2
1.000000	0.000000	0.000000	0.000000	88.3
1.000000	0.000000	0.000000	0.000000	88.4
1.000000	0.000000	0.000000	0.000000	88.5
1.000000	0.000000	0.000000	0.000000	88.6
1.000000	0.000000	0.000000	0.000000	88.7
1.000000	0.000000	0.000000	0.000000	88.8
1.000000	0.000000	0.000000	0.000000	88.9
1.000000	0.000000	0.000000	0.000000	89.0
1.000000	0.000000	0.000000	0.000000	89.1
1.000000	0.000000	0.000000	0.000000	89.2
1.000000	0.000000	0.000000	0.000000	89.3
1.000000	0.000000	0.000000	0.000000	89.4
1.000000	0.000000	0.000000	0.000000	89.5
1.000000	0.000000	0.000000	0.000000	89.6
1.000000	0.000000	0.000000	0.000000	89.7
1.000000	0.000000	0.000000	0.000000	89.8
1.000000	0.000000	0.000000	0.000000	89.9
1.000000	0.000000	0.000000	0.000000	90.0
1.000000	0.000000	0.000000	0.000000	90.1
1.000000	0.000000	0.000000	0.000000	90.2
1.000000	0.000000	0.000000	0.000000	90.3
1.000000	0.000000	0.000000	0.000000	90.4
1.000000	0.000000	0.000000	0.000000	90.5
1.000000	0.000000	0.000000	0.000000	90.6
1.000000	0.000000	0.000000	0.000000	90.7
1.000000	0.000000	0.000000	0.000000	90.8
1.000000	0.000000	0.000000	0.000000	90.9
1.000000	0.000000	0.000000	0.000000	91.0
1.000000	0.000000	0.000000	0.000000	91.1
1.000000	0.000000	0.000000	0.000000	91.2
1.000000	0.000000	0.000000	0.000000	91.3
1.000000	0.000000	0.000000	0.000000	91.4
1.000000	0.000000	0.000000	0.000000	91.5
1.000000	0.000000	0.000000	0.000000	91.6
1.000000	0.000000	0.000000	0.000000	91.7
1.000000	0.000000	0.000000	0.000000	91.8
1.000000	0.000000	0.000000	0.000000	91.9
1.000000	0.000000	0.000000	0.000000	92.0
1.000000	0.000000	0.000000	0.000000	92.1
1.000000	0.000000	0.000000	0.000000	92.2
1.000000	0.000000	0.000000	0.000000	92.3
1.000000	0.000000	0.000000	0.000000	92.4
1.000000	0.000000	0.000000	0.000000	92.5
1.000000	0.000000	0.000000	0.000000	92.6
1.000000	0.000000	0.000000	0.000000	92.7
1.000000	0.000000	0.000000	0.000000	92.8
1.000000	0.000000	0.000000	0.000000	92.9
1.000000	0.000000	0.000000	0.000000	93.0
1.000000	0.000000	0.000000	0.000000	93.1
1.000000	0.000000	0.000000	0.000000	93.2
1.000000	0.000000	0.000000	0.000000	93.3
1.000000	0.000000	0.000000	0.000000	93.4
1.000000	0.000000	0.000000	0.000000	93.5
1.000000	0.000000	0.000000	0.000000	93.6
1.000000	0.000000	0.000000	0.000000	93.7
1.000000	0.000000	0.000000	0.000000	93.8
1.000000	0.000000	0.000000	0.000000	93.9
1.000000	0.000000	0.000000	0.000000	94.0
1.000000	0.000000	0.000000	0.000000	94.1
1.000000	0.000000	0.000000	0.000000	94.2
1.000000	0.000000	0.000000	0.000000	94.3
1.000000	0.000000	0.000000	0.000000	94.4
1.000000	0.000000	0.000000	0.000000	94.5
1.000000	0.000000	0.000000	0.000000	94.6
1.000000	0.000000	0.000000	0.000000	94.7
1.000000	0.000000	0.000000	0.000000	94.8
1.000000	0.000000	0.000000	0.000000	94.9
1.000000	0.000000	0.000000	0.000000	95.0
1.000000	0.000000	0.000000	0.000000	95.1
1.000000	0.000000	0.000000	0.000000	95.2
1.000000	0.000000	0.000000	0.000000	95.3
1.000000	0.000000	0.000000	0.000000	95.4
1.000000	0.000000	0.000000	0.000000	95.5
1.000000	0.000000	0.000000	0.000000	95.6
1.000000	0.000000	0.000000	0.000000	95.7
1.000000	0.000000	0.000000	0.000000	95.8
1.000000	0.000000	0.000000	0.000000	95.9
1.000000	0.000000	0.000000	0.000000	96.0
1.000000	0.000000	0.000000	0.000000	96.1
1.000000	0.000000	0.000000	0.000000	96.2
1.000000	0.000000	0.000000	0.000000	96.3
1.000000	0.000000	0.000000	0.000000	96.4
1.000000	0.000000	0.000000	0.000000	96.5
1.000000	0.000000	0.000000	0.000000	96.6
1.000000	0.000000	0.000000	0.000000	96.7
1.000000	0.000000	0.000000	0.000000	96.8
1.000000	0.000000	0.000000	0.000000	96.9
1.000000	0.000000	0.000000	0.000000	97.0
1.000000	0.000000	0.000000	0.000000	97.1
1.000000	0.000000	0.000000	0.000000	97.2
1.000000	0.000000	0.000000	0.000000	97.3
1.000000	0.000000	0.000000	0.000000	97.4
1.000000	0.000000	0.000000	0.000000	97.5
1.000000	0.000000	0.000000	0.000000	97.6
1.000000	0.000000	0.000000	0.000000	97.7
1.000000	0.000000	0.000000	0.000000	97.8
1.000000	0.000000	0.000000	0.000000	97.9
1.000000	0.000000	0.000000	0.000000	98.0
1.000000	0.000000	0.000000	0.000000	98.1
1.000000	0.000000	0.000000	0.000000	98.2
1.000000	0.000000	0.000000	0.000000	98.3
1.000000	0.000000	0.000000	0.000000	98.4
1.000000	0.000000	0.000000	0.000000	98.5
1.000000	0.000000	0.000000	0.000000	98.6
1.000000	0.000000	0.000000	0.000000	98.7
1.000000	0.000000	0.000000	0.000000	98.8
1.000000	0.000000	0.000000	0.000000	98.9
1.000000	0.000000	0.000000	0.000000	99.0
1.000000	0.000000	0.000000	0.000000	99.1
1.000000	0.000000	0.000000	0.000000	99.2
1.000000	0.000000	0.000000	0.000000	99.3
1.000000	0.000000	0.000000	0.000000	99.4
1.000000	0.000000	0.000000	0.000000	99.5
1.000000	0.000000	0.000000	0.000000	99.6
1.000000	0.000000	0.000000	0.000000	99.7
1.000000	0.000000	0.000000	0.000000	99.8
1.000000	0.000000	0.000000	0.000000	99.9
1.000000	0.000000	0.000000	0.000000	100.0
1.000000	0.000000	0.000000	0.000000	100.1
1.000000	0.000000	0.000000	0.000000	100.2
1.000000	0.000000	0.000000	0.000000	100.3
1.000000	0.000000	0.000000	0.000000	100.4
1.000000	0.000000	0.000000	0.000000	100.5
1.000000	0.000000	0.000000	0.000000	100.6
1.000000	0.000000	0.000000	0.000000	100.7
1.000000	0.000000	0.000000	0.000000	100.8
1.000000	0.000000	0.000000	0.000000	100.9
1.000000	0.000000	0.000000	0.000000	101.0
1.000000	0.000000	0.000000	0.000000	101.1
1.000000	0.000000	0.000000	0.000000	101.2
1.000000	0.000000	0.000000	0.000000	101.3
1.000000	0.000000	0.000000	0.000000	101.4
1.000000	0.000000	0.000000	0.000000	101.5
1.000000	0.000000	0.000000	0.000000	101.6
1.000000	0.000000	0.000000	0.000000	101.7
1.000000	0.000000	0.000000	0.000000	101.8
1.000000	0.000000	0.000000	0.000000	101.9
1.000000	0.000000	0.000000	0.000000	102.0
1.000000	0.000000	0.000000	0.000000	102.1
1.000000	0.000000	0.000000	0.000000	102.2
1.000000	0.000000	0.000000	0.000000	102.3
1.000000	0.000000	0.000000	0.000000	102.4
1.000000	0.000000	0.000000	0.000000	102.5
1.000000	0.000000	0.000000	0.000000	102.6
1.000000	0.000000	0.000000	0.000000	102.7
1.000000	0.000000	0.000000	0.000000	102.8
1.000000	0.000000	0.000000	0.000000	102.9
1.000000	0.000000	0.000000	0.000000	103.0
1.000000	0.000000	0.000000	0.000000	103.1
1.000000	0.000000	0.000000	0.000000	103.2
1.000000	0.000000	0.000000	0.000000	103.3
1.000000	0.000000	0.000000	0.000000	103.4
1.000000	0.000000	0.000000	0.000000	103.5
1.000000	0.000000	0.000000	0.000000	103.6
1.000000	0.000000	0.000000	0.000000	103.7
1.000000	0.000000	0.000000	0.000000	103.8
1.000000	0.000000	0.000000	0.000000	103.9
1.000000	0.000000	0.000000	0.000000	104.0
1.000000	0.000000	0.000000	0.000000	104.1
1.000000	0.000000	0.000000	0.000000	104.2
1.000000	0.000000	0.000000	0.000000	104.3
1.000000	0.000000	0.000000	0.000000	104.4
1.000000	0.000000	0.000000	0.000000	104.5
1.000000	0.000000	0.000000	0.000000	104.6
1.000000	0.000000	0.000000	0.000000	104.7
1.000000	0.000000	0.000000	0.000000	104.8
1.000000	0.000000	0.000000	0.000000	104.9
1.000000	0.000000	0.000000	0.000000	105.0
1.000000	0.000000	0.000000	0.000000	105.1
1.000000	0.000000	0.000000	0.000000	105.2
1.000000	0.000000	0.000000	0.000000	105.3
1.000000	0.000000	0.000000	0.000000	105.4
1.000000	0.000000	0.000000	0.000000	105.5
1.000000	0.000000	0.000000	0.000000	105.6
1.000000	0.000000	0.000000	0.000000	105.7
1.000000	0.000000	0.000000	0.000000	105.8
1.000000	0.000000	0.000000	0.000000	105.9
1.000000	0.000000	0.000000	0.000000	106.0
1.000000	0.000000	0.000000	0.000000	106.1
1.000000	0.000000	0.000000	0.000000	106.2
1.000000	0.000000	0.000000	0.000000	106.3
1.000000	0.000000	0.000000	0.000000	106.4
1.000000	0.000000	0.000000	0.000000	106.5
1.000000	0.000000	0.000000	0.000000	106.6
1.000000	0.000000	0.000000	0.000000	106.7
1.000000	0.000000	0.000000	0.000000	106.8
1.000000	0.000000	0.000000	0.000000	106.9
1.000000	0.000000	0.000000	0.000000	107.0
1.000000	0.000000	0.000000	0.000000	107.1
1.000000	0.000000	0.000000	0.000000	107.2
1.000000	0.000000	0.000000	0.000000	107.3
1.000000	0.000000	0.000000	0.000000	107.4
1.000000	0.000000	0.000000	0.000000	107.5
1.000000	0.000000	0.000000	0.000000	107.6
1.000000	0.000000	0.000000	0.000000	107.7
1.000000	0.000000	0.000000	0.000000	107.8
1.000000	0.000000	0.000000	0.000000	107.9
1.000000	0.000000	0.000000	0.000000	108.0
1.000000	0.000000	0.000000	0.000000	108.1
1.000000	0.000000	0.000000	0.000000	108.2
1.000000	0.000000	0.000000	0.000000	108.3
1.000000	0.000000	0.000000	0.000000	108.4
1.000000	0.000000	0.000000	0.000000	108.5
1.000000	0.000000	0.000000	0.000000	108.6
1.000000	0.000000	0.000000	0.000000	108.7
1.000000	0.000000	0.000000	0.000000	108.8
1.000000	0.000000	0.000000	0.000000	108.9
1.000000	0.000000	0.000000	0.000000	109.0
1.000000	0.000000	0.000000	0.000000	109.1
1.000000	0.000000	0.000000	0.000000	109.2
1.000000	0.000000	0.000000	0.000000	109.3
1.000000	0.000000	0.000000	0.000000	109.4
1.000000	0.000000	0.000000	0.000000	109.5
1.000000	0.000000	0.000000	0.000000	109.6
1.000000	0.000000	0.000000	0.000000	109.7
1.000000	0.000000	0.000000	0.000000	109.8
1.000000	0.000000	0.000000	0.000000	109.9
1.000000	0.000000	0.000000	0.000000	110.0
1.000000	0.000000	0.000000	0.000000	110.1
1.000000	0.000000	0.000000	0.000000	110.2
1.000000	0.000000	0.000000	0.000000	110.3
1.000000	0.000000	0.000000	0.000000	110.4
1.000000	0.000000	0.000000	0.000000	110.5
1.000000	0.000000	0.000000	0.000000	110.6
1.000000	0.000000	0.000000	0.000000	110.7
1.000000	0.000000	0.000000	0.000000	110.8
1.000000	0.000000	0.000000	0.000000	110.9
1.000000	0.000000	0.000000	0.000000	111.0
1.000000	0.000000	0.000000	0.000000	111.1
1.000000	0.000000	0.000000	0.000000	111.2
1.000000	0.000000	0.000000	0.000000	111.3
1.000000	0.000000	0.000000	0.000000	111.4
1.000000	0.000000	0.000000	0.000000	111.5
1.000000	0.000000	0.000000	0.000000	111.6
1.000000	0.000000	0.000000	0.000000	111.7
1.000000	0.000000	0.000000	0.000000	111.8
1.000000	0.000000	0.000000	0.000000	111.9
1.000000	0.000000	0.000000	0.000000	112.0
1.000000	0.000000	0.000000	0.000000	112.1
1.000000	0.000000	0.000000	0.000000	112.2
1.000000	0.000000	0.000000	0.000000	112.3
1.000000	0.000000	0.000000	0.000000	112.4
1.000000	0.000000	0.000000	0.000000	112.5
1.000000	0.000000	0.000000	0.000000	112.6
1.000000	0.000000	0.000000	0.000000	112.7
1.000000	0.000000	0.000000	0.000000	112.8
1.000000	0.000000	0.000000	0.000000	112.9
1.000000	0.000000	0.000000	0.000000	113.0
1.000000	0.000000	0.000000	0.000000	113.1
1.000000	0.000000	0.000000	0.000000	113.2
1.000000	0.000000	0.000000	0.000000	113.3
1.000000	0.000000	0.000000	0.000000	113.4
1.000000	0.000000	0.000000	0.000000	113.5
1.000000	0.000000	0.000000	0.000000	113.6
1.000000	0.000000	0.000000	0.000000	113.7
1.000000	0.000000	0.000000	0.000000	113.8
1.000000	0.000000	0.000000	0.000000	113.9
1.000000	0.000000	0.000000	0.000000	114.0
1.000000	0.000000	0.000000	0.000000	114.1
1.000000	0.000000	0.000000	0.000000	114.2
1.000000	0.000000	0.000000	0.000000	114.3
1.000000	0.000000	0.000000	0.000000	114.4
1.000000	0.000000	0.000000	0.000000	114.5
1.000000	0.000000	0.000000	0.000000	114.6
1.000000	0.000000	0.000000	0.000000	114.7
1.000000	0.000000	0.000000	0.000000	114.8
1.000000	0.000000	0.000000	0.000000	114.9
1.000000	0.000000	0.000000	0.000000	115.0
1.000000	0.000000	0.000000	0.000000	115.1
1.000000	0.000000	0.000000	0.000000	115.2
1.000000	0.000000	0.000000	0.000000	115.3
1.000000	0.000000	0.000000	0.000000	115.4
1.000000	0.000000	0.000000	0.000000	115.5
1.000000	0.000000	0.000000	0.000000	115.6
1.000000	0.000000	0.000000	0.000000	115.7
1.000000	0.000000	0.000000	0.000000	115.8
1.000000	0.000000	0.000000	0.000000	115.9
1.000000	0.000000	0.000000	0.000000	116.0
1.000000	0.000000	0.000000	0.000000	116.1
1.000000	0.000000	0.000000	0.000000	116.2
1.000000	0.000000	0.000000	0.000000	116.3
1.000000	0.000000	0.000000	0.000000	116.4
1.000000	0.000000	0.000000	0.000000	116.5
1.000000	0.000000	0.000000	0.000000	116.6
1.000000	0.000000	0.000000	0.000000	116.7
1.000000	0.000000	0.000000	0.000000	116.8
1.000000	0.000000	0.000000	0.000000	116.9
1.000000	0.000000	0.000000	0.000000	117.0
1.000000	0.000000	0.000000	0.000000	117.1
1.000000	0.000000	0.000000	0.000000	117.2
1.000000	0.000000	0.000000	0.000000	117.3
1.000000	0.000000	0.000000	0.000000	117.4
1.000000	0.000000	0.000000	0.000000	117.5
1.000000	0.000000	0.000000	0.000000	117.6
1.000000	0.000000	0.000000	0.000000	117.7
1.000000	0.000000	0.000000	0.000000	117.8
1.000000	0.000000	0.000000	0.000000	117.9
1.000000	0.000000	0.000000	0.000000	118.0
1.000000	0.000000	0.000000	0.000000	118.1
1.000000	0.000000	0.000000	0.000000	118.2
1.000000	0.000000	0.000000	0.000000	118.3
1.000000	0.000000	0.000000	0.000000	118.4
1.000000	0.000000	0.000000	0.000000	118.5
1.000000	0.000000	0.000000	0.000000	118.6
1.000000	0.000000	0.000000	0.000000	118.7
1.000000	0.000000	0.000000	0.000000	118.8
1.000000	0.000000	0.000000	0.000000	118.9
1.000000	0.000000	0.000000	0.000000	119.0
1.000000	0.000000	0.000000	0.000000	119.1
1.000000	0.000000	0.000000	0.000000	119.2
1.000000	0.000000	0.000000	0.000000	119.3
1.000000	0.000000	0.000000	0.000000	119.4
1.000000	0.000000	0.000000	0.000000	119.5
1.000000	0.000000	0.000000	0.000000	119.6
1.000000	0.000000	0.000000	0.000000	119.7
1.000000	0.000000	0.000000	0.000000	119.8
1.000000	0.000000	0.000000	0.000000	119.9
1.000000	0.000000	0.000000	0.000000	120.0
1.000000	0.000000	0.000000	0.000000	120.1
1.000000	0.000000	0.000000	0.000000	120.2
1.000000	0.000000	0.000000	0.000000	120.3
1.000000	0.000000	0.000000	0.000000	120.4
1.000000	0.000000	0.000000	0.000000	120.5
1.000000	0.000000	0.000000	0.000000	120.6
1.000000	0.000000	0.000000	0.000000	120.7
1.000000	0.000000	0.000000	0.000000	120.8
1.000000	0.000000	0.000000	0.000000	120.9
1.000000	0.000000	0.000000	0.000000	121.0
1.000000	0.000000	0.000000	0.000000	121.1
1.000000	0.000000	0.000000	0.000000	121.2
1.000000	0.000000	0.000000	0.000000	121.3
1.000000	0.000000	0.000000	0.000000	121.4
1.000000	0.000000	0.000000	0.000000	121.5
1.000000	0.000000	0.000000	0.000000	121.6
1.000000	0.000000	0.000000	0.000000	121.7
1.000000	0.000000	0.000000	0.000000	121.8
1.000000	0.000000	0.000000	0.000000	121.9
1.000000	0.000000	0.000000	0.000000	122.0
1.000000	0.000000	0.000000	0.000000	122.1
1.000000	0.000000	0.000000	0.000000	122.2
1.000000	0.000000	0.000000	0.000000	122.3
1.000000	0.000000	0.000000	0.000000	122.4
1.000000	0.000000	0.000000	0.000000	122.5
1.000000	0.000000	0.000000	0.000000	122.6
1.000000	0.000000	0.000000	0.000000	122.7
1.000000	0.000000	0.000000	0.000000	122.8
1.000000	0.000000	0.000000	0.000000	122.9
1.000000	0.000000	0.000000	0.000000	123.0
1.000000	0.000000	0.000000	0.000000	123.1
1.000000	0.000000	0.000000	0.000000	123.2
1.000000	0.000000	0.000000	0.000000	123.3
1.000000	0.000000	0.000000	0.000000	123.4
1.000000	0.000000	0.000000	0.000000	123.5
1.000000	0.000000	0.000000	0.000000	123.6
1.000000	0.000000	0.000000	0.000000	123.7
1.000000	0.000000	0.000000	0.000000	123.8
1.000000	0.000000	0.000000	0.000000	123.9
1.000000	0.000000	0.000000	0.000000	124.0
1.000000	0.000000	0.000000	0.000000	124.1
1.000000	0.000000	0.000000	0.000000	124.2
1.000000	0.000000	0.000000	0.000000	124.3
1.000000	0.000000	0.000000	0.000000	124.4
1.000000	0.000000	0.000000	0.000000	124.5
1.000000	0.000000	0.000000	0.000000	124.6
1.000000	0.000000	0.000000	0.000000	124.7
1.000000	0.000000	0.000000	0.000000	124.8
1.000000	0.000000	0.000000	0.000000	124.9
1.000000	0.000000	0.000000	0.000000	125.0
1.000000	0.000000	0.000000	0.000000	125.1
1.000000	0.000000	0.000000	0.000000	125.2
1.000000	0.000000	0.000000	0.000000	125.3
1.000000	0.000000	0.000000	0.000000	125.4
1.000000	0.000000	0.000000	0.000000	125.5
1.000000	0.000000	0.000000	0.000000	125.6
1.000000	0.000000	0.000000	0.000000	125.7
1.000000	0.000000	0.000000	0.000000	125.8
1.000000	0.000000	0.000000	0.000000	125.9
1.000000	0.000000	0.000000	0.000000	126.0
1.000000	0.000000	0.000000	0.000000	126.1
1.000000	0.000000	0.000000	0.000000	126.2
1.000000	0.000000	0.000000	0.000000	126.3
1.000000	0.000000	0.000000	0.000000	126.4
1.000000	0.000000	0.000000	0.000000	126.5
1.000000	0.000000	0.000000	0.000000	126.6
1.000000	0.000000	0.000000	0.000000	126.7
1.000000	0.000000	0.000000	0.000000	126.8
1.000000	0.000000	0.000000	0.000000	126.9
1.000000	0.000000	0.000000	0.000000	127.0
1.000000	0.000000	0.000000	0.000000	127.1
1.000000	0.000000	0.000000	0.000000	127.2
1.000000	0.000000	0.000000	0.000000	127.3
1.000000	0.000000	0.000000	0.000000	127.4
1.000000	0.000000	0.000000	0.000000	127.5
1.000000	0.000000	0.000000	0.000000	127.6
1.000000	0.000000	0.000000	0.000000	127.7
1.000000	0.000000	0.000000	0.000000	127.8
1.000000	0.000000	0.000000	0.000000	127.9
1.000000	0.000000	0.000000	0.000000	128.0
1.000000	0.000000	0.000000	0.000000	128.1
1.000000	0.000000	0.000000	0.000000	128.2
1.000000	0.000000	0.000000	0.000000	128.3
1.000000	0.000000	0.000000	0.000000	128.4
1.000000	0.000000	0.000000	0.000000	128.5
1.000000	0.000000	0.000000	0.000000	128.6
1.000000	0.000000	0.000000	0.000000	128.7
1.000000	0.000000	0.000000	0.000000	128.8
1.000000	0.000000	0.000000	0.000000	128.9
1.000000	0.000000	0.000000	0.000000	129.0
1.000000	0.000000	0.000000	0.000000	129.1
1.000000	0.000000	0.000000	0.000000	129.2
1.000000	0.000000	0.000000	0.000000	129.3
1.000000	0.000000	0.000000	0.000000	129.4
1.000000	0.000000	0.000000	0.000000	129.5
1.000000	0.000000	0.000000	0.000000	129.6
1.000000	0.000000	0.000000	0.000000	129.7
1.000000	0.000000	0.000000	0.000000	129.8
1.000000	0.000000	0.000000	0.000000	129.9
1.000000	0.000000	0.000000	0.000000	130.0
1.000000	0.000000	0.000000	0.000000	130.1
1.000000	0.000000	0.000000	0.000000	130.2
1.000000	0.000000	0.000000	0.000000	130.3
1.000000	0.000000	0.000000	0.000000	130.4
1.000000	0.000000	0.000000	0.000000	130.5
1.000000	0.000000	0.000000	0.000000	130.6
1.000000	0.000000	0.000000	0.000000	130.7
1.000000	0.000000	0.000000	0.000000	130.8
1.000000	0.000000	0.000000	0.000000	130.9
1.000000	0.000000	0.000000	0.000000	131.0
1.000000	0.000000	0.000000	0.000000	131.1
1.000000	0.000000	0.000000	0.000000	131.2
1.000000	0.000000	0.000000	0.000000	131.3
1.000000	0.000000	0.000000	0.000000	131.4
1.000000	0.000000	0.000000	0.000000	131.5
1.000000	0.000000	0.000000	0.000000	131.6
1.000000	0.000000	0.000000	0.000000	131.7
1.000000	0.000000	0.000000	0.000000	131.8
1.000000	0.000000	0.000000	0.000000	131.9
1.000000	0.000000	0.000000	0.000000	132.0
1.000000	0.000000	0.000000	0.000000	132.1
1.000000	0.000000	0.000000	0.000000	132.2
1.000000	0.000000	0.000000	0.000000	132.3
1.000000	0.000000	0.000000	0.000000	132.4
1.000000	0.000000	0.000000	0.000000	132.5
1.000000	0.000000	0.000000	0.000000	132.6
1.000000	0.000000	0.000000	0.000000	132.7
1.000000	0.000000	0.000000	0.000000	132.8
1.000000	0.000000	0.000000	0.000000	132.9
1.000000	0.000000	0.000000	0.000000	133.0
1.000000	0.000000	0.000000	0.000000	133.1
1.000000	0.000000	0.000000	0.000000	133.2
1.000000	0.000000	0.000000	0.000000	133.3
1.000000	0.000000	0.000000	0.000000	133.4
1.000000	0.000000	0.000000	0.000000	133.5
1.000000	0.000000	0.000000	0.000000	133.6
1.000000	0.000000	0.000000	0.000000	133.7
1.000000	0.000000	0.000000	0.000000	133.8
1.000000	0.000000	0.000000	0.000000	133.9
1.000000	0.000000	0.000000	0.000000	134.0
1.000000	0.000000	0.000000	0.000000	134.1
1.000000	0.000000	0.000000	0.000000	134.2
1.000000	0.000000	0.000000	0.000000	134.3
1.000000	0.000000	0.000000	0.000000	134.4
1.000000	0.000000	0.000000	0.000000	134.5
1.000000	0.000000	0.000000	0.000000	134.6
1.000000	0.000000	0.000000	0.000000	134.7
1.000000	0.000000	0.000000	0.000000	134.8
1.000000	0.000000	0.000000	0.000000	134.9
1.000000	0.000000	0.000000	0.000000	135.0
1.000000	0.000000	0.000000	0.000000	135.1
1.000000	0.000000	0.000000	0.000000	135.2
1.000000	0.000000	0.000000	0.000000	135.3
1.000000	0.000000	0.000000	0.000000	135.4
1.000000	0.000000	0.000000	0.000000	135.5
1.000000	0.000000	0.000000	0.000000	135.6
1.000000	0.000000	0.000000	0.000000	135.7
1.000000	0.000000	0.000000	0.000000	135.8
1.000000	0.000000	0.000000	0.000000	135.9
1.000000	0.000000	0.000000	0.000000	136.0
1.000000	0.000000	0.000000	0.000000	136.1
1.000000	0.000000	0.000000	0.000000	136.2
1.000000	0.000000	0.000000	0.000000	136.3
1.000000	0.000000	0.000000	0.000000	136.4
1.000000	0.000000	0.000000	0.000000	136.5
1.000000	0.000000	0.000000	0.000000	136.6
1.000000	0.000000	0.000000	0.000000	136.7
1.000000	0.000000	0.000000	0.000000	136.8
1.000000	0.000000	0.000000	0.000000	136.9
1.000000	0.000000	0.000000	0.000000	137.0
1.000000	0.000000	0.000000	0.000000	137.1
1.000000	0.000000	0.000000	0.000000	137.2
1.000000	0.000000	0.000000	0.000000	137.3
1.000000	0.000000	0.000000	0.000000	137.4
1.000000	0.000000	0.000000	0.000000	137.5
1.000000	0.000000	0.000000	0.000000	137.6
1.000000	0.000000	0.000000	0.000000	137.7
1.000000	0.000000	0.000000	0.000000	137.8
1.000000	0.000000	0.000000	0.000000	137.9
1.000000	0.000000	0.000000	0.000000	138.0
1.000000	0.000000	0.000000	0.000000	138.1
1.000000	0.000000	0.000000	0.000000	138.2
1.000000	0.000000	0.000000	0.000000	138.3
1.000000	0.000000	0.000000	0.000000	138.4
1.000000	0.000000	0.000000	0.000000	138.5
1.000000	0.000000	0.000000	0.000000	138.6
1.000000	0.000000	0.000000	0.000000	138.7
1.000000	0.000000	0.000000	0.000000	138.8
1.000000	0.000000	0.000000	0.000000	138.9
1.000000	0.000000	0.000000	0.000000	139.0
1.000000	0.000000	0.000000	0.000000	139.1
1.000000	0.000000	0.000000	0.000000	139.2
1.000000	0.000000	0.000000	0.000000	139.3
1.000000	0.000000	0.000000	0.000000	139.4
1.000000	0.000000	0.000000	0.000000	139.5
1.000000	0.000000	0.000000	0.000000	139.6
1.000000	0.000000	0.000000	0.000000	139.7
1.000000	0.000000	0.000000	0.000000	139.8
1.000000	0.000000	0.000000	0.000000	139.9
1.000000	0.000000	0.000000	0.000000	140.0
1.000000	0.000000	0.000000	0.000000	140.1
1.000000	0.000000	0.000000	0.000000	140.2
1.000000	0.000000	0.000000	0.000000	140.3
1.000000	0.000000	0.000000	0.000000	140.4
1.000000	0.000000	0.000000	0.000000	140.5
1.000000	0.000000	0.000000	0.000000	140.6
1.000000	0.000000	0.000000	0.000000	140.7
1.000000	0.000000	0.000000	0.000000	140.8
1.000000	0.000000	0.000000	0.000000	140.9
1.000000	0.000000	0.000000	0.000000	141.0
1.000000	0.000000	0.000000	0.000000	141.1
1.000000	0.000000	0.000000	0.000000	141.2
1.000000	0.000000	0.000000	0.000000	141.3
1.000000	0.000000	0.000000	0.000000	141.4
1.000000	0.000000	0.000000	0.000000	141.5
1.000000	0.000000	0.000000	0.000000	141.6
1.000000	0.000000	0.000000	0.000000	141.7
1.000000	0.000000	0.000000	0.000000	141.8
1.000000	0.000000	0.000000	0.000000	141.9
1.000000	0.000000	0.000000	0.000000	142.0
1.000000	0.000000	0.000000	0.000000	142.1
1.000000	0.000000	0.000000	0.000000	142.2
1.000000	0.000000	0.000000	0.000000	142.3
1.000000	0.000000	0.000000	0.000000	142.4
1.000000	0.000000	0.000000	0.000000	142.5
1.000000	0.000000	0.000000	0.000000	142.6
1.000000	0.000000	0.000000	0.000000	142.7
1.000000	0.000000	0.000000	0.000000	142.8
1.000000	0.000000	0.000000	0.000000	142.9
1.000000	0.000000	0.000000	0.000000	143.0
1.000000	0.000000	0.000000	0.000000	143.1
1.000000	0.000000	0.000000	0.000000	143.2
1.000000	0.000000	0.000000	0.000000	143.3
1.000000	0.000000	0.000000	0.000000	143.4
1.000000	0.000000	0.000000	0.000000	143.5
1.000000	0.000000	0.000000	0.000000	143.6
1.000000	0.000000	0.000000	0.000000	143.7
1.000000	0.000000	0.000000	0.000000	143.8
1.000000	0.000000	0.000000	0.000000	143.9
1.000000	0.000000	0.000000	0.000000	144.0
1.000000	0.000000	0.000000	0.000000	144.1
1.000000	0.000000	0.000000	0.000000	144.2
1.000000	0.000000	0.000000	0.000000	144.3
1.000000	0.000000	0.000000	0.000000	144.4
1.000000	0.000000	0.000000	0.000000	144.5
1.000000	0.000000	0.000000	0.000000	144.6
1.000000	0.000000	0.000000	0.000000	144.7
1.000000	0.000000	0.000000	0.000000	144.8
1.000000	0.000000	0.000000	0.000000	144.9
1.000000	0.000000	0.000000	0.000000	145.0
1.000000	0.000000	0.000000	0.000000	145.1
1.000000	0.000000	0.000000	0.000000	145.2
1.000000	0.000000	0.000000	0.000000	145.3
1.000000	0.000000	0.000000	0.000000	145.4
1.000000	0.000000	0.000000	0.000000	145.5
1.000000	0.000000	0.000000	0.000000	145.6
1.000000	0.000000	0.000000	0.000000	145.7
1.000000	0.000000	0.000000	0.000000	145.8
1.000000	0.000000	0.000000	0.000000	145.9
1.000000	0.000000	0.000000	0.000000	146.0
1.000000	0.000000	0.000000	0.000000	146.1
1.000000	0.000000	0.000000	0.000000	146.2
1.000000	0.000000	0.000000	0.000000	146.3
1.000000	0.000000	0.000000	0.000000	146.4
1.000000	0.000000	0.000000	0.000000	146.5
1.000000	0.000000	0.000000	0.000000	146.6
1.000000	0.000000	0.000000	0.000000	146.7
1.000000	0.000000	0.000000	0.000000	146.8
1.000000	0.000000	0.000000	0.000000	146.9
1.000000	0.000000	0.000000	0.000000	147.0
1.000000	0.000000	0.000000	0.000000	147.1
1.000000	0.000000	0.000000	0.000000	147.2
1.000000	0.000000	0.000000	0.000000	147.3
1.000000	0.000000	0.000000	0.000000	147.4
1.000000	0.000000	0.000000	0.000000	147.5
1.000000	0.000000	0.000000	0.000000	147.6
1.000000	0.000000	0.000000	0.000000	147.7
1.000000	0.000000	0.000000	0.000000	147.8
1.000000	0.000000	0.000000	0.000000	147.9
1.000000	0.000000	0.000000	0.000000	148.0
1.000000	0.000000	0.000000	0.000000	148.1
1.000000	0.000000	0.000000	0.000000	148.2
1.000000	0.000000	0.000000	0.000000	148.3
1.000000	0.000000	0.000000	0.000000	148.4
1.000000	0.000000	0.000000	0.000000	148.5
1.000000	0.000000	0.000000	0.000000	148.6
1.000000	0.000000	0.000000	0.000000	148.7
1.000000	0.000000	0.000000	0.000000	148.8
1.000000	0.000000	0.000000	0.000000	148.9
1.000000	0.000000	0.000000	0.000000	149.0
1.000000	0.000000	0.000000	0.000000	149.1
1.000000	0.000000	0.000000	0.000000	149.2
1.000000	0.000000	0.000000	0.000000	149.3
1.000000	0.000000	0.000000	0.000000	149.4
1.000000	0.000000	0.000000	0.000000	149.5
1.000000	0.000000	0.000000	0.000000	149.6
1.000000	0.000000	0.000000	0.000000	149.7
1.000000	0.000000	0.000000	0.000000	149.8
1.000000	0.000000	0.000000	0.000000	149.9
1.000000	0.000000	0.000000	0.000000	150.0
1.000000	0.000000	0.000000	0.000000	150.1
1.000000	0.000000	0.000000	0.000000	150.2
1.000000	0.000000	0.000000	0.000000	150.3
1.000000	0.000000	0.000000	0.000000	150.4
1.000000	0.000000	0.000000	0.000000	150.5
1.000000	0.000000	0.000000	0.000000	150.6
1.000000	0.000000	0.000000	0.000000	150.7
1.000000	0.000000	0.000000	0.000000	150.8
1.000000	0.000000	0.000000	0.000000	150.9
1.000000	0.000000	0.000000	0.000000	151.0
1.000000	0.000000	0.000000	0.000000	151.1
1.000000	0.000000	0.000000	0.000000	151.2
1.000000	0.000000	0.000000	0.000000	151.3
1.000000	0.000000	0.000000	0.000000	151.4
1.000000	0.000000	0.000000	0.000000	151.5
1.000000	0.000000	0.000000	0.000000	151.6
1.000000	0.000000	0.000000	0.000000	151.7
1.000000	0.000000	0.000000	0.000000	151.8
1.000000	0.000000	0.000000	0.000000	151.9
1.000000	0.000000	0.000000	0.000000	152.0
1.000000	0.000000	0.000000	0.000000	152.1
1.000000	0.000000	0.000000	0.000000	152.2
1.000000	0.000000	0.000000	0.000000	152.3
1.000000	0.000000	0.000000	0.000000	152.4
1.000000	0.000000	0.000000	0.000000	152.5
1.000000	0.000000	0.000000	0.000000	152.6
1.000000	0.000000	0.000000	0.000000	152.7
1.000000	0.000000	0.000000	0.000000	152.8
1.000000	0.000000	0.000000	0.000000	152.9
1.000000	0.000000	0.000000	0.000000	153.0
1.000000	0.000000	0.000000	0.000000	153.1
1.000000	0.000000	0.000000	0.000000	153.2
1.000000	0.000000	0.000000	0.000000	153.3
1.000000	0.000000	0.000000	0.000000	153.4
1.000000	0.000000	0.000000	0.000000	153.5
1.000000	0.000000	0.000000	0.000000	153.6
1.000000	0.000000	0.000000	0.000000	153.7
1.000000	0.000000	0.000000	0.000000	153.8
1.000000	0.000000	0.000000	0.000000	153.9
1.000000	0.000000	0.000000	0.000000	154.0
1.000000	0.000000	0.000000	0.000000	154.1
1.000000	0.000000	0.000000	0.000000	154.2
1.000000	0.000000	0.000000	0.000000	154.3
1.000000	0.000000	0.000000	0.000000	154.4
1.000000	0.000000	0.000000	0.000000	154.5
1.000000	0.000000	0.000000	0.000000	154.6
1.000000	0.000000	0.000000	0.000000	154.7
1.000000	0.000000	0.000000	0.000000	154.8
1.000000	0.000000	0.000000	0.000000	154.9
1.000000	0.000000	0.000000	0.000000	155.0
1.000000	0.000000	0.000000	0.000000	155.1
1.000000	0.000000	0.000000	0.000000	155.2
1.000000	0.000000	0.000000	0.000000	155.3
1.000000	0.000000	0.000000	0.000000	155.4
1.000000	0.000000	0.000000	0.000000	155.5
1.000000	0.000000	0.000000	0.000000	155.6
1.000000	0.000000	0.000000	0.000000	155.7
1.000000	0.000000	0.000000	0.000000	155.8
1.000000	0.000000	0.000000	0.000000	155.9
1.000000	0.000000	0.000000	0.000000	156.0
1.000000	0.000000	0.000000	0.000000	156.1
1.000000	0.000000	0.000000	0.000000	156.2
1.000000	0.000000	0.000000	0.000000	156.3
1.000000	0.000000	0.000000	0.000000	156.4
1.000000	0.000000	0.000000	0.000000	156.5
1.000000	0.000000	0.000000	0.000000	156.6
1.000000	0.000000	0.000000	0.000000	156.7
1.000000	0.000000	0.000000	0.000000	156.8
1.000000	0.000000	0.000000	0.000000	156.9
1.000000	0.000000	0.000000	0.000000	157.0
1.000000	0.000000	0.000000	0.000000	157.1
1.000000	0.000000	0.000000	0.000000	157.2
1.000000	0.000000	0.000000	0.000000	157.3
1.000000	0.000000	0.000000	0.000000	157.4
1.000000	0.000000	0.000000	0.000000	157.5
1.000000	0.000000	0.000000	0.000000	157.6
1.000000	0.000000	0.000000	0.000000	157.7
1.000000	0.000000	0.000000	0.000000	157.8
1.000000	0.000000	0.000000	0.000000	157.9
1.000000	0.000000	0.000000	0.000000	158.0
1.000000	0.000000	0.000000	0.000000	158.1
1.000000	0.000000	0.000000	0.000000	158.2
1.000000	0.000000	0.000000	0.000000	158.3
1.000000	0.000000	0.000000	0.000000	158.4
1.000000	0.000000	0.000000	0.000000	158.5
1.000000	0.000000	0.000000	0.000000	158.6
1.000000	0.000000	0.000000	0.000000	158.7
1.000000	0.000000	0.000000	0.000000	158.8
1.000000	0.000000	0.000000	0.000000	158.9
1.000000	0.000000	0.000000	0.000000	159.0
1.000000	0.000000	0.000000	0.000000	159.1
1.000000	0.000000	0.000000	0.000000	159.2
1.000000	0.000000	0.000000	0.000000	159.3
1.000000	0.000000	0.000000	0.000000	159.4
1.000000	0.000000	0.000000	0.000000	159.5
1.000000	0.000000	0.000000	0.000000	159.6
1.000000	0.000000	0.000000	0.000000	159.7
1.000000	0.000000	0.000000	0.000000	159.8
1.000000	0.000000	0.000000	0.000000	159.9
1.000000	0.000000	0.000000	0.000000	160.0
1.000000	0.000000	0.000000	0.000000	160.1
1.000000	0.000000	0.000000	0.000000	160.2
1.000000	0.000000	0.000000	0.000000	160.3
1.000000	0.000000	0.000000	0.000000	160.4
1.000000	0.000000	0.000000	0.000000	160.5
1.000000	0.000000	0.000000	0.000000	160.6
1.000000	0.000000	0.000000	0.000000	160.7
1.000000	0.000000	0.000000	0.000000	160.8
1.000000	0.000000	0.000000	0.000000	160.9
1.000000	0.000000	0.000000	0.000000	161.0
1.000000	0.000000	0.000000	0.000000	161.1
1.000000	0.000000	0.000000	0.000000	161.2
1.000000	0.000000	0.000000	0.000000	161.3
1.000000	0.000000	0.000000	0.000000	161.4
1.000000	0.000000	0.000000	0.000000	161.5
1.000000	0.000000	0.000000	0.000000	161.6
1.000000	0.000000	0.000000	0.000000	161.7
1.000000	0.000000	0.000000	0.000000	161.8
1.000000	0.000000	0.000000	0.000000	161.9
1.000000	0.000000	0.000000	0.000000	162.0
1.000000	0.000000	0.000000	0.000000	162.1
1.000000	0.000000	0.000000	0.000000	162.2
1.000000	0.000000	0.000000	0.000000	162.3
1.000000	0.000000	0.000000	0.000000	162.4
1.000000	0.000000	0.000000	0.000000	162.5
1.000000	0.000000	0.000000	0.000000	162.6
1.000000	0.000000	0.000000	0.000000	162.7
1.000000	0.000000	0.000000	0.000000	162.8
1.000000	0.000000	0.000000	0.000000	162.9
1.000000	0.000000	0.000000	0.000000	163.0
1.000000	0.000000	0.000000	0.000000	163.1
1.000000	0.000000	0.000000	0.000000	163.2
1.000000	0.000000	0.000000	0.000000	163.3
1.000000	0.000000	0.000000	0.000000	163.4
1.000000	0.000000	0.000000	0.000000	163.5
1.000000	0.000000	0.000000	0.000000	163.6
1.000000	0.000000	0.000000	0.000000	163.7
1.000000	0.000000	0.000000	0.000000	163.8
1.000000	0.000000	0.000000	0.000000	163.9
1.000000	0.000000	0.000000	0.000000	164.0
1.000000	0.000000	0.000000	0.000000	164.1
1.000000	0.000000	0.000000	0.000000	164.2
1.000000	0.000000	0.000000	0.000000	164.3
1.000000	0.000000	0.000000	0.000000	164.4
1.000000	0.000000	0.000000	0.000000	164.5
1.000000	0.000000	0.000000	0.000000	164.6
1.000000	0.000000	0.000000	0.000000	164.7
1.000000	0.000000	0.000000	0.000000	164.8
1.000000	0.000000	0.000000	0.000000	164.9
1.000000	0.000000	0.000000	0.000000	165.0
1.000000	0.000000	0.000000	0.000000	165.1
1.000000	0.000000	0.000000	0.000000	165.2
1.000000	0.000000	0.000000	0.000000	165.3
1.000000	0.000000	0.000000	0.000000	165.4
1.000000	0.000000	0.000000	0.000000	165.5
1.000000	0.000000	0.000000	0.000000	165.6
1.000000	0.000000	0.000000	0.000000	165.7
1.000000	0.000000	0.000000	0.000000	165.8
1.000000	0.000000	0.000000	0.000000	165.9
1.000000	0.000000	0.000000	0.000000	166.0
1.000000	0.000000	0.000000	0.000000	166.1
1.000000	0.000000	0.000000	0.000000	166.2
1.000000	0.000000	0.000000	0.000000	166.3
1.000000	0.000000	0.000000	0.000000	166.4
1.000000	0.000000	0.000000	0.000000	166.5
1.000000	0.000000	0.000000	0.000000	166.6
1.000000	0.000000	0.000000	0.000000	166.7
1.000000	0.000000	0.000000	0.000000	166.8
1.000000	0.000000	0.000000	0.000000	166.9
1.000000	0.000000	0.000000	0.000000	167.0
1.000000	0.000000	0.000000	0.000000	167.1
1.000000	0.000000	0.000000	0.000000	167.2
1.000000	0.000000	0.000000	0.000000	167.3
1.000000	0.000000	0.000000	0.000000	167.4
1.000000	0.000000	0.000000	0.000000	167.5
1.000000	0.000000	0.000000	0.000000	167.6
1.000000	0.000000	0.000000	0.000000	167.7
1.000000	0.000000	0.000000	0.000000	167.8
1.000000	0.000000	0.000000	0.000000	167.9
1.000000	0.000000	0.000000	0.000000	168.0
1.000000	0.000000	0.000000	0.000000	168.1
1.000000	0.000000	0.000000	0.000000	168.2
1.000000	0.000000	0.000000	0.000000	168.3
1.000000	0.000000	0.000000	0.000000	168.4
1.000000	0.000000	0.000000	0.000000	168.5
1.000000	0.000000	0.000000	0.000000	168.6
1.000000	0.000000	0.000000	0.000000	168.7
1.000000	0.000000	0.000000	0.000000	168.8
1.000000	0.000000	0.000000	0.000000	168.9
1.000000	0.000000	0.000000	0.000000	169.0
1.000000	0.000000	0.000000	0.000000	169.1
1.000000	0.000000	0.000000	0.000000	169.2
1.000000	0.000000	0.000000	0.000000	169.3
1.000000	0.000000	0.000000	0.000000	169.4
1.000000	0.000000	0.000000	0.000000	169.5
1.000000	0.000000	0.000000	0.000000	169.6
1.000000	0.000000	0.000000	0.000000	169.7
1.000000	0.000000	0.000000	0.000000	169.8
1.000000	0.000000	0.000000	0.000000	169.9
1.000000	0.000000	0.000000	0.000000	170.0
1.000000	0.000000	0.000000	0.000000	170.1
1.000000	0.000000	0.000000	0.000000	170.2
1.000000	0.000000	0.000000	0.000000	170.3
1.000000	0.000000	0.000000	0.000000	170.4
1.000000	0.000000	0.000000	0.000000	170.5
1.000000	0.000000	0.000000	0.000000	170.6
1.000000	0.000000	0.000000	0.000000	170.7
1.000000	0.000000	0.000000	0.000000	170.8
1.000000	0.000000	0.000000	0.000000	170.9
1.000000	0.000000	0.000000	0.000000	171.0
1.000000	0.000000	0.000000	0.000000	171.1
1.000000	0.000000	0.000000	0.000000	171.2
1.000000	0.000000	0.000000	0.000000	171.3
1.000000	0.000000	0.000000	0.000000	171.4
1.000000	0.000000	0.000000	0.000000	171.5
1.000000	0.000000	0.000000	0.000000	171.6
1.000000	0.000000	0.000000	0.000000	171.7
1.000000	0.000000	0.000000	0.000000	171.8
1.000000	0.000000	0.000000	0.000000	171.9
1.000000	0.000000	0.000000	0.000000	172.0
1.000000	0.000000	0.000000	0.000000	172.1
1.000000	0.000000	0.000000	0.000000	172.2
1.000000	0.000000	0.000000	0.000000	172.3
1.000000	0.000000	0.000000	0.000000	172.4
1.000000	0.000000	0.000000	0.000000	172.5
1.000000	0.000000	0.000000	0.000000	172.6
1.000000	0.000000	0.000000	0.000000	172.7
1.000000	0.000000	0.000000	0.000000	172.8
1.000000	0.000000	0.000000	0.000000	172.9
1.000000	0.000000	0.000000	0.000000	173.0
1.000000	0.000000	0.000000	0.000000	173.1
1.000000	0.000000	0.000000	0.000000	173.2
1.000000	0.000000	0.000000	0.000000	173.3
1.000000	0.000000	0.000000	0.000000	173.4
0.999998	0.000002	0.000000	0.000001	173.5
0.999983	0.000017	0.000000	0.000009	173.6
0.999864	0.000136	0.000000	0.000068	173.7
0.997934	0.002066	0.000000	0.001033	173.8
0.997934	0.002066	0.000000	0.001033	173.9
0.997934	0.002066	0.000000	0.001033	174.0
0.997934	0.002066	0.000000	0.001033	174.1
0.997935	0.002065	0.000000	0.001033	174.2
0.997935	0.002065	0.000000	0.001033	174.3
0.997935	0.002065	0.000000	0.001032	174.4
0.997936	0.002064	0.000000	0.001032	174.5
0.997936	0.002064	0.000000	0.001032	174.6
0.997936	0.002064	0.000000	0.001032	174.7
0.997936	0.002064	0.000000	0.001032	174.8
0.997936	0.002064	0.000000	0.001032	174.9
0.997936	0.002064	0.000000	0.001032	175.0
0.997936	0.002064	0.000000	0.001032	175.1
0.997936	0.002064	0.000000	0.001032	175.2
0.997936	0.002064	0.000000	0.001032	175.3
0.997937	0.002063	0.000000	0.001031	175.4
0.997937	0.002063	0.000000	0.001031	175.5
0.997938	0.002062	0.000000	0.001031	175.6
0.997937	0.002063	0.000000	0.001031	175.7
0.997938	0.002062	0.000000	0.001031	175.8
0.997938	0.002062	0.000000	0.001031	175.9
0.997938	0.002062	0.000000	0.001031	176.0
0.997938	0.002062	0.000000	0.001031	176.1
0.997938	0.002062	0.000000	0.001031	176.2
0.997938	0.002062	0.000000	0.001031	176.3
0.997938	0.002062	0.000000	0.001031	176.4
0.997938	0.002062	0.000000	0.001031	176.5
0.997939	0.002061	0.000000	0.001031	176.6
0.997939	0.002061	0.000000	0.001030	176.7
0.997939	0.002061	0.000000	0.001031	176.8
0.997939	0.002061	0.000000	0.001030	176.9
0.997939	0.002061	0.000000	0.001030	177.0
0.997939	0.002061	0.000000	0.001030	177.1
0.997940	0.002060	0.000000	0.001030	177.2
0.997938	0.002062	0.000000	0.001031	177.3
0.997936	0.002064	0.000000	0.001032	177.4
0.997936	0.002064	0.000000	0.001032	177.5
0.997936	0.002064	0.000000	0.001032	177.6
0.997937	0.002063	0.000000	0.001032	177.7
0.997937	0.002063	0.000000	0.001031	177.8
0.997937	0.002063	0.000000	0.001031	177.9
0.997938	0.002062	0.000000	0.001031	178.0
0.997937	0.002063	0.000000	0.001031	178.1
0.997937	0.002063	0.000000	0.001031	178.2
0.997937	0.002063	0.000000	0.001031	178.3
0.997937	0.002063	0.000000	0.001031	178.4
0.997937	0.002063	0.000000	0.001032	178.5
0.997930	0.002070	0.000000	0.001035	178.6
0.997929	0.002071	0.000000	0.001035	178.7
0.997929	0.002071	0.000000	0.001035	178.8
0.997929	0.002071	0.000000	0.001035	178.9
0.997928	0.002072	0.000000	0.001036	179.0
0.997928	0.002072	0.000000	0.001036	179.1
0.997929	0.002071	0.000000	0.001036	179.2
0.997928	0.002072	0.000000	0.001036	179.3
0.997929	0.002071	0.000000	0.001036	179.4
0.997928	0.002072	0.000000	0.001036	179.5
0.997928	0.002072	0.000000	0.001036	179.6
0.997927	0.002073	0.000000	0.001036	179.7
0.997925	0.002075	0.000000	0.001037	179.8
0.997913	0.002087	0.000000	0.001044	179.9
0.997913	0.002087	0.000000	0.001044	180.0
0.997892	0.002108	0.000000	0.001054	180.1
0.997886	0.002114	0.000000	0.001057	180.2
0.997885	0.002115	0.000000	0.001057	180.3
0.997885	0.002115	0.000000	0.001057	180.4
0.997885	0.002115	0.000000	0.001057	180.5
0.997666	0.002334	0.000000	0.001167	180.6
0.997645	0.002355	0.000000	0.001177	180.7
0.997579	0.002421	0.000000	0.001211	180.8
0.997565	0.002435	0.000000	0.001217	180.9
0.976901	0.023099	0.000000	0.011549	181.0
0.974934	0.025066	0.000000	0.012533	181.1
0.974754	0.025246	0.000000	0.012623	181.2
0.974573	0.025427	0.000000	0.012714	181.3
0.974391	0.025609	0.000000	0.012804	181.4
0.974208	0.025792	0.000000	0.012896	181.5
0.974024	0.025976	0.000000	0.012988	181.6
0.973839	0.026161	0.000000	0.013080	181.7
0.973653	0.026347	0.000000	0.013174	181.8
0.973466	0.026534	0.000000	0.013267	181.9
0.973277	0.026723	0.000000	0.013361	182.0
0.973088	0.026912	0.000000	0.013456	182.1
0.972897	0.027103	0.000000	0.013551	182.2
0.972706	0.027294	0.000000	0.013647	182.3
0.972513	0.027487	0.000000	0.013744	182.4
0.972319	0.027681	0.000000	0.013840	182.5
0.972124	0.027876	0.000000	0.013938	182.6
0.971928	0.028072	0.000000	0.014036	182.7
0.971731	0.028269	0.000000	0.014135	182.8
0.971533	0.028467	0.000000	0.014234	182.9
0.971333	0.028667	0.000000	0.014333	183.0
0.971133	0.028867	0.000000	0.014434	183.1
0.970931	0.029069	0.000000	0.014535	183.2
0.970728	0.029272	0.000000	0.014636	183.3
0.970524	0.029476	0.000000	0.014738	183.4
0.970319	0.029681	0.000000	0.014841	183.5
0.970112	0.029888	0.000000	0.014944	183.6
0.969905	0.030095	0.000000	0.015048	183.7
0.969696	0.030304	0.000000	0.015152	183.8
0.969486	0.030514	0.000000	0.015257	183.9
0.969275	0.030725	0.000000	0.015362	184.0
0.969063	0.030937	0.000000	0.015468	184.1
0.968850	0.031150	0.000000	0.015575	184.2
0.968635	0.031365	0.000000	0.015682	184.3
0.968420	0.031580	0.000000	0.015790	184.4
0.968203	0.031797	0.000000	0.015899	184.5
0.967984	0.032016	0.000000	0.016008	184.6
0.967765	0.032235	0.000000	0.016117	184.7
0.967544	0.032456	0.000000	0.016228	184.8
0.967323	0.032677	0.000000	0.016339	184.9
0.967100	0.032900	0.000000	0.016450	185.0
0.966875	0.033125	0.000000	0.016562	185.1
0.966650	0.033350	0.000000	0.016675	185.2
0.966423	0.033577	0.000000	0.016788	185.3
0.966195	0.033805	0.000000	0.016902	185.4
0.965966	0.034034	0.000000	0.017017	185.5
0.965736	0.034264	0.000000	0.017132	185.6
0.965504	0.034496	0.000000	0.017248	185.7
0.965271	0.034729	0.000000	0.017365	185.8
0.965037	0.034963	0.000000	0.017482	185.9
0.964801	0.035199	0.000000	0.017599	186.0
0.964564	0.035436	0.000000	0.017718	186.1
0.964326	0.035674	0.000000	0.017837	186.2
0.964087	0.035913	0.000000	0.017957	186.3
0.963846	0.036154	0.000000	0.018077	186.4
0.963604	0.036396	0.000000	0.018198	186.5
0.963361	0.036639	0.000000	0.018319	186.6
0.963117	0.036883	0.000000	0.018442	186.7
0.962871	0.037129	0.000000	0.018565	186.8
0.962624	0.037376	0.000000	0.018688	186.9
0.962375	0.037625	0.000000	0.018812	187.0
0.962126	0.037874	0.000000	0.018937	187.1
0.961875	0.038125	0.000000	0.019063	187.2
0.961622	0.038378	0.000000	0.019189	187.3
0.961368	0.038632	0.000000	0.019316	187.4
0.961113	0.038887	0.000000	0.019443	187.5
0.960857	0.039143	0.000000	0.019572	187.6
0.960599	0.039401	0.000000	0.019700	187.7
0.960340	0.039660	0.000000	0.019830	187.8
0.960080	0.039920	0.000000	0.019960	187.9
0.959818	0.040182	0.000000	0.020091	188.0
0.959555	0.040445	0.000000	0.020223	188.1
0.959290	0.040710	0.000000	0.020355	188.2
0.959024	0.040976	0.000000	0.020488	188.3
0.958757	0.041243	0.000000	0.020622	188.4
0.958488	0.041512	0.000000	0.020756	188.5
0.958218	0.041782	0.000000	0.020891	188.6
0.957947	0.042053	0.000000	0.021027	188.7
0.957674	0.042326	0.000000	0.021163	188.8
0.957400	0.042600	0.000000	0.021300	188.9
0.957124	0.042876	0.000000	0.021438	189.0
0.956847	0.043153	0.000000	0.021577	189.1
0.956568	0.043432	0.000000	0.021716	189.2
0.956288	0.043712	0.000000	0.021856	189.3
0.956007	0.043993	0.000000	0.021996	189.4
0.955724	0.044276	0.000000	0.022138	189.5
0.955440	0.044560	0.000000	0.022280	189.6
0.955155	0.044845	0.000000	0.022423	189.7
0.954867	0.045133	0.000000	0.022566	189.8
0.954579	0.045421	0.000000	0.022711	189.9
0.954289	0.045711	0.000000	0.022855	190.0
0.953998	0.046002	0.000000	0.023001	190.1
0.953705	0.046295	0.000000	0.023148	190.2
0.953410	0.046590	0.000000	0.023295	190.3
0.953115	0.046885	0.000000	0.023443	190.4
0.952817	0.047183	0.000000	0.023591	190.5
0.952519	0.047481	0.000000	0.023741	190.6
0.952218	0.047782	0.000000	0.023891	190.7
0.951917	0.048083	0.000000	0.024042	190.8
0.951614	0.048386	0.000000	0.024193	190.9
0.951309	0.048691	0.000000	0.024346	191.0
0.951003	0.048997	0.000000	0.024499	191.1
0.950695	0.049305	0.000000	0.024653	191.2
0.950386	0.049614	0.000000	0.024807	191.3
0.950075	0.049925	0.000000	0.024962	191.4
0.949763	0.050237	0.000000	0.025119	191.5
0.949449	0.050551	0.000000	0.025275	191.6
0.949134	0.050866	0.000000	0.025433	191.7
0.948817	0.051183	0.000000	0.025592	191.8
0.948499	0.051501	0.000000	0.025751	191.9
0.948179	0.051821	0.000000	0.025911	192.0
0.947857	0.052143	0.000000	0.026071	192.1
0.947534	0.052466	0.000000	0.026233	192.2
0.947210	0.052790	0.000000	0.026395	192.3
0.946884	0.053116	0.000000	0.026558	192.4
0.946556	0.053444	0.000000	0.026722	192.5
0.946227	0.053773	0.000000	0.026886	192.6
0.945896	0.054104	0.000000	0.027052	192.7
0.945564	0.054436	0.000000	0.027218	192.8
0.945230	0.054770	0.000000	0.027385	192.9
0.944895	0.055105	0.000000	0.027553	193.0
0.944558	0.055442	0.000000	0.027721	193.1
0.944219	0.055781	0.000000	0.027891	193.2
0.943879	0.056121	0.000000	0.028061	193.3
0.943537	0.056463	0.000000	0.028232	193.4
0.943193	0.056807	0.000000	0.028403	193.5
0.942848	0.057152	0.000000	0.028576	193.6
0.942502	0.057498	0.000000	0.028749	193.7
0.942153	0.057847	0.000000	0.028923	193.8
0.941804	0.058196	0.000000	0.029098	193.9
0.941452	0.058548	0.000000	0.029274	194.0
0.941099	0.058901	0.000000	0.029451	194.1
0.940744	0.059256	0.000000	0.029628	194.2
0.940388	0.059612	0.000000	0.029806	194.3
0.940030	0.059970	0.000000	0.029985	194.4
0.939670	0.060330	0.000000	0.030165	194.5
0.939309	0.060691	0.000000	0.030346	194.6
0.938946	0.061054	0.000000	0.030527	194.7
0.938581	0.061419	0.000000	0.030709	194.8
0.938215	0.061785	0.000000	0.030893	194.9
0.937847	0.062153	0.000000	0.031076	195.0
0.937477	0.062523	0.000000	0.031261	195.1
0.937106	0.062894	0.000000	0.031447	195.2
0.936733	0.063267	0.000000	0.031633	195.3
0.936359	0.063641	0.000000	0.031821	195.4
0.935982	0.064018	0.000000	0.032009	195.5
0.935604	0.064396	0.000000	0.032198	195.6
0.935225	0.064775	0.000000	0.032388	195.7
0.934843	0.065157	0.000000	0.032578	195.8
0.934460	0.065540	0.000000	0.032770	195.9
0.934076	0.065924	0.000000	0.032962	196.0
0.933689	0.066311	0.000000	0.033155	196.1
0.933301	0.066699	0.000000	0.033350	196.2
0.932911	0.067089	0.000000	0.033544	196.3
0.932519	0.067480	0.000000	0.033740	196.4
0.932126	0.067874	0.000000	0.033937	196.5
0.931731	0.068269	0.000000	0.034134	196.6
0.931334	0.068666	0.000000	0.034333	196.7
0.930936	0.069064	0.000000	0.034532	196.8
0.930536	0.069464	0.000000	0.034732	196.9
0.930134	0.069866	0.000000	0.034933	197.0
0.929730	0.070270	0.000000	0.035135	197.1
0.929325	0.070675	0.000000	0.035338	197.2
0.928918	0.071082	0.000000	0.035541	197.3
0.928509	0.071491	0.000000	0.035746	197.4
0.928098	0.071902	0.000000	0.035951	197.5
0.927686	0.072314	0.000000	0.036157	197.6
0.927271	0.072729	0.000000	0.036364	197.7
0.926855	0.073145	0.000000	0.036572	197.8
0.926438	0.073562	0.000000	0.036781	197.9
0.926018	0.073982	0.000000	0.036991	198.0
0.925597	0.074403	0.000000	0.037202	198.1
0.925174	0.074826	0.000000	0.037413	198.2
0.924749	0.075251	0.000000	0.037625	198.3
0.924322	0.075677	0.000000	0.037839	198.4
0.923894	0.076106	0.000000	0.038053	198.5
0.923464	0.076536	0.000000	0.038268	198.6
0.923032	0.076968	0.000000	0.038484	198.7
0.922598	0.077402	0.000000	0.038701	198.8
0.922163	0.077837	0.000000	0.038919	198.9
0.921725	0.078275	0.000000	0.039137	199.0
0.921286	0.078714	0.000000	0.039357	199.1
0.920845	0.079155	0.000000	0.039577	199.2
0.920402	0.079598	0.000000	0.039799	199.3
0.919958	0.080042	0.000000	0.040021	199.4
0.919511	0.080489	0.000000	0.040244	199.5
0.919063	0.080937	0.000000	0.040468	199.6
0.918613	0.081387	0.000000	0.040694	199.7
0.918161	0.081839	0.000000	0.040919	199.8
0.917707	0.082293	0.000000	0.041146	199.9
0.917252	0.082748	0.000000	0.041374	200.0
0.916794	0.083205	0.000000	0.041603	200.1
0.916335	0.083665	0.000000	0.041832	200.2
0.915874	0.084126	0.000000	0.042063	200.3
0.915411	0.084589	0.000000	0.042294	200.4
0.914947	0.085053	0.000000	0.042527	200.5
0.914480	0.085520	0.000000	0.042760	200.6
0.914011	0.085988	0.000000	0.042994	200.7
0.913541	0.086459	0.000000	0.043229	200.8
0.913069	0.086931	0.000000	0.043466	200.9
0.912595	0.087405	0.000000	0.043703	201.0
0.912119	0.087881	0.000000	0.043940	201.1
0.911641	0.088359	0.000000	0.044179	201.2
0.911162	0.088838	0.000000	0.044419	201.3
0.910680	0.089320	0.000000	0.044660	201.4
0.910197	0.089803	0.000000	0.044902	201.5
0.909712	0.090288	0.000000	0.045144	201.6
0.909225	0.090775	0.000000	0.045388	201.7
0.908736	0.091264	0.000000	0.045632	201.8
0.908245	0.091755	0.000000	0.045878	201.9
0.907752	0.092248	0.000000	0.046124	202.0
0.907258	0.092742	0.000000	0.046371	202.1
0.906761	0.093239	0.000000	0.046620	202.2
0.906263	0.093737	0.000000	0.046869	202.3
0.905762	0.094238	0.000000	0.047119	202.4
0.905260	0.094740	0.000000	0.047370	202.5
0.904756	0.095244	0.000000	0.047622	202.6
0.904250	0.095750	0.000000	0.047875	202.7
0.903742	0.096258	0.000000	0.048129	202.8
0.903232	0.096767	0.000000	0.048384	202.9
0.902721	0.097279	0.000000	0.048640	203.0
0.902207	0.097793	0.000000	0.048896	203.1
0.901692	0.098308	0.000000	0.049154	203.2
0.901174	0.098826	0.000000	0.049413	203.3
0.900655	0.099345	0.000000	0.049673	203.4
0.900134	0.099866	0.000000	0.049933	203.5
0.899611	0.100389	0.000000	0.050195	203.6
0.899086	0.100914	0.000000	0.050457	203.7
0.898559	0.101441	0.000000	0.050721	203.8
0.898030	0.101970	0.000000	0.050985	203.9
0.897499	0.102501	0.000000	0.051251	204.0
0.896966	0.103034	0.000000	0.051517	204.1
0.896432	0.103568	0.000000	0.051784	204.2
0.895895	0.104105	0.000000	0.052053	204.3
0.895356	0.104643	0.000000	0.052322	204.4
0.894816	0.105184	0.000000	0.052592	204.5
0.894274	0.105726	0.000000	0.052863	204.6
0.893729	0.106271	0.000000	0.053135	204.7
0.893183	0.106817	0.000000	0.053408	204.8
0.892635	0.107365	0.000000	0.053683	204.9
0.892085	0.107915	0.000000	0.053958	205.0
0.891533	0.108467	0.000000	0.054234	205.1
0.890979	0.109021	0.000000	0.054511	205.2
0.890423	0.109577	0.000000	0.054789	205.3
0.889865	0.110135	0.000000	0.055067	205.4
0.889305	0.110695	0.000000	0.055347	205.5
0.888744	0.111256	0.000000	0.055628	205.6
0.888180	0.111820	0.000000	0.055910	205.7
0.887614	0.112386	0.000000	0.056193	205.8
0.887047	0.112953	0.000000	0.056477	205.9
0.886477	0.113523	0.000000	0.056761	206.0
0.885906	0.114094	0.000000	0.057047	206.1
0.885332	0.114667	0.000000	0.057334	206.2
0.884757	0.115243	0.000000	0.057622	206.3
0.884180	0.115820	0.000000	0.057910	206.4
0.883601	0.116399	0.000000	0.058200	206.5
0.883019	0.116980	0.000000	0.058490	206.6
0.882436	0.117564	0.000000	0.058782	206.7
0.881851	0.118149	0.000000	0.059074	206.8
0.881264	0.118736	0.000000	0.059368	206.9
0.880675	0.119325	0.000000	0.059663	207.0
0.880084	0.119916	0.000000	0.059958	207.1
0.879491	0.120509	0.000000	0.060254	207.2
0.878896	0.121103	0.000000	0.060552	207.3
0.878300	0.121700	0.000000	0.060850	207.4
0.877701	0.122299	0.000000	0.061150	207.5
0.877100	0.122900	0.000000	0.061450	207.6
0.876498	0.123502	0.000000	0.061751	207.7
0.875893	0.124107	0.000000	0.062054	207.8
0.875286	0.124713	0.000000	0.062357	207.9
0.874678	0.125322	0.000000	0.062661	208.0
0.874067	0.125932	0.000000	0.062966	208.1
0.873455	0.126545	0.000000	0.063273	208.2
0.872841	0.127159	0.000000	0.063580	208.3
0.872224	0.127776	0.000000	0.063888	208.4
0.871606	0.128394	0.000000	0.064197	208.5
0.870986	0.129014	0.000000	0.064507	208.6
0.870364	0.129636	0.000000	0.064818	208.7
0.869739	0.130260	0.000000	0.065130	208.8
0.869113	0.130887	0.000000	0.065443	208.9
0.868485	0.131515	0.000000	0.065757	209.0
0.867855	0.132145	0.000000	0.066072	209.1
0.867223	0.132777	0.000000	0.066388	209.2
0.866589	0.133410	0.000000	0.066705	209.3
0.865954	0.134046	0.000000	0.067023	209.4
0.865316	0.134684	0.000000	0.067342	209.5
0.864676	0.135324	0.000000	0.067662	209.6
0.864034	0.135965	0.000000	0.067983	209.7
0.863391	0.136609	0.000000	0.068305	209.8
0.862745	0.137255	0.000000	0.068628	209.9
0.862098	0.137902	0.000000	0.068951	210.0
0.861448	0.138552	0.000000	0.069276	210.1
0.860797	0.139203	0.000000	0.069602	210.2
0.860143	0.139856	0.000000	0.069928	210.3
0.859488	0.140512	0.000000	0.070256	210.4
0.858831	0.141169	0.000000	0.070585	210.5
0.858172	0.141828	0.000000	0.070914	210.6
0.857510	0.142489	0.000000	0.071245	210.7
0.856847	0.143152	0.000000	0.071576	210.8
0.856182	0.143817	0.000000	0.071909	210.9
0.855515	0.144484	0.000000	0.072242	211.0
0.854847	0.145153	0.000000	0.072577	211.1
0.854176	0.145824	0.000000	0.072912	211.2
0.853503	0.146497	0.000000	0.073249	211.3
0.852828	0.147171	0.000000	0.073586	211.4
0.852152	0.147848	0.000000	0.073924	211.5
0.851473	0.148526	0.000000	0.074263	211.6
0.850793	0.149207	0.000000	0.074604	211.7
0.850111	0.149889	0.000000	0.074945	211.8
0.849426	0.150573	0.000000	0.075287	211.9
0.848740	0.151260	0.000000	0.075630	212.0
0.848052	0.151948	0.000000	0.075974	212.1
0.847362	0.152638	0.000000	0.076319	212.2
0.846670	0.153330	0.000000	0.076665	212.3
0.845976	0.154023	0.000000	0.077012	212.4
0.845281	0.154719	0.000000	0.077360	212.5
0.844583	0.155417	0.000000	0.077709	212.6
0.843883	0.156116	0.000000	0.078059	212.7
0.843182	0.156818	0.000000	0.078409	212.8
0.842478	0.157521	0.000000	0.078761	212.9
0.841773	0.158226	0.000000	0.079114	213.0
0.841066	0.158934	0.000000	0.079467	213.1
0.840357	0.159643	0.000000	0.079822	213.2
0.839646	0.160354	0.000000	0.080177	213.3
0.838933	0.161066	0.000000	0.080534	213.4
0.838218	0.161781	0.000000	0.080891	213.5
0.837502	0.162498	0.000000	0.081249	213.6
0.836783	0.163216	0.000000	0.081609	213.7
0.836063	0.163937	0.000000	0.081969	213.8
0.835341	0.164659	0.000000	0.082330	213.9
0.834617	0.165383	0.000000	0.082692	214.0
0.833891	0.166109	0.000000	0.083055	214.1
0.833163	0.166837	0.000000	0.083419	214.2
0.832433	0.167567	0.000000	0.083784	214.3
0.831701	0.168298	0.000000	0.084150	214.4
0.830968	0.169032	0.000000	0.084516	214.5
0.830233	0.169767	0.000000	0.084884	214.6
0.829496	0.170504	0.000000	0.085252	214.7
0.828756	0.171243	0.000000	0.085622	214.8
0.828016	0.171984	0.000000	0.085992	214.9
0.827273	0.172727	0.000000	0.086364	215.0
0.826528	0.173471	0.000001	0.086736	215.1
0.825782	0.174217	0.000001	0.087109	215.2
0.825034	0.174966	0.000001	0.087483	215.3
0.824284	0.175716	0.000001	0.087858	215.4
0.823532	0.176468	0.000001	0.088234	215.5
0.822778	0.177221	0.000001	0.088611	215.6
0.822023	0.177977	0.000001	0.088989	215.7
0.821265	0.178734	0.000001	0.089368	215.8
0.820506	0.179493	0.000001	0.089747	215.9
0.819745	0.180254	0.000001	0.090128	216.0
0.818982	0.181017	0.000001	0.090509	216.1
0.818218	0.181782	0.000001	0.090891	216.2
0.817451	0.182548	0.000001	0.091275	216.3
0.816683	0.183316	0.000001	0.091659	216.4
0.815913	0.184086	0.000001	0.092044	216.5
0.815142	0.184858	0.000001	0.092430	216.6
0.814368	0.185631	0.000001	0.092816	216.7
0.813593	0.186407	0.000001	0.093204	216.8
0.812816	0.187184	0.000001	0.093593	216.9
0.812037	0.187963	0.000001	0.093982	217.0
0.811256	0.188743	0.000001	0.094372	217.1
0.810474	0.189526	0.000001	0.094763	217.2
0.809690	0.190310	0.000001	0.095156	217.3
0.808904	0.191096	0.000001	0.095549	217.4
0.808116	0.191883	0.000001	0.095942	217.5
0.807327	0.192673	0.000001	0.096337	217.6
0.806535	0.193464	0.000001	0.096733	217.7
0.805743	0.194257	0.000001	0.097129	217.8
0.804948	0.195051	0.000001	0.097526	217.9
0.804152	0.195848	0.000001	0.097925	218.0
0.803354	0.196646	0.000001	0.098324	218.1
0.802554	0.197445	0.000001	0.098723	218.2
0.801752	0.198247	0.000001	0.099124	218.3
0.800949	0.199050	0.000001	0.099526	218.4
0.800144	0.199855	0.000001	0.099928	218.5
0.799338	0.200662	0.000001	0.100332	218.6
0.798529	0.201470	0.000001	0.100736	218.7
0.797719	0.202280	0.000001	0.101141	218.8
0.796908	0.203092	0.000001	0.101547	218.9
0.796094	0.203905	0.000001	0.101953	219.0
0.795279	0.204720	0.000001	0.102361	219.1
0.794463	0.205537	0.000001	0.102769	219.2
0.793644	0.206355	0.000001	0.103178	219.3
0.792824	0.207175	0.000001	0.103588	219.4
0.792002	0.207997	0.000001	0.103999	219.5
0.791179	0.208820	0.000001	0.104411	219.6
0.790354	0.209645	0.000001	0.104823	219.7
0.789528	0.210471	0.000001	0.105237	219.8
0.788699	0.211300	0.000001	0.105651	219.9
0.787869	0.212130	0.000001	0.106066	220.0
0.787038	0.212961	0.000001	0.106482	220.1
0.786205	0.213794	0.000001	0.106898	220.2
0.785370	0.214629	0.000001	0.107315	220.3
0.784534	0.215465	0.000001	0.107734	220.4
0.783696	0.216303	0.000001	0.108153	220.5
0.782856	0.217143	0.000001	0.108572	220.6
0.782015	0.217984	0.000001	0.108993	220.7
0.781173	0.218826	0.000001	0.109414	220.8
0.780328	0.219671	0.000001	0.109836	220.9
0.779482	0.220516	0.000001	0.110259	221.0
0.778635	0.221364	0.000001	0.110683	221.1
0.777786	0.222213	0.000001	0.111108	221.2
0.776936	0.223063	0.000001	0.111533	221.3
0.776083	0.223915	0.000001	0.111959	221.4
0.775230	0.224769	0.000001	0.112386	221.5
0.774375	0.225624	0.000001	0.112813	221.6
0.773518	0.226481	0.000001	0.113242	221.7
0.772660	0.227339	0.000001	0.113671	221.8
0.771800	0.228199	0.000001	0.114101	221.9
0.770939	0.229060	0.000001	0.114531	222.0
0.770076	0.229922	0.000001	0.114963	222.1
0.769212	0.230787	0.000001	0.115395	222.2
0.768346	0.231652	0.000001	0.115828	222.3
0.767479	0.232519	0.000001	0.116261	222.4
0.766610	0.233388	0.000001	0.116695	222.5
0.765740	0.234258	0.000001	0.117131	222.6
0.764869	0.235130	0.000001	0.117566	222.7
0.763996	0.236003	0.000001	0.118003	222.8
0.763121	0.236877	0.000002	0.118440	222.9
0.762245	0.237753	0.000002	0.118878	223.0
0.761368	0.238631	0.000002	0.119317	223.1
0.760489	0.239509	0.000002	0.119756	223.2
0.759609	0.240390	0.000002	0.120196	223.3
0.758727	0.241271	0.000002	0.120637	223.4
0.757844	0.242154	0.000002	0.121079	223.5
0.756959	0.243039	0.000002	0.121521	223.6
0.756074	0.243925	0.000002	0.121964	223.7
0.755186	0.244812	0.000002	0.122408	223.8
0.754298	0.245701	0.000002	0.122852	223.9
0.753408	0.246591	0.000002	0.123297	224.0
0.752516	0.247482	0.000002	0.123743	224.1
0.751623	0.248375	0.000002	0.124189	224.2
0.750729	0.249269	0.000002	0.124636	224.3
0.749834	0.250164	0.000002	0.125084	224.4
0.748937	0.251061	0.000002	0.125532	224.5
0.748039	0.251959	0.000002	0.125981	224.6
0.747139	0.252859	0.000002	0.126431	224.7
0.746239	0.253759	0.000002	0.126882	224.8
0.745337	0.254661	0.000002	0.127333	224.9
0.744433	0.255565	0.000002	0.127784	225.0
0.743529	0.256469	0.000002	0.128237	225.1
0.742623	0.257375	0.000002	0.128690	225.2
0.741715	0.258283	0.000002	0.129143	225.3
0.740807	0.259191	0.000002	0.129598	225.4
0.739897	0.260101	0.000002	0.130053	225.5
0.738986	0.261012	0.000002	0.130508	225.6
0.738074	0.261924	0.000002	0.130964	225.7
0.737160	0.262838	0.000002	0.131421	225.8
0.736245	0.263753	0.000002	0.131879	225.9
0.735329	0.264669	0.000002	0.132337	226.0
0.734412	0.265586	0.000002	0.132795	226.1
0.733493	0.266504	0.000002	0.133254	226.2
0.732574	0.267424	0.000002	0.133714	226.3
0.731653	0.268345	0.000002	0.134175	226.4
0.730731	0.269267	0.000002	0.134636	226.5
0.729808	0.270190	0.000002	0.135097	226.6
0.728883	0.271114	0.000002	0.135560	226.7
0.727958	0.272040	0.000003	0.136022	226.8
0.727031	0.272967	0.000003	0.136486	226.9
0.726103	0.273894	0.000003	0.136950	227.0
0.725174	0.274823	0.000003	0.137414	227.1
0.724244	0.275754	0.000003	0.137879	227.2
0.723313	0.276685	0.000003	0.138345	227.3
0.722380	0.277617	0.000003	0.138811	227.4
0.721447	0.278551	0.000003	0.139278	227.5
0.720512	0.279485	0.000003	0.139745	227.6
0.719576	0.280421	0.000003	0.140213	227.7
0.718639	0.281358	0.000003	0.140682	227.8
0.717702	0.282296	0.000003	0.141151	227.9
0.716763	0.283234	0.000003	0.141620	228.0
0.715823	0.284174	0.000003	0.142090	228.1
0.714882	0.285115	0.000003	0.142561	228.2
0.713939	0.286057	0.000003	0.143032	228.3
0.712996	0.287001	0.000003	0.143503	228.4
0.712052	0.287945	0.000003	0.143975	228.5
0.711107	0.288890	0.000003	0.144448	228.6
0.710161	0.289836	0.000003	0.144921	228.7
0.709214	0.290783	0.000003	0.145395	228.8
0.708265	0.291731	0.000003	0.145869	228.9
0.707316	0.292680	0.000003	0.146344	229.0
0.706366	0.293631	0.000003	0.146819	229.1
0.705415	0.294582	0.000003	0.147294	229.2
0.704463	0.295534	0.000003	0.147770	229.3
0.703510	0.296487	0.000003	0.148247	229.4
0.702556	0.297441	0.000004	0.148724	229.5
0.701601	0.298395	0.000004	0.149201	229.6
0.700645	0.299351	0.000004	0.149679	229.7
0.699688	0.300308	0.000004	0.150158	229.8
0.698731	0.301266	0.000004	0.150637	229.9
0.697772	0.302224	0.000004	0.151116	230.0
0.696813	0.303184	0.000004	0.151596	230.1
0.695852	0.304144	0.000004	0.152076	230.2
0.694891	0.305105	0.000004	0.152556	230.3
0.693929	0.306067	0.000004	0.153037	230.4
0.692966	0.307030	0.000004	0.153519	230.5
0.692002	0.307994	0.000004	0.154001	230.6
0.691038	0.308958	0.000004	0.154483	230.7
0.690072	0.309924	0.000004	0.154966	230.8
0.689106	0.310890	0.000004	0.155449	230.9
0.688139	0.311857	0.000004	0.155933	231.0
0.687171	0.312825	0.000004	0.156417	231.1
0.686202	0.313793	0.000004	0.156901	231.2
0.685233	0.314763	0.000004	0.157386	231.3
0.684263	0.315733	0.000004	0.157871	231.4
0.683292	0.316704	0.000005	0.158356	231.5
0.682320	0.317676	0.000005	0.158842	231.6
0.681347	0.318648	0.000005	0.159329	231.7
0.680374	0.319621	0.000005	0.159815	231.8
0.679400	0.320595	0.000005	0.160302	231.9
0.678425	0.321570	0.000005	0.160790	232.0
0.677450	0.322545	0.000005	0.161277	232.1
0.676474	0.323521	0.000005	0.161766	232.2
0.675497	0.324498	0.000005	0.162254	232.3
0.674519	0.325476	0.000005	0.162743	232.4
0.673541	0.326454	0.000005	0.163232	232.5
0.672562	0.327433	0.000005	0.163721	232.6
0.671583	0.328412	0.000005	0.164211	232.7
0.670603	0.329392	0.000005	0.164701	232.8
0.669622	0.330373	0.000005	0.165192	232.9
0.668640	0.331354	0.000005	0.165683	233.0
0.667658	0.332336	0.000005	0.166174	233.1
0.666675	0.333319	0.000006	0.166665	233.2
0.665692	0.334302	0.000006	0.167157	233.3
0.664708	0.335286	0.000006	0.167649	233.4
0.663724	0.336271	0.000006	0.168141	233.5
0.662739	0.337256	0.000006	0.168634	233.6
0.661753	0.338241	0.000006	0.169126	233.7
0.660767	0.339227	0.000006	0.169620	233.8
0.659780	0.340214	0.000006	0.170113	233.9
0.658793	0.341201	0.000006	0.170607	234.0
0.657805	0.342189	0.000006	0.171101	234.1
0.656817	0.343177	0.000006	0.171595	234.2
0.655828	0.344166	0.000006	0.172089	234.3
0.654838	0.345155	0.000006	0.172584	234.4
0.653848	0.346145	0.000006	0.173079	234.5
0.652858	0.347136	0.000007	0.173574	234.6
0.651867	0.348126	0.000007	0.174070	234.7
0.650876	0.349118	0.000007	0.174565	234.8
0.649884	0.350109	0.000007	0.175061	234.9
0.648892	0.351101	0.000007	0.175558	235.0
0.647899	0.352094	0.000007	0.176054	235.1
0.646906	0.353087	0.000007	0.176550	235.2
0.645912	0.354081	0.000007	0.177047	235.3
0.644918	0.355074	0.000007	0.177544	235.4
0.643924	0.356069	0.000007	0.178042	235.5
0.642929	0.357063	0.000007	0.178539	235.6
0.641934	0.358058	0.000007	0.179037	235.7
0.640939	0.359054	0.000007	0.179534	235.8
0.639943	0.360050	0.000008	0.180032	235.9
0.638947	0.361046	0.000008	0.180531	236.0
0.637950	0.362042	0.000008	0.181029	236.1
0.636953	0.363039	0.000008	0.181527	236.2
0.635956	0.364036	0.000008	0.182026	236.3
0.634958	0.365034	0.000008	0.182525	236.4
0.633960	0.366032	0.000008	0.183024	236.5
0.632962	0.367030	0.000008	0.183523	236.6
0.631963	0.368028	0.000008	0.184022	236.7
0.630965	0.369027	0.000008	0.184522	236.8
0.629965	0.370026	0.000008	0.185022	236.9
0.628966	0.371025	0.000009	0.185521	237.0
0.627966	0.372025	0.000009	0.186021	237.1
0.626967	0.373025	0.000009	0.186521	237.2
0.625966	0.374025	0.000009	0.187021	237.3
0.624966	0.375025	0.000009	0.187521	237.4
0.623965	0.376025	0.000009	0.188022	237.5
0.622965	0.377026	0.000009	0.188522	237.6
0.621964	0.378027	0.000009	0.189023	237.7
0.620962	0.379028	0.000009	0.189523	237.8
0.619961	0.380029	0.000009	0.190024	237.9
0.618959	0.381031	0.000010	0.190525	238.0
0.617958	0.382033	0.000010	0.191026	238.1
0.616956	0.383034	0.000010	0.191527	238.2
0.615954	0.384036	0.000010	0.192028	238.3
0.614952	0.385038	0.000010	0.192529	238.4
0.613949	0.386041	0.000010	0.193030	238.5
0.612947	0.387043	0.000010	0.193532	238.6
0.611944	0.388045	0.000010	0.194033	238.7
0.610941	0.389048	0.000010	0.194534	238.8
0.609939	0.390051	0.000011	0.195036	238.9
0.608936	0.391054	0.000011	0.195537	239.0
0.607933	0.392056	0.000011	0.196039	239.1
0.606930	0.393059	0.000011	0.196541	239.2
0.605927	0.394062	0.000011	0.197042	239.3
0.604924	0.395065	0.000011	0.197544	239.4
0.603920	0.396068	0.000011	0.198045	239.5
0.602917	0.397071	0.000011	0.198547	239.6
0.601914	0.398075	0.000012	0.199049	239.7
0.600911	0.399078	0.000012	0.199551	239.8
0.599907	0.400081	0.000012	0.200052	239.9
0.598904	0.401084	0.000012	0.200554	240.0
0.597901	0.402087	0.000012	0.201056	240.1
0.596897	0.403090	0.000012	0.201557	240.2
0.595894	0.404094	0.000012	0.202059	240.3
0.594891	0.405097	0.000012	0.202561	240.4
0.593888	0.406100	0.000013	0.203062	240.5
0.592885	0.407103	0.000013	0.203564	240.6
0.591882	0.408106	0.000013	0.204066	240.7
0.590879	0.409108	0.000013	0.204567	240.8
0.589876	0.410111	0.000013	0.205069	240.9
0.588873	0.411114	0.000013	0.205570	241.0
0.587870	0.412117	0.000013	0.206072	241.1
0.586867	0.413119	0.000014	0.206573	241.2
0.585865	0.414121	0.000014	0.207074	241.3
0.584862	0.415124	0.000014	0.207576	241.4
0.583860	0.416126	0.000014	0.208077	241.5
0.582858	0.417128	0.000014	0.208578	241.6
0.581856	0.418130	0.000014	0.209079	241.7
0.580854	0.419131	0.000014	0.209580	241.8
0.579852	0.420133	0.000015	0.210081	241.9
0.578851	0.421134	0.000015	0.210582	242.0
0.577850	0.422135	0.000015	0.211083	242.1
0.576848	0.423136	0.000015	0.211583	242.2
0.575848	0.424137	0.000015	0.212084	242.3
0.574847	0.425138	0.000015	0.212584	242.4
0.573846	0.426138	0.000016	0.213085	242.5
0.572846	0.427138	0.000016	0.213585	242.6
0.571846	0.428138	0.000016	0.214085	242.7
0.570846	0.429138	0.000016	0.214585	242.8
0.569846	0.430137	0.000016	0.215085	242.9
0.568847	0.431137	0.000016	0.215585	243.0
0.567848	0.432136	0.000017	0.216084	243.1
0.566849	0.433134	0.000017	0.216584	243.2
0.565850	0.434133	0.000017	0.217083	243.3
0.564852	0.435131	0.000017	0.217582	243.4
0.563854	0.436129	0.000017	0.218082	243.5
0.562857	0.437126	0.000017	0.218580	243.6
0.561859	0.438123	0.000018	0.219079	243.7
0.560862	0.439120	0.000018	0.219578	243.8
0.559865	0.440117	0.000018	0.220076	243.9
0.558869	0.441113	0.000018	0.220575	244.0
0.557873	0.442109	0.000018	0.221073	244.1
0.556877	0.443104	0.000019	0.221571	244.2
0.555882	0.444099	0.000019	0.222068	244.3
0.554887	0.445094	0.000019	0.222566	244.4
0.553892	0.446088	0.000019	0.223063	244.5
0.552898	0.447082	0.000019	0.223561	244.6
0.551904	0.448076	0.000020	0.224058	244.7
0.550911	0.449069	0.000020	0.224554	244.8
0.549918	0.450062	0.000020	0.225051	244.9
0.548925	0.451055	0.000020	0.225547	245.0
0.547933	0.452047	0.000020	0.226044	245.1
0.546941	0.453038	0.000021	0.226540	245.2
0.545950	0.454029	0.000021	0.227035	245.3
0.544959	0.455020	0.000021	0.227531	245.4
0.543969	0.456010	0.000021	0.228026	245.5
0.542979	0.457000	0.000021	0.228521	245.6
0.541989	0.457989	0.000022	0.229016	245.7
0.541000	0.458978	0.000022	0.229511	245.8
0.540012	0.459966	0.000022	0.230005	245.9
0.539024	0.460954	0.000022	0.230499	246.0
0.538036	0.461942	0.000023	0.230993	246.1
0.537049	0.462928	0.000023	0.231487	246.2
0.536062	0.463915	0.000023	0.231980	246.3
0.535076	0.464900	0.000023	0.232473	246.4
0.534091	0.465886	0.000023	0.232966	246.5
0.533106	0.466871	0.000024	0.233459	246.6
0.532121	0.467855	0.000024	0.233951	246.7
0.531137	0.468838	0.000024	0.234443	246.8
0.530154	0.469821	0.000024	0.234935	246.9
0.529171	0.470804	0.000025	0.235427	247.0
0.528189	0.471786	0.000025	0.235918	247.1
0.527207	0.472767	0.000025	0.236409	247.2
0.526226	0.473748	0.000025	0.236900	247.3
0.525246	0.474728	0.000026	0.237390	247.4
0.524266	0.475708	0.000026	0.237880	247.5
0.523287	0.476687	0.000026	0.238370	247.6
0.522308	0.477665	0.000026	0.238859	247.7
0.521330	0.478643	0.000027	0.239348	247.8
0.520353	0.479620	0.000027	0.239837	247.9
0.519376	0.480597	0.000027	0.240326	248.0
0.518400	0.481573	0.000028	0.240814	248.1
0.517424	0.482548	0.000028	0.241302	248.2
0.516449	0.483522	0.000028	0.241789	248.3
0.515475	0.484496	0.000028	0.242277	248.4
0.514502	0.485470	0.000029	0.242763	248.5
0.513529	0.486442	0.000029	0.243250	248.6
0.512557	0.487414	0.000029	0.243736	248.7
0.511585	0.488385	0.000029	0.244222	248.8
0.510615	0.489356	0.000030	0.244708	248.9
0.509644	0.490325	0.000030	0.245193	249.0
0.508675	0.491295	0.000030	0.245678	249.1
0.507706	0.492263	0.000031	0.246162	249.2
0.506738	0.493231	0.000031	0.246646	249.3
0.505771	0.494198	0.000031	0.247130	249.4
0.504805	0.495164	0.000032	0.247613	249.5
0.503839	0.496129	0.000032	0.248096	249.6
0.502874	0.497094	0.000032	0.248579	249.7
0.501910	0.498058	0.000032	0.249061	249.8
0.500946	0.499021	0.000033	0.249543	249.9
0.499983	0.499983	0.000033	0.250025	250.0
0.499021	0.500945	0.000033	0.250506	250.1
0.498060	0.501906	0.000034	0.250987	250.2
0.497100	0.502866	0.000034	0.251467	250.3
0.496140	0.503825	0.000034	0.251947	250.4
0.495181	0.504784	0.000035	0.252427	250.5
0.494223	0.505742	0.000035	0.252906	250.6
0.493266	0.506698	0.000035	0.253385	250.7
0.492310	0.507655	0.000036	0.253863	250.8
0.491354	0.508610	0.000036	0.254341	250.9
0.490399	0.509564	0.000036	0.254819	251.0
0.489445	0.510518	0.000037	0.255296	251.1
0.488492	0.511471	0.000037	0.255772	251.2
0.487540	0.512423	0.000037	0.256249	251.3
0.486589	0.513374	0.000038	0.256725	251.4
0.485638	0.514324	0.000038	0.257200	251.5
0.484688	0.515273	0.000039	0.257675	251.6
0.483739	0.516222	0.000039	0.258150	251.7
0.482791	0.517169	0.000039	0.258624	251.8
0.481844	0.518116	0.000040	0.259098	251.9
0.480898	0.519062	0.000040	0.259571	252.0
0.479953	0.520007	0.000040	0.260044	252.1
0.479008	0.520951	0.000041	0.260516	252.2
0.478065	0.521894	0.000041	0.260988	252.3
0.477122	0.522836	0.000042	0.261460	252.4
0.476180	0.523778	0.000042	0.261931	252.5
0.475240	0.524718	0.000042	0.262401	252.6
0.474300	0.525658	0.000043	0.262872	252.7
0.473361	0.526596	0.000043	0.263341	252.8
0.472423	0.527534	0.000044	0.263810	252.9
0.471485	0.528471	0.000044	0.264279	253.0
0.470549	0.529406	0.000044	0.264748	253.1
0.469614	0.530341	0.000045	0.265215	253.2
0.468680	0.531275	0.000045	0.265683	253.3
0.467746	0.532208	0.000046	0.266150	253.4
0.466814	0.533140	0.000046	0.266616	253.5
0.465883	0.534071	0.000046	0.267082	253.6
0.464952	0.535001	0.000047	0.267547	253.7
0.464023	0.535930	0.000047	0.268012	253.8
0.463094	0.536858	0.000048	0.268477	253.9
0.462167	0.537785	0.000048	0.268941	254.0
0.461240	0.538711	0.000049	0.269404	254.1
0.460315	0.539636	0.000049	0.269867	254.2
0.459390	0.540560	0.000050	0.270330	254.3
0.458467	0.541483	0.000050	0.270792	254.4
0.457544	0.542405	0.000050	0.271253	254.5
0.456623	0.543326	0.000051	0.271714	254.6
0.455702	0.544246	0.000051	0.272174	254.7
0.454783	0.545165	0.000052	0.272634	254.8
0.453865	0.546083	0.000052	0.273094	254.9
0.452947	0.547000	0.000053	0.273553	255.0
0.452031	0.547916	0.000053	0.274011	255.1
0.451116	0.548831	0.000054	0.274469	255.2
0.450201	0.549744	0.000054	0.274926	255.3
0.449288	0.550657	0.000055	0.275383	255.4
0.448376	0.551569	0.000055	0.275840	255.5
0.447465	0.552479	0.000056	0.276295	255.6
0.446555	0.553389	0.000056	0.276751	255.7
0.445646	0.554297	0.000057	0.277205	255.8
0.444738	0.555205	0.000057	0.277660	255.9
0.443831	0.556111	0.000058	0.278113	256.0
0.442926	0.557016	0.000058	0.278566	256.1
0.442021	0.557920	0.000059	0.279019	256.2
0.441117	0.558823	0.000059	0.279471	256.3
0.440215	0.559725	0.000060	0.279923	256.4
0.439314	0.560626	0.000060	0.280373	256.5
0.438413	0.561526	0.000061	0.280824	256.6
0.437514	0.562424	0.000062	0.281274	256.7
0.436616	0.563322	0.000062	0.281723	256.8
0.435719	0.564218	0.000063	0.282172	256.9
0.434823	0.565113	0.000063	0.282620	257.0
0.433929	0.566008	0.000064	0.283068	257.1
0.433035	0.566901	0.000064	0.283515	257.2
0.432143	0.567792	0.000065	0.283961	257.3
0.431251	0.568683	0.000065	0.284407	257.4
0.430361	0.569573	0.000066	0.284852	257.5
0.429472	0.570461	0.000067	0.285297	257.6
0.428584	0.571349	0.000067	0.285742	257.7
0.427697	0.572235	0.000068	0.286185	257.8
0.426812	0.573120	0.000068	0.286628	257.9
0.425927	0.574004	0.000069	0.287071	258.0
0.425044	0.574886	0.000070	0.287513	258.1
0.424162	0.575768	0.000070	0.287954	258.2
0.423281	0.576648	0.000071	0.288395	258.3
0.422401	0.577527	0.000072	0.288835	258.4
0.421523	0.578405	0.000072	0.289275	258.5
0.420645	0.579282	0.000073	0.289714	258.6
0.419769	0.580158	0.000073	0.290152	258.7
0.418894	0.581032	0.000074	0.290590	258.8
0.418020	0.581905	0.000075	0.291027	258.9
0.417147	0.582778	0.000075	0.291464	259.0
0.416276	0.583648	0.000076	0.291900	259.1
0.415405	0.584518	0.000077	0.292336	259.2
0.414536	0.585387	0.000077	0.292771	259.3
0.413668	0.586254	0.000078	0.293205	259.4
0.412801	0.587120	0.000079	0.293639	259.5
0.411936	0.587985	0.000079	0.294072	259.6
0.411072	0.588848	0.000080	0.294504	259.7
0.410208	0.589711	0.000081	0.294936	259.8
0.409347	0.590572	0.000081	0.295367	259.9
0.408486	0.591432	0.000082	0.295798	260.0
0.407626	0.592291	0.000083	0.296228	260.1
0.406768	0.593148	0.000084	0.296658	260.2
0.405911	0.594005	0.000084	0.297087	260.3
0.405055	0.594860	0.000085	0.297515	260.4
0.404201	0.595713	0.000086	0.297942	260.5
0.403347	0.596566	0.000086	0.298369	260.6
0.402495	0.597417	0.000087	0.298796	260.7
0.401645	0.598268	0.000088	0.299222	260.8
0.400795	0.599116	0.000089	0.299647	260.9
0.399947	0.599964	0.000089	0.300071	261.0
0.399099	0.600810	0.000090	0.300495	261.1
0.398254	0.601655	0.000091	0.300919	261.2
0.397409	0.602499	0.000092	0.301341	261.3
0.396566	0.603342	0.000092	0.301763	261.4
0.395724	0.604183	0.000093	0.302185	261.5
0.394883	0.605023	0.000094	0.302606	261.6
0.394043	0.605862	0.000095	0.303026	261.7
0.393205	0.606699	0.000096	0.303445	261.8
0.392368	0.607536	0.000096	0.303864	261.9
0.391532	0.608371	0.000097	0.304283	262.0
0.390698	0.609204	0.000098	0.304700	262.1
0.389864	0.610037	0.000099	0.305117	262.2
0.389032	0.610868	0.000100	0.305534	262.3
0.388202	0.611698	0.000101	0.305949	262.4
0.387372	0.612526	0.000101	0.306365	262.5
0.386544	0.613354	0.000102	0.306779	262.6
0.385717	0.614180	0.000103	0.307193	262.7
0.384892	0.615004	0.000104	0.307606	262.8
0.384067	0.615828	0.000105	0.308019	262.9
0.383244	0.616650	0.000106	0.308431	263.0
0.382423	0.617471	0.000107	0.308842	263.1
0.381602	0.618290	0.000108	0.309253	263.2
0.380783	0.619108	0.000108	0.309663	263.3
0.379966	0.619925	0.000109	0.310072	263.4
0.379149	0.620741	0.000110	0.310481	263.5
0.378334	0.621555	0.000111	0.310889	263.6
0.377520	0.622368	0.000112	0.311296	263.7
0.376707	0.623180	0.000113	0.311703	263.8
0.375896	0.623990	0.000114	0.312109	263.9
0.375086	0.624799	0.000115	0.312514	264.0
0.374277	0.625607	0.000116	0.312919	264.1
0.373470	0.626413	0.000117	0.313323	264.2
0.372664	0.627218	0.000118	0.313727	264.3
0.371859	0.628022	0.000119	0.314130	264.4
0.371056	0.628825	0.000120	0.314532	264.5
0.370254	0.629626	0.000121	0.314933	264.6
0.369453	0.630425	0.000122	0.315334	264.7
0.368653	0.631224	0.000123	0.315735	264.8
0.367855	0.632021	0.000124	0.316134	264.9
0.367059	0.632817	0.000125	0.316533	265.0
0.366263	0.633611	0.000126	0.316931	265.1
0.365469	0.634405	0.000127	0.317329	265.2
0.364676	0.635196	0.000128	0.317726	265.3
0.363885	0.635987	0.000129	0.318122	265.4
0.363094	0.636776	0.000130	0.318518	265.5
0.362305	0.637564	0.000131	0.318913	265.6
0.361518	0.638350	0.000132	0.319307	265.7
0.360732	0.639135	0.000133	0.319701	265.8
0.359947	0.639919	0.000134	0.320094	265.9
0.359163	0.640702	0.000135	0.320486	266.0
0.358381	0.641483	0.000136	0.320877	266.1
0.357600	0.642262	0.000137	0.321268	266.2
0.356821	0.643041	0.000138	0.321659	266.3
0.356043	0.643818	0.000139	0.322048	266.4
0.355266	0.644594	0.000141	0.322437	266.5
0.354490	0.645368	0.000142	0.322826	266.6
0.353716	0.646141	0.000143	0.323213	266.7
0.352943	0.646913	0.000144	0.323600	266.8
0.352172	0.647683	0.000145	0.323987	266.9
0.351402	0.648452	0.000146	0.324372	267.0
0.350633	0.649219	0.000147	0.324757	267.1
0.349866	0.649986	0.000149	0.325141	267.2
0.349100	0.650751	0.000150	0.325525	267.3
0.348335	0.651514	0.000151	0.325908	267.4
0.347572	0.652276	0.000152	0.326290	267.5
0.346810	0.653037	0.000153	0.326672	267.6
0.346049	0.653797	0.000155	0.327053	267.7
0.345290	0.654555	0.000156	0.327433	267.8
0.344532	0.655311	0.000157	0.327813	267.9
0.343775	0.656067	0.000158	0.328192	268.0
0.343020	0.656821	0.000160	0.328570	268.1
0.342266	0.657573	0.000161	0.328948	268.2
0.341513	0.658325	0.000162	0.329324	268.3
0.340762	0.659075	0.000163	0.329701	268.4
0.340012	0.659823	0.000165	0.330076	268.5
0.339264	0.660570	0.000166	0.330451	268.6
0.338517	0.661316	0.000167	0.330825	268.7
0.337771	0.662061	0.000168	0.331199	268.8
0.337026	0.662804	0.000170	0.331572	268.9
0.336283	0.663546	0.000171	0.331944	269.0
0.335542	0.664286	0.000172	0.332315	269.1
0.334801	0.665025	0.000174	0.332686	269.2
0.334062	0.665763	0.000175	0.333056	269.3
0.333325	0.666499	0.000176	0.333426	269.4
0.332588	0.667234	0.000178	0.333795	269.5
0.331853	0.667967	0.000179	0.334163	269.6
0.331120	0.668699	0.000181	0.334530	269.7
0.330388	0.669430	0.000182	0.334897	269.8
0.329657	0.670160	0.000183	0.335263	269.9
0.328927	0.670888	0.000185	0.335629	270.0
0.328199	0.671614	0.000186	0.335993	270.1
0.327473	0.672340	0.000188	0.336358	270.2
0.326747	0.673064	0.000189	0.336721	270.3
0.326023	0.673786	0.000191	0.337084	270.4
0.325300	0.674507	0.000192	0.337446	270.5
0.324579	0.675227	0.000194	0.337807	270.6
0.323859	0.675946	0.000195	0.338168	270.7
0.323141	0.676663	0.000197	0.338528	270.8
0.322423	0.677379	0.000198	0.338887	270.9
0.321708	0.678093	0.000200	0.339246	271.0
0.320993	0.678806	0.000201	0.339604	271.1
0.320280	0.679517	0.000203	0.339961	271.2
0.319568	0.680228	0.000204	0.340318	271.3
0.318858	0.680937	0.000206	0.340674	271.4
0.318149	0.681644	0.000207	0.341029	271.5
0.317441	0.682350	0.000209	0.341384	271.6
0.316735	0.683055	0.000210	0.341738	271.7
0.316030	0.683758	0.000212	0.342091	271.8
0.315326	0.684460	0.000214	0.342444	271.9
0.314624	0.685161	0.000215	0.342796	272.0
0.313923	0.685860	0.000217	0.343147	272.1
0.313223	0.686558	0.000218	0.343498	272.2
0.312525	0.687255	0.000220	0.343847	272.3
0.311828	0.687950	0.000222	0.344197	272.4
0.311133	0.688644	0.000223	0.344545	272.5
0.310439	0.689336	0.000225	0.344893	272.6
0.309746	0.690027	0.000227	0.345240	272.7
0.309055	0.690717	0.000229	0.345587	272.8
0.308365	0.691405	0.000230	0.345933	272.9
0.307676	0.692092	0.000232	0.346278	273.0
0.306989	0.692778	0.000234	0.346623	273.1
0.306303	0.693462	0.000235	0.346966	273.2
0.305618	0.694145	0.000237	0.347310	273.3
0.304935	0.694826	0.000239	0.347652	273.4
0.304253	0.695506	0.000241	0.347994	273.5
0.303572	0.696185	0.000243	0.348335	273.6
0.302893	0.696863	0.000244	0.348676	273.7
0.302215	0.697539	0.000246	0.349015	273.8
0.301539	0.698213	0.000248	0.349355	273.9
0.300864	0.698887	0.000250	0.349693	274.0
0.300190	0.699559	0.000252	0.350031	274.1
0.299517	0.700229	0.000253	0.350368	274.2
0.298846	0.700898	0.000255	0.350705	274.3
0.298177	0.701566	0.000257	0.351040	274.4
0.297508	0.702233	0.000259	0.351375	274.5
0.296841	0.702898	0.000261	0.351710	274.6
0.296175	0.703562	0.000263	0.352044	274.7
0.295511	0.704224	0.000265	0.352377	274.8
0.294848	0.704885	0.000267	0.352709	274.9
0.294186	0.705545	0.000269	0.353041	275.0
0.293526	0.706203	0.000271	0.353372	275.1
0.292867	0.706860	0.000273	0.353703	275.2
0.292209	0.707516	0.000275	0.354033	275.3
0.291553	0.708170	0.000277	0.354362	275.4
0.290898	0.708823	0.000279	0.354690	275.5
0.290245	0.709475	0.000281	0.355018	275.6
0.289592	0.710125	0.000283	0.355345	275.7
0.288941	0.710774	0.000285	0.355672	275.8
0.288292	0.711421	0.000287	0.355998	275.9
0.287644	0.712067	0.000289	0.356323	276.0
0.286997	0.712712	0.000291	0.356647	276.1
0.286351	0.713356	0.000293	0.356971	276.2
0.285707	0.713998	0.000295	0.357294	276.3
0.285064	0.714639	0.000297	0.357617	276.4
0.284422	0.715278	0.000300	0.357939	276.5
0.283782	0.715916	0.000302	0.358260	276.6
0.283143	0.716553	0.000304	0.358580	276.7
0.282505	0.717188	0.000306	0.358900	276.8
0.281869	0.717823	0.000308	0.359220	276.9
0.281234	0.718455	0.000311	0.359538	277.0
0.280600	0.719087	0.000313	0.359856	277.1
0.279968	0.719717	0.000315	0.360173	277.2
0.279337	0.720346	0.000317	0.360490	277.3
0.278708	0.720973	0.000320	0.360806	277.4
0.278079	0.721599	0.000322	0.361121	277.5
0.277452	0.722224	0.000324	0.361436	277.6
0.276826	0.722847	0.000326	0.361750	277.7
0.276202	0.723469	0.000329	0.362063	277.8
0.275579	0.724090	0.000331	0.362376	277.9
0.274957	0.724709	0.000333	0.362688	278.0
0.274337	0.725327	0.000336	0.363000	278.1
0.273718	0.725944	0.000338	0.363310	278.2
0.273100	0.726560	0.000341	0.363620	278.3
0.272483	0.727174	0.000343	0.363930	278.4
0.271868	0.727786	0.000345	0.364239	278.5
0.271254	0.728398	0.000348	0.364547	278.6
0.270642	0.729008	0.000350	0.364854	278.7
0.270030	0.729617	0.000353	0.365161	278.8
0.269420	0.730224	0.000355	0.365467	278.9
0.268812	0.730830	0.000358	0.365773	279.0
0.268204	0.731435	0.000360	0.366078	279.1
0.267598	0.732039	0.000363	0.366382	279.2
0.266994	0.732641	0.000365	0.366686	279.3
0.266390	0.733242	0.000368	0.366989	279.4
0.265788	0.733841	0.000371	0.367291	279.5
0.265187	0.734440	0.000373	0.367593	279.6
0.264588	0.735037	0.000376	0.367894	279.7
0.263989	0.735632	0.000378	0.368195	279.8
0.263392	0.736227	0.000381	0.368494	279.9
0.262797	0.736820	0.000384	0.368794	280.0
0.262202	0.737412	0.000386	0.369092	280.1
0.261609	0.738002	0.000389	0.369390	280.2
0.261017	0.738591	0.000392	0.369687	280.3
0.260427	0.739179	0.000394	0.369984	280.4
0.259837	0.739766	0.000397	0.370280	280.5
0.259249	0.740351	0.000400	0.370575	280.6
0.258663	0.740935	0.000403	0.370870	280.7
0.258077	0.741517	0.000405	0.371164	280.8
0.257493	0.742099	0.000408	0.371458	280.9
0.256910	0.742679	0.000411	0.371750	281.0
0.256328	0.743258	0.000414	0.372043	281.1
0.255748	0.743835	0.000417	0.372334	281.2
0.255169	0.744411	0.000420	0.372625	281.3
0.254591	0.744986	0.000423	0.372916	281.4
0.254015	0.745560	0.000425	0.373205	281.5
0.253439	0.746132	0.000428	0.373494	281.6
0.252865	0.746703	0.000431	0.373783	281.7
0.252293	0.747273	0.000434	0.374071	281.8
0.251721	0.747842	0.000437	0.374358	281.9
0.251151	0.748409	0.000440	0.374645	282.0
0.250582	0.748975	0.000443	0.374931	282.1
0.250014	0.749539	0.000446	0.375216	282.2
0.249448	0.750103	0.000449	0.375501	282.3
0.248883	0.750665	0.000452	0.375785	282.4
0.248319	0.751226	0.000455	0.376068	282.5
0.247756	0.751785	0.000458	0.376351	282.6
0.247195	0.752344	0.000462	0.376633	282.7
0.246634	0.752901	0.000465	0.376915	282.8
0.246076	0.753457	0.000468	0.377196	282.9
0.245518	0.754011	0.000471	0.377477	283.0
0.244961	0.754564	0.000474	0.377756	283.1
0.244406	0.755116	0.000477	0.378036	283.2
0.243852	0.755667	0.000481	0.378314	283.3
0.243299	0.756217	0.000484	0.378592	283.4
0.242748	0.756765	0.000487	0.378870	283.5
0.242198	0.757312	0.000490	0.379146	283.6
0.241649	0.757858	0.000494	0.379423	283.7
0.241101	0.758402	0.000497	0.379698	283.8
0.240554	0.758945	0.000500	0.379973	283.9
0.240009	0.759488	0.000504	0.380247	284.0
0.239465	0.760028	0.000507	0.380521	284.1
0.238922	0.760568	0.000510	0.380794	284.2
0.238380	0.761106	0.000514	0.381067	284.3
0.237840	0.761643	0.000517	0.381339	284.4
0.237300	0.762179	0.000521	0.381610	284.5
0.236762	0.762713	0.000524	0.381881	284.6
0.236225	0.763247	0.000528	0.382151	284.7
0.235690	0.763779	0.000531	0.382421	284.8
0.235155	0.764310	0.000535	0.382690	284.9
0.234622	0.764839	0.000538	0.382958	285.0
0.234090	0.765368	0.000542	0.383226	285.1
0.233560	0.765895	0.000545	0.383493	285.2
0.233030	0.766421	0.000549	0.383760	285.3
0.232502	0.766946	0.000553	0.384026	285.4
0.231974	0.767469	0.000556	0.384291	285.5
0.231448	0.767991	0.000560	0.384556	285.6
0.230924	0.768513	0.000564	0.384820	285.7
0.230400	0.769032	0.000567	0.385084	285.8
0.229878	0.769551	0.000571	0.385347	285.9
0.229357	0.770068	0.000575	0.385609	286.0
0.228837	0.770585	0.000579	0.385871	286.1
0.228318	0.771100	0.000583	0.386132	286.2
0.227800	0.771614	0.000586	0.386393	286.3
0.227284	0.772126	0.000590	0.386653	286.4
0.226768	0.772638	0.000594	0.386913	286.5
0.226254	0.773148	0.000598	0.387172	286.6
0.225741	0.773657	0.000602	0.387430	286.7
0.225230	0.774164	0.000606	0.387688	286.8
0.224719	0.774671	0.000610	0.387945	286.9
0.224210	0.775177	0.000614	0.388202	287.0
0.223702	0.775681	0.000618	0.388458	287.1
0.223195	0.776184	0.000622	0.388714	287.2
0.222689	0.776686	0.000626	0.388969	287.3
0.222184	0.777186	0.000630	0.389223	287.4
0.221680	0.777686	0.000634	0.389477	287.5
0.221178	0.778184	0.000638	0.389730	287.6
0.220677	0.778681	0.000642	0.389983	287.7
0.220177	0.779177	0.000646	0.390235	287.8
0.219678	0.779672	0.000650	0.390486	287.9
0.219180	0.780165	0.000655	0.390737	288.0
0.218683	0.780658	0.000659	0.390988	288.1
0.218188	0.781149	0.000663	0.391238	288.2
0.217694	0.781639	0.000667	0.391487	288.3
0.217201	0.782128	0.000672	0.391736	288.4
0.216709	0.782615	0.000676	0.391984	288.5
0.216218	0.783102	0.000680	0.392231	288.6
0.215728	0.783587	0.000685	0.392478	288.7
0.215239	0.784072	0.000689	0.392725	288.8
0.214752	0.784555	0.000694	0.392971	288.9
0.214266	0.785037	0.000698	0.393216	289.0
0.213780	0.785517	0.000702	0.393461	289.1
0.213296	0.785997	0.000707	0.393705	289.2
0.212813	0.786475	0.000711	0.393949	289.3
0.212331	0.786953	0.000716	0.394192	289.4
0.211851	0.787429	0.000721	0.394435	289.5
0.211371	0.787904	0.000725	0.394677	289.6
0.210893	0.788377	0.000730	0.394918	289.7
0.210415	0.788850	0.000734	0.395159	289.8
0.209939	0.789322	0.000739	0.395400	289.9
0.209464	0.789792	0.000744	0.395640	290.0
0.208990	0.790261	0.000748	0.395879	290.1
0.208517	0.790730	0.000753	0.396118	290.2
0.208046	0.791197	0.000758	0.396356	290.3
0.207575	0.791662	0.000763	0.396594	290.4
0.207105	0.792127	0.000768	0.396831	290.5
0.206637	0.792591	0.000772	0.397068	290.6
0.206170	0.793053	0.000777	0.397304	290.7
0.205703	0.793515	0.000782	0.397539	290.8
0.205238	0.793975	0.000787	0.397774	290.9
0.204774	0.794434	0.000792	0.398009	291.0
0.204311	0.794892	0.000797	0.398243	291.1
0.203849	0.795349	0.000802	0.398476	291.2
0.203388	0.795805	0.000807	0.398709	291.3
0.202929	0.796259	0.000812	0.398942	291.4
0.202470	0.796713	0.000817	0.399173	291.5
0.202013	0.797165	0.000822	0.399405	291.6
0.201556	0.797617	0.000827	0.399636	291.7
0.201101	0.798067	0.000832	0.399866	291.8
0.200646	0.798516	0.000838	0.400096	291.9
0.200193	0.798964	0.000843	0.400325	292.0
0.199741	0.799411	0.000848	0.400554	292.1
0.199290	0.799857	0.000853	0.400782	292.2
0.198840	0.800301	0.000859	0.401009	292.3
0.198391	0.800745	0.000864	0.401237	292.4
0.197943	0.801188	0.000869	0.401463	292.5
0.197496	0.801629	0.000875	0.401689	292.6
0.197051	0.802069	0.000880	0.401915	292.7
0.196606	0.802509	0.000886	0.402140	292.8
0.196162	0.802947	0.000891	0.402364	292.9
0.195720	0.803384	0.000897	0.402589	293.0
0.195278	0.803820	0.000902	0.402812	293.1
0.194838	0.804255	0.000908	0.403035	293.2
0.194398	0.804689	0.000913	0.403258	293.3
0.193960	0.805122	0.000919	0.403480	293.4
0.193522	0.805553	0.000924	0.403701	293.5
0.193086	0.805984	0.000930	0.403922	293.6
0.192651	0.806413	0.000936	0.404143	293.7
0.192216	0.806842	0.000942	0.404363	293.8
0.191783	0.807269	0.000947	0.404582	293.9
0.191351	0.807696	0.000953	0.404801	294.0
0.190920	0.808121	0.000959	0.405020	294.1
0.190490	0.808545	0.000965	0.405238	294.2
0.190061	0.808969	0.000971	0.405455	294.3
0.189633	0.809391	0.000977	0.405672	294.4
0.189206	0.809812	0.000983	0.405888	294.5
0.188780	0.810232	0.000989	0.406104	294.6
0.188355	0.810651	0.000995	0.406320	294.7
0.187931	0.811069	0.001001	0.406535	294.8
0.187508	0.811486	0.001007	0.406749	294.9
0.187086	0.811902	0.001013	0.406964	295.0
0.186665	0.812316	0.001019	0.407177	295.1
0.186245	0.812730	0.001025	0.407390	295.2
0.185826	0.813143	0.001031	0.407603	295.3
0.185408	0.813555	0.001037	0.407815	295.4
0.184991	0.813965	0.001044	0.408026	295.5
0.184575	0.814375	0.001050	0.408237	295.6
0.184160	0.814783	0.001056	0.408448	295.7
0.183746	0.815191	0.001063	0.408658	295.8
0.183333	0.815597	0.001069	0.408868	295.9
0.182921	0.816003	0.001076	0.409077	296.0
0.182511	0.816407	0.001082	0.409286	296.1
0.182101	0.816811	0.001088	0.409494	296.2
0.181692	0.817213	0.001095	0.409702	296.3
0.181284	0.817615	0.001102	0.409909	296.4
0.180877	0.818015	0.001108	0.410116	296.5
0.180471	0.818415	0.001115	0.410322	296.6
0.180066	0.818813	0.001121	0.410528	296.7
0.179661	0.819210	0.001128	0.410733	296.8
0.179258	0.819607	0.001135	0.410938	296.9
0.178856	0.820002	0.001142	0.411143	297.0
0.178455	0.820397	0.001148	0.411347	297.1
0.178055	0.820790	0.001155	0.411550	297.2
0.177656	0.821182	0.001162	0.411753	297.3
0.177257	0.821574	0.001169	0.411956	297.4
0.176860	0.821964	0.001176	0.412158	297.5
0.176464	0.822353	0.001183	0.412360	297.6
0.176068	0.822742	0.001190	0.412561	297.7
0.175674	0.823129	0.001197	0.412761	297.8
0.175281	0.823515	0.001204	0.412962	297.9
0.174888	0.823901	0.001211	0.413162	298.0
0.174496	0.824285	0.001218	0.413361	298.1
0.174106	0.824669	0.001225	0.413560	298.2
0.173716	0.825051	0.001233	0.413758	298.3
0.173327	0.825433	0.001240	0.413956	298.4
0.172940	0.825813	0.001247	0.414154	298.5
0.172553	0.826193	0.001255	0.414351	298.6
0.172167	0.826571	0.001262	0.414548	298.7
0.171782	0.826949	0.001269	0.414744	298.8
0.171398	0.827325	0.001277	0.414939	298.9
0.171015	0.827701	0.001284	0.415135	299.0
0.170633	0.828076	0.001292	0.415330	299.1
0.170251	0.828449	0.001299	0.415524	299.2
0.169871	0.828822	0.001307	0.415718	299.3
0.169492	0.829194	0.001314	0.415911	299.4
0.169113	0.829565	0.001322	0.416105	299.5
0.168735	0.829935	0.001330	0.416297	299.6
0.168359	0.830304	0.001338	0.416489	299.7
0.167983	0.830672	0.001345	0.416681	299.8
0.167608	0.831039	0.001353	0.416872	299.9
0.167234	0.831405	0.001361	0.417063	300.0
0.166861	0.831770	0.001369	0.417254	300.1
0.166489	0.832134	0.001377	0.417444	300.2
0.166118	0.832497	0.001385	0.417633	300.3
0.165748	0.832859	0.001393	0.417823	300.4
0.165378	0.833221	0.001401	0.418011	300.5
0.165010	0.833581	0.001409	0.418200	300.6
0.164642	0.833941	0.001417	0.418387	300.7
0.164276	0.834299	0.001425	0.418575	300.8
0.163910	0.834657	0.001433	0.418762	300.9
0.163545	0.835013	0.001442	0.418948	301.0
0.163181	0.835369	0.001450	0.419135	301.1
0.162818	0.835724	0.001458	0.419320	301.2
0.162455	0.836078	0.001467	0.419506	301.3
0.162094	0.836431	0.001475	0.419691	301.4
0.161734	0.836783	0.001484	0.419875	301.5
0.161374	0.837134	0.001492	0.420059	301.6
0.161015	0.837484	0.001501	0.420243	301.7
0.160657	0.837833	0.001509	0.420426	301.8
0.160300	0.838182	0.001518	0.420609	301.9
0.159944	0.838529	0.001526	0.420791	302.0
0.159589	0.838876	0.001535	0.420973	302.1
0.159235	0.839221	0.001544	0.421155	302.2
0.158881	0.839566	0.001553	0.421336	302.3
0.158528	0.839910	0.001562	0.421517	302.4
0.158177	0.840253	0.001570	0.421697	302.5
0.157826	0.840595	0.001579	0.421877	302.6
0.157476	0.840936	0.001588	0.422056	302.7
0.157126	0.841276	0.001597	0.422235	302.8
0.156778	0.841615	0.001606	0.422414	302.9
0.156431	0.841954	0.001615	0.422592	303.0
0.156084	0.842291	0.001625	0.422770	303.1
0.155738	0.842628	0.001634	0.422948	303.2
0.155393	0.842964	0.001643	0.423125	303.3
0.155049	0.843299	0.001652	0.423302	303.4
0.154706	0.843633	0.001662	0.423478	303.5
0.154363	0.843966	0.001671	0.423654	303.6
0.154022	0.844298	0.001680	0.423829	303.7
0.153681	0.844629	0.001690	0.424004	303.8
0.153341	0.844960	0.001699	0.424179	303.9
0.153002	0.845289	0.001709	0.424353	304.0
0.152664	0.845618	0.001718	0.424527	304.1
0.152326	0.845946	0.001728	0.424701	304.2
0.151990	0.846273	0.001738	0.424874	304.3
0.151654	0.846599	0.001747	0.425047	304.4
0.151319	0.846924	0.001757	0.425219	304.5
0.150985	0.847248	0.001767	0.425391	304.6
0.150651	0.847572	0.001777	0.425563	304.7
0.150319	0.847894	0.001787	0.425734	304.8
0.149987	0.848216	0.001797	0.425905	304.9
0.149656	0.848537	0.001807	0.426075	305.0
0.149326	0.848857	0.001817	0.426245	305.1
0.148997	0.849176	0.001827	0.426415	305.2
0.148668	0.849495	0.001837	0.426584	305.3
0.148341	0.849812	0.001847	0.426753	305.4
0.148014	0.850129	0.001857	0.426922	305.5
0.147688	0.850444	0.001868	0.427090	305.6
0.147363	0.850759	0.001878	0.427258	305.7
0.147038	0.851073	0.001889	0.427425	305.8
0.146714	0.851387	0.001899	0.427592	305.9
0.146392	0.851699	0.001909	0.427759	306.0
0.146069	0.852011	0.001920	0.427925	306.1
0.145748	0.852321	0.001931	0.428091	306.2
0.145428	0.852631	0.001941	0.428257	306.3
0.145108	0.852940	0.001952	0.428422	306.4
0.144789	0.853248	0.001963	0.428587	306.5
0.144471	0.853556	0.001973	0.428751	306.6
0.144154	0.853862	0.001984	0.428915	306.7
0.143837	0.854168	0.001995	0.429079	306.8
0.143521	0.854473	0.002006	0.429242	306.9
0.143206	0.854777	0.002017	0.429405	307.0
0.142892	0.855080	0.002028	0.429568	307.1
0.142578	0.855382	0.002039	0.429730	307.2
0.142266	0.855684	0.002050	0.429892	307.3
0.141954	0.855985	0.002061	0.430054	307.4
0.141643	0.856285	0.002073	0.430215	307.5
0.141332	0.856584	0.002084	0.430376	307.6
0.141022	0.856882	0.002095	0.430536	307.7
0.140714	0.857180	0.002107	0.430697	307.8
0.140405	0.857476	0.002118	0.430856	307.9
0.140098	0.857772	0.002130	0.431016	308.0
0.139791	0.858067	0.002141	0.431175	308.1
0.139486	0.858362	0.002153	0.431334	308.2
0.139180	0.858655	0.002165	0.431492	308.3
0.138876	0.858948	0.002176	0.431650	308.4
0.138572	0.859239	0.002188	0.431808	308.5
0.138270	0.859531	0.002200	0.431965	308.6
0.137967	0.859821	0.002212	0.432122	308.7
0.137666	0.860110	0.002224	0.432279	308.8
0.137365	0.860399	0.002236	0.432435	308.9
0.137065	0.860687	0.002248	0.432591	309.0
0.136766	0.860974	0.002260	0.432747	309.1
0.136468	0.861260	0.002272	0.432902	309.2
0.136170	0.861546	0.002284	0.433057	309.3
0.135873	0.861830	0.002297	0.433212	309.4
0.135577	0.862114	0.002309	0.433366	309.5
0.135281	0.862397	0.002321	0.433520	309.6
0.134987	0.862680	0.002334	0.433674	309.7
0.134692	0.862961	0.002346	0.433827	309.8
0.134399	0.863242	0.002359	0.433980	309.9
0.134107	0.863522	0.002371	0.434132	310.0
0.133815	0.863801	0.002384	0.434285	310.1
0.133523	0.864080	0.002397	0.434437	310.2
0.133233	0.864358	0.002410	0.434588	310.3
0.132943	0.864634	0.002422	0.434740	310.4
0.132654	0.864911	0.002435	0.434891	310.5
0.132366	0.865186	0.002448	0.435041	310.6
0.132078	0.865461	0.002461	0.435192	310.7
0.131791	0.865734	0.002474	0.435342	310.8
0.131505	0.866008	0.002487	0.435491	310.9
0.131219	0.866280	0.002501	0.435641	311.0
0.130935	0.866551	0.002514	0.435790	311.1
0.130651	0.866822	0.002527	0.435938	311.2
0.130367	0.867092	0.002541	0.436087	311.3
0.130084	0.867362	0.002554	0.436235	311.4
0.129802	0.867630	0.002568	0.436383	311.5
0.129521	0.867898	0.002581	0.436530	311.6
0.129240	0.868165	0.002595	0.436677	311.7
0.128960	0.868431	0.002608	0.436824	311.8
0.128681	0.868697	0.002622	0.436970	311.9
0.128403	0.868962	0.002636	0.437117	312.0
0.128125	0.869226	0.002650	0.437263	312.1
0.127847	0.869489	0.002664	0.437408	312.2
0.127571	0.869751	0.002678	0.437553	312.3
0.127295	0.870013	0.002692	0.437698	312.4
0.127020	0.870274	0.002706	0.437843	312.5
0.126745	0.870535	0.002720	0.437987	312.6
0.126472	0.870794	0.002734	0.438131	312.7
0.126198	0.871053	0.002749	0.438275	312.8
0.125926	0.871311	0.002763	0.438419	312.9
0.125654	0.871569	0.002777	0.438562	313.0
0.125383	0.871825	0.002792	0.438704	313.1
0.125112	0.872081	0.002806	0.438847	313.2
0.124843	0.872336	0.002821	0.438989	313.3
0.124573	0.872591	0.002836	0.439131	313.4
0.124305	0.872845	0.002850	0.439273	313.5
0.124037	0.873098	0.002865	0.439414	313.6
0.123770	0.873350	0.002880	0.439555	313.7
0.123503	0.873601	0.002895	0.439696	313.8
0.123238	0.873852	0.002910	0.439836	313.9
0.122972	0.874102	0.002925	0.439976	314.0
0.122708	0.874352	0.002940	0.440116	314.1
0.122444	0.874601	0.002956	0.440256	314.2
0.122181	0.874849	0.002971	0.440395	314.3
0.121918	0.875096	0.002986	0.440534	314.4
0.121656	0.875342	0.003002	0.440673	314.5
0.121395	0.875588	0.003017	0.440811	314.6
0.121134	0.875833	0.003033	0.440949	314.7
0.120874	0.876078	0.003048	0.441087	314.8
0.120614	0.876322	0.003064	0.441225	314.9
0.120356	0.876565	0.003080	0.441362	315.0
0.120098	0.876807	0.003095	0.441499	315.1
0.119840	0.877049	0.003111	0.441636	315.2
0.119583	0.877290	0.003127	0.441772	315.3
0.119327	0.877530	0.003143	0.441908	315.4
0.119071	0.877769	0.003159	0.442044	315.5
0.118816	0.878008	0.003176	0.442180	315.6
0.118562	0.878246	0.003192	0.442315	315.7
0.118308	0.878484	0.003208	0.442450	315.8
0.118055	0.878720	0.003224	0.442585	315.9
0.117803	0.878957	0.003241	0.442719	316.0
0.117551	0.879192	0.003257	0.442853	316.1
0.117299	0.879427	0.003274	0.442987	316.2
0.117049	0.879661	0.003291	0.443121	316.3
0.116799	0.879894	0.003307	0.443254	316.4
0.116549	0.880127	0.003324	0.443388	316.5
0.116300	0.880358	0.003341	0.443520	316.6
0.116052	0.880590	0.003358	0.443653	316.7
0.115805	0.880820	0.003375	0.443785	316.8
0.115558	0.881050	0.003392	0.443917	316.9
0.115311	0.881279	0.003409	0.444049	317.0
0.115065	0.881508	0.003427	0.444181	317.1
0.114820	0.881736	0.003444	0.444312	317.2
0.114576	0.881963	0.003461	0.444443	317.3
0.114332	0.882190	0.003479	0.444574	317.4
0.114088	0.882415	0.003496	0.444704	317.5
0.113845	0.882641	0.003514	0.444834	317.6
0.113603	0.882865	0.003532	0.444964	317.7
0.113362	0.883089	0.003549	0.445094	317.8
0.113121	0.883312	0.003567	0.445223	317.9
0.112880	0.883535	0.003585	0.445353	318.0
0.112640	0.883756	0.003603	0.445481	318.1
0.112401	0.883978	0.003621	0.445610	318.2
0.112162	0.884198	0.003639	0.445739	318.3
0.111924	0.884418	0.003658	0.445867	318.4
0.111687	0.884637	0.003676	0.445995	318.5
0.111450	0.884856	0.003694	0.446122	318.6
0.111213	0.885074	0.003713	0.446250	318.7
0.110978	0.885291	0.003731	0.446377	318.8
0.110743	0.885508	0.003750	0.446504	318.9
0.110508	0.885723	0.003769	0.446630	319.0
0.110274	0.885939	0.003787	0.446757	319.1
0.110040	0.886153	0.003806	0.446883	319.2
0.109807	0.886367	0.003825	0.447009	319.3
0.109575	0.886581	0.003844	0.447135	319.4
0.109343	0.886793	0.003863	0.447260	319.5
0.109112	0.887005	0.003882	0.447385	319.6
0.108882	0.887217	0.003902	0.447510	319.7
0.108651	0.887427	0.003921	0.447635	319.8
0.108422	0.887638	0.003940	0.447759	319.9
0.108193	0.887847	0.003960	0.447884	320.0
0.107965	0.888056	0.003980	0.448008	320.1
0.107737	0.888264	0.003999	0.448131	320.2
0.107509	0.888472	0.004019	0.448255	320.3
0.107283	0.888679	0.004039	0.448378	320.4
0.107056	0.888885	0.004059	0.448501	320.5
0.106831	0.889090	0.004079	0.448624	320.6
0.106606	0.889295	0.004099	0.448747	320.7
0.106381	0.889500	0.004119	0.448869	320.8
0.106157	0.889704	0.004139	0.448991	320.9
0.105934	0.889907	0.004160	0.449113	321.0
0.105711	0.890109	0.004180	0.449235	321.1
0.105489	0.890311	0.004200	0.449356	321.2
0.105267	0.890512	0.004221	0.449477	321.3
0.105045	0.890713	0.004242	0.449598	321.4
0.104825	0.890913	0.004262	0.449719	321.5
0.104605	0.891112	0.004283	0.449839	321.6
0.104385	0.891311	0.004304	0.449960	321.7
0.104166	0.891509	0.004325	0.450080	321.8
0.103947	0.891707	0.004346	0.450200	321.9
0.103729	0.891903	0.004367	0.450319	322.0
0.103512	0.892100	0.004389	0.450439	322.1
0.103295	0.892295	0.004410	0.450558	322.2
0.103078	0.892490	0.004432	0.450677	322.3
0.102862	0.892685	0.004453	0.450796	322.4
0.102647	0.892879	0.004475	0.450914	322.5
0.102432	0.893072	0.004496	0.451032	322.6
0.102217	0.893264	0.004518	0.451150	322.7
0.102004	0.893456	0.004540	0.451268	322.8
0.101790	0.893648	0.004562	0.451386	322.9
0.101577	0.893838	0.004584	0.451503	323.0
0.101365	0.894029	0.004606	0.451621	323.1
0.101153	0.894218	0.004629	0.451738	323.2
0.100942	0.894407	0.004651	0.451855	323.3
0.100731	0.894595	0.004673	0.451971	323.4
0.100521	0.894783	0.004696	0.452087	323.5
0.100311	0.894970	0.004719	0.452204	323.6
0.100102	0.895157	0.004741	0.452320	323.7
0.099893	0.895343	0.004764	0.452435	323.8
0.099685	0.895528	0.004787	0.452551	323.9
0.099477	0.895713	0.004810	0.452666	324.0
0.099270	0.895897	0.004833	0.452781	324.1
0.099063	0.896081	0.004856	0.452896	324.2
0.098857	0.896264	0.004879	0.453011	324.3
0.098651	0.896446	0.004903	0.453126	324.4
0.098446	0.896628	0.004926	0.453240	324.5
0.098241	0.896809	0.004950	0.453354	324.6
0.098037	0.896989	0.004973	0.453468	324.7
0.097833	0.897169	0.004997	0.453582	324.8
0.097630	0.897349	0.005021	0.453695	324.9
0.097427	0.897528	0.005045	0.453809	325.0
0.097225	0.897706	0.005069	0.453922	325.1
0.097023	0.897883	0.005093	0.454035	325.2
0.096822	0.898061	0.005117	0.454148	325.3
0.096621	0.898237	0.005142	0.454260	325.4
0.096421	0.898413	0.005166	0.454373	325.5
0.096221	0.898588	0.005191	0.454485	325.6
0.096022	0.898763	0.005215	0.454597	325.7
0.095823	0.898937	0.005240	0.454709	325.8
0.095625	0.899111	0.005265	0.454820	325.9
0.095427	0.899284	0.005290	0.454932	326.0
0.095229	0.899456	0.005315	0.455043	326.1
0.095032	0.899628	0.005340	0.455154	326.2
0.094836	0.899799	0.005365	0.455265	326.3
0.094640	0.899970	0.005390	0.455375	326.4
0.094444	0.900140	0.005416	0.455486	326.5
0.094249	0.900310	0.005441	0.455596	326.6
0.094055	0.900479	0.005467	0.455706	326.7
0.093860	0.900647	0.005493	0.455816	326.8
0.093667	0.900815	0.005518	0.455926	326.9
0.093474	0.900982	0.005544	0.456035	327.0
0.093281	0.901149	0.005570	0.456145	327.1
0.093089	0.901315	0.005596	0.456254	327.2
0.092897	0.901481	0.005623	0.456363	327.3
0.092705	0.901646	0.005649	0.456472	327.4
0.092515	0.901810	0.005675	0.456580	327.5
0.092324	0.901974	0.005702	0.456689	327.6
0.092134	0.902137	0.005729	0.456797	327.7
0.091945	0.902300	0.005755	0.456905	327.8
0.091756	0.902462	0.005782	0.457013	327.9
0.091567	0.902624	0.005809	0.457121	328.0
0.091379	0.902785	0.005836	0.457229	328.1
0.091191	0.902945	0.005864	0.457336	328.2
0.091004	0.903105	0.005891	0.457443	328.3
0.090817	0.903265	0.005918	0.457551	328.4
0.090631	0.903424	0.005946	0.457657	328.5
0.090445	0.903582	0.005973	0.457764	328.6
0.090259	0.903740	0.006001	0.457871	328.7
0.090074	0.903897	0.006029	0.457977	328.8
0.089890	0.904053	0.006057	0.458083	328.9
0.089706	0.904210	0.006085	0.458190	329.0
0.089522	0.904365	0.006113	0.458295	329.1
0.089339	0.904520	0.006141	0.458401	329.2
0.089156	0.904675	0.006170	0.458507	329.3
0.088974	0.904828	0.006198	0.458612	329.4
0.088792	0.904982	0.006227	0.458718	329.5
0.088610	0.905135	0.006255	0.458823	329.6
0.088429	0.905287	0.006284	0.458928	329.7
0.088248	0.905439	0.006313	0.459032	329.8
0.088068	0.905590	0.006342	0.459137	329.9
0.087888	0.905740	0.006371	0.459241	330.0
0.087709	0.905890	0.006401	0.459346	330.1
0.087530	0.906040	0.006430	0.459450	330.2
0.087352	0.906189	0.006459	0.459554	330.3
0.087174	0.906337	0.006489	0.459658	330.4
0.086996	0.906485	0.006519	0.459761	330.5
0.086819	0.906633	0.006549	0.459865	330.6
0.086642	0.906780	0.006578	0.459968	330.7
0.086466	0.906926	0.006609	0.460071	330.8
0.086290	0.907072	0.006639	0.460175	330.9
0.086114	0.907217	0.006669	0.460277	331.0
0.085939	0.907362	0.006699	0.460380	331.1
0.085764	0.907506	0.006730	0.460483	331.2
0.085590	0.907649	0.006761	0.460585	331.3
0.085416	0.907792	0.006791	0.460688	331.4
0.085243	0.907935	0.006822	0.460790	331.5
0.085070	0.908077	0.006853	0.460892	331.6
0.084897	0.908219	0.006884	0.460994	331.7
0.084725	0.908360	0.006916	0.461095	331.8
0.084553	0.908500	0.006947	0.461197	331.9
0.084382	0.908640	0.006978	0.461298	332.0
0.084211	0.908779	0.007010	0.461400	332.1
0.084040	0.908918	0.007042	0.461501	332.2
0.083870	0.909056	0.007074	0.461602	332.3
0.083700	0.909194	0.007106	0.461703	332.4
0.083531	0.909332	0.007138	0.461803	332.5
0.083362	0.909468	0.007170	0.461904	332.6
0.083193	0.909605	0.007202	0.462004	332.7
0.083025	0.909740	0.007235	0.462105	332.8
0.082857	0.909876	0.007267	0.462205	332.9
0.082690	0.910010	0.007300	0.462305	333.0
0.082523	0.910144	0.007333	0.462405	333.1
0.082356	0.910278	0.007366	0.462505	333.2
0.082190	0.910411	0.007399	0.462604	333.3
0.082024	0.910544	0.007432	0.462704	333.4
0.081859	0.910676	0.007465	0.462803	333.5
0.081694	0.910807	0.007499	0.462902	333.6
0.081529	0.910938	0.007532	0.463001	333.7
0.081365	0.911069	0.007566	0.463100	333.8
0.081201	0.911199	0.007600	0.463199	333.9
0.081038	0.911328	0.007634	0.463298	334.0
0.080875	0.911457	0.007668	0.463396	334.1
0.080712	0.911586	0.007702	0.463495	334.2
0.080550	0.911714	0.007736	0.463593	334.3
0.080388	0.911841	0.007771	0.463691	334.4
0.080226	0.911968	0.007805	0.463789	334.5
0.080065	0.912095	0.007840	0.463887	334.6
0.079905	0.912221	0.007875	0.463985	334.7
0.079744	0.912346	0.007910	0.464083	334.8
0.079584	0.912471	0.007945	0.464180	334.9
0.079425	0.912595	0.007980	0.464278	335.0
0.079265	0.912719	0.008015	0.464375	335.1
0.079106	0.912843	0.008051	0.464472	335.2
0.078948	0.912966	0.008086	0.464569	335.3
0.078790	0.913088	0.008122	0.464666	335.4
0.078632	0.913210	0.008158	0.464763	335.5
0.078475	0.913331	0.008194	0.464860	335.6
0.078318	0.913452	0.008230	0.464956	335.7
0.078161	0.913572	0.008267	0.465053	335.8
0.078005	0.913692	0.008303	0.465149	335.9
0.077849	0.913812	0.008340	0.465245	336.0
0.077693	0.913931	0.008376	0.465342	336.1
0.077538	0.914049	0.008413	0.465438	336.2
0.077383	0.914167	0.008450	0.465533	336.3
0.077229	0.914284	0.008487	0.465629	336.4
0.077075	0.914401	0.008524	0.465725	336.5
0.076921	0.914517	0.008562	0.465820	336.6
0.076768	0.914633	0.008599	0.465916	336.7
0.076615	0.914749	0.008637	0.466011	336.8
0.076462	0.914863	0.008675	0.466106	336.9
0.076310	0.914978	0.008713	0.466202	337.0
0.076158	0.915092	0.008751	0.466297	337.1
0.076006	0.915205	0.008789	0.466391	337.2
0.075855	0.915318	0.008827	0.466486	337.3
0.075704	0.915430	0.008866	0.466581	337.4
0.075553	0.915542	0.008904	0.466675	337.5
0.075403	0.915654	0.008943	0.466770	337.6
0.075253	0.915764	0.008982	0.466864	337.7
0.075104	0.915875	0.009021	0.466959	337.8
0.074955	0.915985	0.009060	0.467053	337.9
0.074806	0.916094	0.009100	0.467147	338.0
0.074658	0.916203	0.009139	0.467241	338.1
0.074510	0.916312	0.009179	0.467335	338.2
0.074362	0.916420	0.009219	0.467428	338.3
0.074214	0.916527	0.009258	0.467522	338.4
0.074067	0.916634	0.009298	0.467616	338.5
0.073921	0.916741	0.009339	0.467709	338.6
0.073774	0.916847	0.009379	0.467802	338.7
0.073628	0.916952	0.009420	0.467896	338.8
0.073483	0.917057	0.009460	0.467989	338.9
0.073337	0.917162	0.009501	0.468082	339.0
0.073192	0.917266	0.009542	0.468175	339.1
0.073048	0.917369	0.009583	0.468268	339.2
0.072903	0.917473	0.009624	0.468360	339.3
0.072759	0.917575	0.009666	0.468453	339.4
0.072616	0.917677	0.009707	0.468546	339.5
0.072472	0.917779	0.009749	0.468638	339.6
0.072329	0.917880	0.009791	0.468731	339.7
0.072187	0.917981	0.009833	0.468823	339.8
0.072044	0.918081	0.009875	0.468915	339.9
0.071902	0.918181	0.009917	0.469007	340.0
0.071761	0.918280	0.009959	0.469099	340.1
0.071619	0.918379	0.010002	0.469191	340.2
0.071478	0.918477	0.010045	0.469283	340.3
0.071338	0.918575	0.010088	0.469375	340.4
0.071197	0.918672	0.010131	0.469467	340.5
0.071057	0.918769	0.010174	0.469558	340.6
0.070917	0.918865	0.010217	0.469650	340.7
0.070778	0.918961	0.010261	0.469741	340.8
0.070639	0.919057	0.010304	0.469833	340.9
0.070500	0.919152	0.010348	0.469924	341.0
0.070362	0.919246	0.010392	0.470015	341.1
0.070224	0.919340	0.010436	0.470106	341.2
0.070086	0.919434	0.010480	0.470197	341.3
0.069949	0.919527	0.010525	0.470288	341.4
0.069811	0.919619	0.010569	0.470379	341.5
0.069675	0.919711	0.010614	0.470470	341.6
0.069538	0.919803	0.010659	0.470561	341.7
0.069402	0.919894	0.010704	0.470651	341.8
0.069266	0.919985	0.010749	0.470742	341.9
0.069130	0.920075	0.010795	0.470832	342.0
0.068995	0.920165	0.010840	0.470923	342.1
0.068860	0.920254	0.010886	0.471013	342.2
0.068725	0.920343	0.010932	0.471103	342.3
0.068591	0.920431	0.010978	0.471193	342.4
0.068457	0.920519	0.011024	0.471283	342.5
0.068323	0.920606	0.011070	0.471373	342.6
0.068190	0.920693	0.011117	0.471463	342.7
0.068057	0.920780	0.011164	0.471553	342.8
0.067924	0.920866	0.011210	0.471643	342.9
0.067792	0.920951	0.011257	0.471733	343.0
0.067659	0.921036	0.011304	0.471823	343.1
0.067528	0.921121	0.011352	0.471912	343.2
0.067396	0.921205	0.011399	0.472002	343.3
0.067265	0.921288	0.011447	0.472091	343.4
0.067134	0.921371	0.011495	0.472181	343.5
0.067003	0.921454	0.011543	0.472270	343.6
0.066873	0.921536	0.011591	0.472359	343.7
0.066743	0.921618	0.011639	0.472448	343.8
0.066613	0.921699	0.011688	0.472537	343.9
0.066483	0.921780	0.011736	0.472627	344.0
0.066354	0.921861	0.011785	0.472716	344.1
0.066225	0.921941	0.011834	0.472804	344.2
0.066097	0.922020	0.011883	0.472893	344.3
0.065968	0.922099	0.011933	0.472982	344.4
0.065840	0.922177	0.011982	0.473071	344.5
0.065713	0.922256	0.012032	0.473160	344.6
0.065585	0.922333	0.012082	0.473248	344.7
0.065458	0.922410	0.012132	0.473337	344.8
0.065331	0.922487	0.012182	0.473425	344.9
0.065205	0.922563	0.012232	0.473514	345.0
0.065078	0.922639	0.012283	0.473602	345.1
0.064952	0.922714	0.012334	0.473691	345.2
0.064827	0.922789	0.012384	0.473779	345.3
0.064701	0.922863	0.012436	0.473867	345.4
0.064576	0.922937	0.012487	0.473955	345.5
0.064451	0.923011	0.012538	0.474043	345.6
0.064327	0.923083	0.012590	0.474132	345.7
0.064202	0.923156	0.012642	0.474220	345.8
0.064078	0.923228	0.012693	0.474307	345.9
0.063955	0.923300	0.012746	0.474395	346.0
0.063831	0.923371	0.012798	0.474483	346.1
0.063708	0.923441	0.012850	0.474571	346.2
0.063585	0.923512	0.012903	0.474659	346.3
0.063463	0.923581	0.012956	0.474747	346.4
0.063340	0.923651	0.013009	0.474834	346.5
0.063218	0.923720	0.013062	0.474922	346.6
0.063097	0.923788	0.013115	0.475009	346.7
0.062975	0.923856	0.013169	0.475097	346.8
0.062854	0.923923	0.013223	0.475184	346.9
0.062733	0.923990	0.013277	0.475272	347.0
0.062612	0.924057	0.013331	0.475359	347.1
0.062492	0.924123	0.013385	0.475447	347.2
0.062372	0.924189	0.013439	0.475534	347.3
0.062252	0.924254	0.013494	0.475621	347.4
0.062132	0.924319	0.013549	0.475708	347.5
0.062013	0.924383	0.013604	0.475795	347.6
0.061894	0.924447	0.013659	0.475883	347.7
0.061775	0.924510	0.013715	0.475970	347.8
0.061657	0.924573	0.013770	0.476057	347.9
0.061539	0.924635	0.013826	0.476144	348.0
0.061421	0.924697	0.013882	0.476231	348.1
0.061303	0.924759	0.013938	0.476318	348.2
0.061186	0.924820	0.013994	0.476404	348.3
0.061068	0.924881	0.014051	0.476491	348.4
0.060951	0.924941	0.014108	0.476578	348.5
0.060835	0.925001	0.014164	0.476665	348.6
0.060718	0.925060	0.014222	0.476752	348.7
0.060602	0.925119	0.014279	0.476838	348.8
0.060486	0.925177	0.014336	0.476925	348.9
0.060371	0.925235	0.014394	0.477012	349.0
0.060256	0.925293	0.014452	0.477098	349.1
0.060140	0.925350	0.014510	0.477185	349.2
0.060026	0.925406	0.014568	0.477271	349.3
0.059911	0.925462	0.014627	0.477358	349.4
0.059797	0.925518	0.014685	0.477444	349.5
0.059683	0.925573	0.014744	0.477531	349.6
0.059569	0.925628	0.014803	0.477617	349.7
0.059455	0.925682	0.014862	0.477703	349.8
0.059342	0.925736	0.014922	0.477790	349.9
0.059229	0.925790	0.014981	0.477876	350.0
0.059116	0.925843	0.015041	0.477962	350.1
0.059004	0.925895	0.015101	0.478049	350.2
0.058891	0.925947	0.015161	0.478135	350.3
0.058779	0.925999	0.015222	0.478221	350.4
0.058668	0.926050	0.015282	0.478307	350.5
0.058556	0.926101	0.015343	0.478393	350.6
0.058445	0.926151	0.015404	0.478480	350.7
0.058334	0.926201	0.015465	0.478566	350.8
0.058223	0.926250	0.015527	0.478652	350.9
0.058112	0.926299	0.015588	0.478738	351.0
0.058002	0.926348	0.015650	0.478824	351.1
0.057892	0.926396	0.015712	0.478910	351.2
0.057782	0.926444	0.015774	0.478996	351.3
0.057673	0.926491	0.015836	0.479082	351.4
0.057563	0.926537	0.015899	0.479168	351.5
0.057454	0.926584	0.015962	0.479254	351.6
0.057346	0.926629	0.016025	0.479340	351.7
0.057237	0.926675	0.016088	0.479426	351.8
0.057129	0.926720	0.016152	0.479511	351.9
0.057021	0.926764	0.016215	0.479597	352.0
0.056913	0.926808	0.016279	0.479683	352.1
0.056805	0.926852	0.016343	0.479769	352.2
0.056698	0.926895	0.016407	0.479855	352.3
0.056591	0.926938	0.016472	0.479941	352.4
0.056484	0.926980	0.016536	0.480026	352.5
0.056377	0.927022	0.016601	0.480112	352.6
0.056271	0.927063	0.016666	0.480198	352.7
0.056164	0.927104	0.016732	0.480284	352.8
0.056058	0.927144	0.016797	0.480369	352.9
0.055953	0.927184	0.016863	0.480455	353.0
0.055847	0.927224	0.016929	0.480541	353.1
0.055742	0.927263	0.016995	0.480627	353.2
0.055637	0.927302	0.017061	0.480712	353.3
0.055532	0.927340	0.017128	0.480798	353.4
0.055427	0.927378	0.017195	0.480884	353.5
0.055323	0.927415	0.017262	0.480969	353.6
0.055219	0.927452	0.017329	0.481055	353.7
0.055115	0.927488	0.017396	0.481141	353.8
0.055011	0.927524	0.017464	0.481226	353.9
0.054908	0.927560	0.017532	0.481312	354.0
0.054805	0.927595	0.017600	0.481398	354.1
0.054702	0.927630	0.017668	0.481483	354.2
0.054599	0.927664	0.017737	0.481569	354.3
0.054497	0.927698	0.017806	0.481655	354.4
0.054394	0.927731	0.017875	0.481740	354.5
0.054292	0.927764	0.017944	0.481826	354.6
0.054190	0.927796	0.018013	0.481911	354.7
0.054089	0.927828	0.018083	0.481997	354.8
0.053987	0.927860	0.018153	0.482083	354.9
0.053886	0.927891	0.018223	0.482168	355.0
0.053785	0.927922	0.018293	0.482254	355.1
0.053685	0.927952	0.018364	0.482339	355.2
0.053584	0.927982	0.018434	0.482425	355.3
0.053484	0.928011	0.018505	0.482511	355.4
0.053384	0.928040	0.018576	0.482596	355.5
0.053284	0.928068	0.018648	0.482682	355.6
0.053184	0.928096	0.018719	0.482768	355.7
0.053085	0.928124	0.018791	0.482853	355.8
0.052986	0.928151	0.018863	0.482939	355.9
0.052887	0.928178	0.018936	0.483025	356.0
0.052788	0.928204	0.019008	0.483110	356.1
0.052689	0.928230	0.019081	0.483196	356.2
0.052591	0.928255	0.019154	0.483282	356.3
0.052493	0.928280	0.019227	0.483367	356.4
0.052395	0.928304	0.019301	0.483453	356.5
0.052297	0.928329	0.019374	0.483539	356.6
0.052200	0.928352	0.019448	0.483624	356.7
0.052102	0.928375	0.019522	0.483710	356.8
0.052005	0.928398	0.019597	0.483796	356.9
0.051908	0.928420	0.019671	0.483881	357.0
0.051812	0.928442	0.019746	0.483967	357.1
0.051715	0.928463	0.019821	0.484053	357.2
0.051619	0.928484	0.019897	0.484139	357.3
0.051523	0.928505	0.019972	0.484224	357.4
0.051427	0.928525	0.020048	0.484310	357.5
0.051332	0.928544	0.020124	0.484396	357.6
0.051236	0.928563	0.020200	0.484482	357.7
0.051141	0.928582	0.020277	0.484568	357.8
0.051046	0.928600	0.020353	0.484654	357.9
0.050951	0.928618	0.020430	0.484739	358.0
0.050857	0.928636	0.020508	0.484825	358.1
0.050763	0.928652	0.020585	0.484911	358.2
0.050668	0.928669	0.020663	0.484997	358.3
0.050574	0.928685	0.020741	0.485083	358.4
0.050481	0.928701	0.020819	0.485169	358.5
0.050387	0.928716	0.020897	0.485255	358.6
0.050294	0.928730	0.020976	0.485341	358.7
0.050201	0.928745	0.021055	0.485427	358.8
0.050108	0.928759	0.021134	0.485513	358.9
0.050015	0.928772	0.021213	0.485599	359.0
0.049922	0.928785	0.021293	0.485685	359.1
0.049830	0.928797	0.021373	0.485771	359.2
0.049738	0.928809	0.021453	0.485857	359.3
0.049646	0.928821	0.021533	0.485944	359.4
0.049554	0.928832	0.021614	0.486030	359.5
0.049463	0.928843	0.021695	0.486116	359.6
0.049371	0.928853	0.021776	0.486202	359.7
0.049280	0.928863	0.021857	0.486288	359.8
0.049189	0.928872	0.021939	0.486375	359.9
0.049098	0.928881	0.022020	0.486461	360.0
0.049008	0.928890	0.022102	0.486547	360.1
0.048917	0.928898	0.022185	0.486634	360.2
0.048827	0.928905	0.022267	0.486720	360.3
0.048737	0.928913	0.022350	0.486806	360.4
0.048647	0.928919	0.022433	0.486893	360.5
0.048558	0.928926	0.022517	0.486979	360.6
0.048468	0.928931	0.022600	0.487066	360.7
0.048379	0.928937	0.022684	0.487152	360.8
0.048290	0.928942	0.022768	0.487239	360.9
0.048201	0.928946	0.022852	0.487326	361.0
0.048113	0.928950	0.022937	0.487412	361.1
0.048024	0.928954	0.023022	0.487499	361.2
0.047936	0.928957	0.023107	0.487586	361.3
0.047848	0.928960	0.023192	0.487672	361.4
0.047760	0.928962	0.023278	0.487759	361.5
0.047672	0.928964	0.023364	0.487846	361.6
0.047585	0.928965	0.023450	0.487933	361.7
0.047497	0.928966	0.023536	0.488020	361.8
0.047410	0.928967	0.023623	0.488106	361.9
0.047323	0.928967	0.023710	0.488193	362.0
0.047236	0.928966	0.023797	0.488280	362.1
0.047150	0.928966	0.023885	0.488367	362.2
0.047063	0.928964	0.023972	0.488454	362.3
0.046977	0.928963	0.024060	0.488542	362.4
0.046891	0.928960	0.024148	0.488629	362.5
0.046805	0.928958	0.024237	0.488716	362.6
0.046720	0.928955	0.024326	0.488803	362.7
0.046634	0.928951	0.024415	0.488890	362.8
0.046549	0.928947	0.024504	0.488978	362.9
0.046464	0.928943	0.024593	0.489065	363.0
0.046379	0.928938	0.024683	0.489152	363.1
0.046294	0.928933	0.024773	0.489240	363.2
0.046209	0.928927	0.024864	0.489327	363.3
0.046125	0.928921	0.024954	0.489415	363.4
0.046041	0.928914	0.025045	0.489502	363.5
0.045956	0.928907	0.025136	0.489590	363.6
0.045873	0.928900	0.025228	0.489678	363.7
0.045789	0.928892	0.025319	0.489765	363.8
0.045705	0.928883	0.025411	0.489853	363.9
0.045622	0.928874	0.025504	0.489941	364.0
0.045539	0.928865	0.025596	0.490029	364.1
0.045456	0.928855	0.025689	0.490117	364.2
0.045373	0.928845	0.025782	0.490205	364.3
0.045290	0.928835	0.025875	0.490292	364.4
0.045208	0.928823	0.025969	0.490381	364.5
0.045125	0.928812	0.026063	0.490469	364.6
0.045043	0.928800	0.026157	0.490557	364.7
0.044961	0.928787	0.026251	0.490645	364.8
0.044880	0.928775	0.026346	0.490733	364.9
0.044798	0.928761	0.026441	0.490821	365.0
0.044716	0.928747	0.026536	0.490910	365.1
0.044635	0.928733	0.026632	0.490998	365.2
0.044554	0.928719	0.026727	0.491087	365.3
0.044473	0.928703	0.026823	0.491175	365.4
0.044392	0.928688	0.026920	0.491264	365.5
0.044312	0.928672	0.027016	0.491352	365.6
0.044231	0.928655	0.027113	0.491441	365.7
0.044151	0.928638	0.027211	0.491530	365.8
0.044071	0.928621	0.027308	0.491619	365.9
0.043991	0.928603	0.027406	0.491707	366.0
0.043911	0.928585	0.027504	0.491796	366.1
0.043832	0.928566	0.027602	0.491885	366.2
0.043752	0.928547	0.027701	0.491974	366.3
0.043673	0.928528	0.027800	0.492063	366.4
0.043594	0.928507	0.027899	0.492153	366.5
0.043515	0.928487	0.027998	0.492242	366.6
0.043436	0.928466	0.028098	0.492331	366.7
0.043357	0.928445	0.028198	0.492420	366.8
0.043279	0.928423	0.028298	0.492510	366.9
0.043201	0.928400	0.028399	0.492599	367.0
0.043123	0.928378	0.028500	0.492689	367.1
0.043045	0.928354	0.028601	0.492778	367.2
0.042967	0.928331	0.028703	0.492868	367.3
0.042889	0.928307	0.028804	0.492958	367.4
0.042812	0.928282	0.028906	0.493047	367.5
0.042734	0.928257	0.029009	0.493137	367.6
0.042657	0.928231	0.029111	0.493227	367.7
0.042580	0.928206	0.029214	0.493317	367.8
0.042503	0.928179	0.029318	0.493407	367.9
0.042427	0.928152	0.029421	0.493497	368.0
0.042350	0.928125	0.029525	0.493587	368.1
0.042274	0.928097	0.029629	0.493678	368.2
0.042198	0.928069	0.029733	0.493768	368.3
0.042122	0.928040	0.029838	0.493858	368.4
0.042046	0.928011	0.029943	0.493949	368.5
0.041970	0.927982	0.030048	0.494039	368.6
0.041894	0.927952	0.030154	0.494130	368.7
0.041819	0.927921	0.030260	0.494220	368.8
0.041744	0.927890	0.030366	0.494311	368.9
0.041669	0.927859	0.030472	0.494402	369.0
0.041594	0.927827	0.030579	0.494493	369.1
0.041519	0.927795	0.030686	0.494584	369.2
0.041444	0.927762	0.030794	0.494675	369.3
0.041370	0.927729	0.030901	0.494766	369.4
0.041295	0.927695	0.031009	0.494857	369.5
0.041221	0.927661	0.031118	0.494948	369.6
0.041147	0.927627	0.031226	0.495040	369.7
0.041073	0.927592	0.031335	0.495131	369.8
0.040999	0.927556	0.031444	0.495223	369.9
0.040926	0.927520	0.031554	0.495314	370.0
0.040852	0.927484	0.031664	0.495406	370.1
0.040779	0.927447	0.031774	0.495497	370.2
0.040706	0.927410	0.031884	0.495589	370.3
0.040633	0.927372	0.031995	0.495681	370.4
0.040560	0.927334	0.032106	0.495773	370.5
0.040487	0.927295	0.032217	0.495865	370.6
0.040415	0.927256	0.032329	0.495957	370.7
0.040343	0.927216	0.032441	0.496049	370.8
0.040270	0.927176	0.032553	0.496142	370.9
0.040198	0.927136	0.032666	0.496234	371.0
0.040126	0.927095	0.032779	0.496326	371.1
0.040054	0.927054	0.032892	0.496419	371.2
0.039983	0.927012	0.033006	0.496511	371.3
0.039911	0.926969	0.033119	0.496604	371.4
0.039840	0.926927	0.033234	0.496697	371.5
0.039769	0.926883	0.033348	0.496790	371.6
0.039698	0.926840	0.033463	0.496883	371.7
0.039627	0.926795	0.033578	0.496976	371.8
0.039556	0.926751	0.033693	0.497069	371.9
0.039485	0.926706	0.033809	0.497162	372.0
0.039415	0.926660	0.033925	0.497255	372.1
0.039344	0.926614	0.034041	0.497349	372.2
0.039274	0.926568	0.034158	0.497442	372.3
0.039204	0.926521	0.034275	0.497536	372.4
0.039134	0.926473	0.034392	0.497629	372.5
0.039064	0.926425	0.034510	0.497723	372.6
0.038995	0.926377	0.034628	0.497817	372.7
0.038925	0.926328	0.034746	0.497911	372.8
0.038856	0.926279	0.034865	0.498005	372.9
0.038787	0.926229	0.034984	0.498099	373.0
0.038718	0.926179	0.035103	0.498193	373.1
0.038649	0.926129	0.035223	0.498287	373.2
0.038580	0.926078	0.035343	0.498381	373.3
0.038511	0.926026	0.035463	0.498476	373.4
0.038443	0.925974	0.035583	0.498570	373.5
0.038374	0.925921	0.035704	0.498665	373.6
0.038306	0.925869	0.035825	0.498760	373.7
0.038238	0.925815	0.035947	0.498855	373.8
0.038170	0.925761	0.036069	0.498949	373.9
0.038102	0.925707	0.036191	0.499044	374.0
0.038034	0.925652	0.036314	0.499140	374.1
0.037967	0.925597	0.036436	0.499235	374.2
0.037899	0.925541	0.036560	0.499330	374.3
0.037832	0.925485	0.036683	0.499426	374.4
0.037765	0.925428	0.036807	0.499521	374.5
0.037698	0.925371	0.036931	0.499617	374.6
0.037631	0.925313	0.037056	0.499712	374.7
0.037564	0.925255	0.037180	0.499808	374.8
0.037498	0.925197	0.037306	0.499904	374.9
0.037431	0.925138	0.037431	0.500000	375.0
0.037365	0.925078	0.037557	0.500096	375.1
0.037298	0.925018	0.037683	0.500192	375.2
0.037232	0.924958	0.037810	0.500289	375.3
0.037166	0.924897	0.037936	0.500385	375.4
0.037101	0.924836	0.038064	0.500482	375.5
0.037035	0.924774	0.038191	0.500578	375.6
0.036969	0.924712	0.038319	0.500675	375.7
0.036904	0.924649	0.038447	0.500772	375.8
0.036839	0.924586	0.038576	0.500869	375.9
0.036773	0.924522	0.038705	0.500966	376.0
0.036708	0.924458	0.038834	0.501063	376.1
0.036643	0.924393	0.038963	0.501160	376.2
0.036579	0.924328	0.039093	0.501257	376.3
0.036514	0.924263	0.039223	0.501355	376.4
0.036449	0.924197	0.039354	0.501452	376.5
0.036385	0.924130	0.039485	0.501550	376.6
0.036321	0.924063	0.039616	0.501648	376.7
0.036257	0.923996	0.039748	0.501746	376.8
0.036193	0.923928	0.039880	0.501844	376.9
0.036129	0.923859	0.040012	0.501942	377.0
0.036065	0.923790	0.040145	0.502040	377.1
0.036001	0.923721	0.040278	0.502138	377.2
0.035938	0.923651	0.040411	0.502237	377.3
0.035874	0.923581	0.040545	0.502335	377.4
0.035811	0.923510	0.040679	0.502434	377.5
0.035748	0.923439	0.040813	0.502533	377.6
0.035685	0.923367	0.040948	0.502631	377.7
0.035622	0.923295	0.041083	0.502730	377.8
0.035559	0.923222	0.041218	0.502830	377.9
0.035497	0.923149	0.041354	0.502929	378.0
0.035434	0.923076	0.041490	0.503028	378.1
0.035372	0.923001	0.041627	0.503128	378.2
0.035309	0.922927	0.041764	0.503227	378.3
0.035247	0.922852	0.041901	0.503327	378.4
0.035185	0.922776	0.042038	0.503427	378.5
0.035123	0.922700	0.042176	0.503526	378.6
0.035062	0.922624	0.042315	0.503626	378.7
0.035000	0.922547	0.042453	0.503727	378.8
0.034938	0.922470	0.042592	0.503827	378.9
0.034877	0.922392	0.042731	0.503927	379.0
0.034816	0.922313	0.042871	0.504028	379.1
0.034754	0.922234	0.043011	0.504128	379.2
0.034693	0.922155	0.043152	0.504229	379.3
0.034632	0.922075	0.043292	0.504330	379.4
0.034572	0.921995	0.043433	0.504431	379.5
0.034511	0.921914	0.043575	0.504532	379.6
0.034450	0.921833	0.043717	0.504633	379.7
0.034390	0.921751	0.043859	0.504735	379.8
0.034329	0.921669	0.044002	0.504836	379.9
0.034269	0.921586	0.044144	0.504938	380.0
0.034209	0.921503	0.044288	0.505039	380.1
0.034149	0.921419	0.044431	0.505141	380.2
0.034089	0.921335	0.044575	0.505243	380.3
0.034030	0.921251	0.044720	0.505345	380.4
0.033970	0.921166	0.044865	0.505447	380.5
0.033910	0.921080	0.045010	0.505550	380.6
0.033851	0.920994	0.045155	0.505652	380.7
0.033792	0.920907	0.045301	0.505755	380.8
0.033732	0.920820	0.045447	0.505857	380.9
0.033673	0.920733	0.045594	0.505960	381.0
0.033614	0.920645	0.045741	0.506063	381.1
0.033556	0.920556	0.045888	0.506166	381.2
0.033497	0.920467	0.046036	0.506269	381.3
0.033438	0.920378	0.046184	0.506373	381.4
0.033380	0.920288	0.046332	0.506476	381.5
0.033321	0.920198	0.046481	0.506580	381.6
0.033263	0.920107	0.046630	0.506684	381.7
0.033205	0.920015	0.046780	0.506787	381.8
0.033147	0.919923	0.046930	0.506891	381.9
0.033089	0.919831	0.047080	0.506996	382.0
0.033031	0.919738	0.047231	0.507100	382.1
0.032973	0.919645	0.047382	0.507204	382.2
0.032916	0.919551	0.047533	0.507309	382.3
0.032858	0.919457	0.047685	0.507413	382.4
0.032801	0.919362	0.047837	0.507518	382.5
0.032744	0.919267	0.047990	0.507623	382.6
0.032686	0.919171	0.048143	0.507728	382.7
0.032629	0.919075	0.048296	0.507833	382.8
0.032573	0.918978	0.048450	0.507939	382.9
0.032516	0.918881	0.048604	0.508044	383.0
0.032459	0.918783	0.048758	0.508150	383.1
0.032402	0.918685	0.048913	0.508255	383.2
0.032346	0.918586	0.049068	0.508361	383.3
0.032289	0.918487	0.049224	0.508467	383.4
0.032233	0.918387	0.049380	0.508573	383.5
0.032177	0.918287	0.049536	0.508680	383.6
0.032121	0.918186	0.049693	0.508786	383.7
0.032065	0.918085	0.049850	0.508892	383.8
0.032009	0.917983	0.050007	0.508999	383.9
0.031953	0.917881	0.050165	0.509106	384.0
0.031898	0.917779	0.050324	0.509213	384.1
0.031842	0.917676	0.050482	0.509320	384.2
0.031787	0.917572	0.050641	0.509427	384.3
0.031731	0.917468	0.050801	0.509535	384.4
0.031676	0.917363	0.050961	0.509642	384.5
0.031621	0.917258	0.051121	0.509750	384.6
0.031566	0.917152	0.051281	0.509858	384.7
0.031511	0.917046	0.051442	0.509966	384.8
0.031456	0.916940	0.051604	0.510074	384.9
0.031402	0.916833	0.051766	0.510182	385.0
0.031347	0.916725	0.051928	0.510290	385.1
0.031293	0.916617	0.052090	0.510399	385.2
0.031238	0.916509	0.052253	0.510507	385.3
0.031184	0.916399	0.052417	0.510616	385.4
0.031130	0.916290	0.052580	0.510725	385.5
0.031076	0.916180	0.052744	0.510834	385.6
0.031022	0.916069	0.052909	0.510944	385.7
0.030968	0.915958	0.053074	0.511053	385.8
0.030914	0.915847	0.053239	0.511162	385.9
0.030861	0.915735	0.053405	0.511272	386.0
0.030807	0.915622	0.053571	0.511382	386.1
0.030754	0.915509	0.053737	0.511492	386.2
0.030700	0.915396	0.053904	0.511602	386.3
0.030647	0.915282	0.054072	0.511712	386.4
0.030594	0.915167	0.054239	0.511823	386.5
0.030541	0.915052	0.054407	0.511933	386.6
0.030488	0.914936	0.054576	0.512044	386.7
0.030435	0.914820	0.054745	0.512155	386.8
0.030382	0.914704	0.054914	0.512266	386.9
0.030329	0.914587	0.055084	0.512377	387.0
0.030277	0.914469	0.055254	0.512488	387.1
0.030224	0.914351	0.055424	0.512600	387.2
0.030172	0.914233	0.055595	0.512712	387.3
0.030120	0.914114	0.055766	0.512823	387.4
0.030068	0.913994	0.055938	0.512935	387.5
0.030016	0.913874	0.056110	0.513047	387.6
0.029964	0.913754	0.056283	0.513160	387.7
0.029912	0.913633	0.056456	0.513272	387.8
0.029860	0.913511	0.056629	0.513384	387.9
0.029808	0.913389	0.056803	0.513497	388.0
0.029757	0.913266	0.056977	0.513610	388.1
0.029705	0.913143	0.057151	0.513723	388.2
0.029654	0.913020	0.057326	0.513836	388.3
0.029603	0.912896	0.057502	0.513950	388.4
0.029551	0.912771	0.057677	0.514063	388.5
0.029500	0.912646	0.057854	0.514177	388.6
0.029449	0.912520	0.058030	0.514290	388.7
0.029398	0.912394	0.058207	0.514404	388.8
0.029348	0.912268	0.058385	0.514518	388.9
0.029297	0.912141	0.058562	0.514633	389.0
0.029246	0.912013	0.058741	0.514747	389.1
0.029196	0.911885	0.058919	0.514862	389.2
0.029145	0.911756	0.059098	0.514976	389.3
0.029095	0.911627	0.059278	0.515091	389.4
0.029045	0.911498	0.059458	0.515206	389.5
0.028995	0.911367	0.059638	0.515322	389.6
0.028945	0.911237	0.059819	0.515437	389.7
0.028895	0.911106	0.060000	0.515553	389.8
0.028845	0.910974	0.060181	0.515668	389.9
0.028795	0.910842	0.060363	0.515784	390.0
0.028745	0.910709	0.060546	0.515900	390.1
0.028696	0.910576	0.060728	0.516016	390.2
0.028646	0.910442	0.060912	0.516133	390.3
0.028597	0.910308	0.061095	0.516249	390.4
0.028548	0.910173	0.061279	0.516366	390.5
0.028498	0.910038	0.061464	0.516483	390.6
0.028449	0.909902	0.061649	0.516600	390.7
0.028400	0.909766	0.061834	0.516717	390.8
0.028351	0.909629	0.062020	0.516834	390.9
0.028302	0.909492	0.062206	0.516952	391.0
0.028254	0.909354	0.062392	0.517069	391.1
0.028205	0.909216	0.062579	0.517187	391.2
0.028156	0.909077	0.062767	0.517305	391.3
0.028108	0.908938	0.062955	0.517423	391.4
0.028059	0.908798	0.063143	0.517542	391.5
0.028011	0.908657	0.063332	0.517660	391.6
0.027963	0.908517	0.063521	0.517779	391.7
0.027915	0.908375	0.063710	0.517898	391.8
0.027867	0.908233	0.063900	0.518017	391.9
0.027819	0.908091	0.064090	0.518136	392.0
0.027771	0.907948	0.064281	0.518255	392.1
0.027723	0.907804	0.064473	0.518375	392.2
0.027675	0.907661	0.064664	0.518494	392.3
0.027628	0.907516	0.064856	0.518614	392.4
0.027580	0.907371	0.065049	0.518734	392.5
0.027533	0.907226	0.065242	0.518855	392.6
0.027485	0.907080	0.065435	0.518975	392.7
0.027438	0.906933	0.065629	0.519095	392.8
0.027391	0.906786	0.065823	0.519216	392.9
0.027344	0.906638	0.066018	0.519337	393.0
0.027297	0.906490	0.066213	0.519458	393.1
0.027250	0.906342	0.066408	0.519579	393.2
0.027203	0.906192	0.066604	0.519701	393.3
0.027156	0.906043	0.066801	0.519822	393.4
0.027110	0.905893	0.066998	0.519944	393.5
0.027063	0.905742	0.067195	0.520066	393.6
0.027017	0.905591	0.067393	0.520188	393.7
0.026970	0.905439	0.067591	0.520310	393.8
0.026924	0.905287	0.067789	0.520433	393.9
0.026878	0.905134	0.067988	0.520555	394.0
0.026831	0.904981	0.068188	0.520678	394.1
0.026785	0.904827	0.068388	0.520801	394.2
0.026739	0.904673	0.068588	0.520924	394.3
0.026694	0.904518	0.068789	0.521048	394.4
0.026648	0.904362	0.068990	0.521171	394.5
0.026602	0.904207	0.069192	0.521295	394.6
0.026556	0.904050	0.069394	0.521419	394.7
0.026511	0.903893	0.069596	0.521543	394.8
0.026465	0.903736	0.069799	0.521667	394.9
0.026420	0.903578	0.070002	0.521791	395.0
0.026375	0.903419	0.070206	0.521916	395.1
0.026329	0.903260	0.070410	0.522041	395.2
0.026284	0.903101	0.070615	0.522165	395.3
0.026239	0.902941	0.070820	0.522291	395.4
0.026194	0.902780	0.071026	0.522416	395.5
0.026149	0.902619	0.071232	0.522541	395.6
0.026104	0.902457	0.071438	0.522667	395.7
0.026060	0.902295	0.071645	0.522793	395.8
0.026015	0.902132	0.071853	0.522919	395.9
0.025970	0.901969	0.072060	0.523045	396.0
0.025926	0.901805	0.072269	0.523171	396.1
0.025881	0.901641	0.072477	0.523298	396.2
0.025837	0.901476	0.072687	0.523425	396.3
0.025793	0.901311	0.072896	0.523552	396.4
0.025749	0.901145	0.073106	0.523679	396.5
0.025705	0.900979	0.073317	0.523806	396.6
0.025661	0.900812	0.073528	0.523934	396.7
0.025617	0.900645	0.073739	0.524061	396.8
0.025573	0.900477	0.073951	0.524189	396.9
0.025529	0.900308	0.074163	0.524317	397.0
0.025485	0.900139	0.074376	0.524445	397.1
0.025442	0.899970	0.074589	0.524574	397.2
0.025398	0.899800	0.074802	0.524702	397.3
0.025355	0.899629	0.075017	0.524831	397.4
0.025311	0.899458	0.075231	0.524960	397.5
0.025268	0.899286	0.075446	0.525089	397.6
0.025225	0.899114	0.075661	0.525218	397.7
0.025181	0.898941	0.075877	0.525348	397.8
0.025138	0.898768	0.076094	0.525478	397.9
0.025095	0.898594	0.076310	0.525608	398.0
0.025052	0.898420	0.076528	0.525738	398.1
0.025010	0.898245	0.076745	0.525868	398.2
0.024967	0.898070	0.076963	0.525998	398.3
0.024924	0.897894	0.077182	0.526129	398.4
0.024881	0.897718	0.077401	0.526260	398.5
0.024839	0.897541	0.077621	0.526391	398.6
0.024796	0.897363	0.077840	0.526522	398.7
0.024754	0.897185	0.078061	0.526653	398.8
0.024712	0.897007	0.078282	0.526785	398.9
0.024669	0.896828	0.078503	0.526917	399.0
0.024627	0.896648	0.078725	0.527049	399.1
0.024585	0.896468	0.078947	0.527181	399.2
0.024543	0.896287	0.079170	0.527313	399.3
0.024501	0.896106	0.079393	0.527446	399.4
0.024459	0.895924	0.079616	0.527579	399.5
0.024418	0.895742	0.079841	0.527712	399.6
0.024376	0.895559	0.080065	0.527845	399.7
0.024334	0.895376	0.080290	0.527978	399.8
0.024293	0.895192	0.080515	0.528111	399.9
0.024251	0.895008	0.080741	0.528245	400.0
0.024210	0.894823	0.080968	0.528379	400.1
0.024168	0.894637	0.081195	0.528513	400.2
0.024127	0.894451	0.081422	0.528647	400.3
0.024086	0.894265	0.081650	0.528782	400.4
0.024045	0.894078	0.081878	0.528917	400.5
0.024004	0.893890	0.082106	0.529051	400.6
0.023963	0.893702	0.082336	0.529186	400.7
0.023922	0.893513	0.082565	0.529322	400.8
0.023881	0.893324	0.082795	0.529457	400.9
0.023840	0.893134	0.083026	0.529593	401.0
0.023799	0.892944	0.083257	0.529729	401.1
0.023759	0.892753	0.083488	0.529865	401.2
0.023718	0.892562	0.083720	0.530001	401.3
0.023678	0.892370	0.083952	0.530137	401.4
0.023637	0.892177	0.084185	0.530274	401.5
0.023597	0.891984	0.084419	0.530411	401.6
0.023557	0.891791	0.084652	0.530548	401.7
0.023516	0.891597	0.084887	0.530685	401.8
0.023476	0.891402	0.085121	0.530822	401.9
0.023436	0.891207	0.085356	0.530960	402.0
0.023396	0.891012	0.085592	0.531098	402.1
0.023356	0.890815	0.085828	0.531236	402.2
0.023317	0.890619	0.086065	0.531374	402.3
0.023277	0.890421	0.086302	0.531513	402.4
0.023237	0.890224	0.086539	0.531651	402.5
0.023197	0.890025	0.086777	0.531790	402.6
0.023158	0.889826	0.087016	0.531929	402.7
0.023118	0.889627	0.087255	0.532068	402.8
0.023079	0.889427	0.087494	0.532208	402.9
0.023040	0.889227	0.087734	0.532347	403.0
0.023000	0.889025	0.087974	0.532487	403.1
0.022961	0.888824	0.088215	0.532627	403.2
0.022922	0.888622	0.088456	0.532767	403.3
0.022883	0.888419	0.088698	0.532908	403.4
0.022844	0.888216	0.088940	0.533048	403.5
0.022805	0.888012	0.089183	0.533189	403.6
0.022766	0.887808	0.089426	0.533330	403.7
0.022727	0.887603	0.089670	0.533471	403.8
0.022688	0.887398	0.089914	0.533613	403.9
0.022650	0.887192	0.090158	0.533754	404.0
0.022611	0.886985	0.090403	0.533896	404.1
0.022573	0.886778	0.090649	0.534038	404.2
0.022534	0.886571	0.090895	0.534180	404.3
0.022496	0.886363	0.091141	0.534323	404.4
0.022457	0.886154	0.091388	0.534466	404.5
0.022419	0.885945	0.091636	0.534608	404.6
0.022381	0.885735	0.091884	0.534751	404.7
0.022343	0.885525	0.092132	0.534895	404.8
0.022305	0.885314	0.092381	0.535038	404.9
0.022267	0.885103	0.092630	0.535182	405.0
0.022229	0.884891	0.092880	0.535326	405.1
0.022191	0.884679	0.093130	0.535470	405.2
0.022153	0.884466	0.093381	0.535614	405.3
0.022115	0.884253	0.093632	0.535759	405.4
0.022077	0.884038	0.093884	0.535903	405.5
0.022040	0.883824	0.094136	0.536048	405.6
0.022002	0.883609	0.094389	0.536193	405.7
0.021965	0.883393	0.094642	0.536339	405.8
0.021927	0.883177	0.094896	0.536484	405.9
0.021890	0.882960	0.095150	0.536630	406.0
0.021853	0.882743	0.095404	0.536776	406.1
0.021816	0.882525	0.095659	0.536922	406.2
0.021778	0.882307	0.095915	0.537068	406.3
0.021741	0.882088	0.096171	0.537215	406.4
0.021704	0.881868	0.096427	0.537362	406.5
0.021667	0.881648	0.096684	0.537509	406.6
0.021630	0.881428	0.096942	0.537656	406.7
0.021594	0.881207	0.097200	0.537803	406.8
0.021557	0.880985	0.097458	0.537951	406.9
0.021520	0.880763	0.097717	0.538099	407.0
0.021483	0.880540	0.097976	0.538247	407.1
0.021447	0.880317	0.098236	0.538395	407.2
0.021410	0.880093	0.098497	0.538543	407.3
0.021374	0.879869	0.098757	0.538692	407.4
0.021337	0.879644	0.099019	0.538841	407.5
0.021301	0.879418	0.099280	0.538990	407.6
0.021265	0.879193	0.099543	0.539139	407.7
0.021229	0.878966	0.099805	0.539288	407.8
0.021192	0.878739	0.100069	0.539438	407.9
0.021156	0.878511	0.100332	0.539588	408.0
0.021120	0.878283	0.100597	0.539738	408.1
0.021084	0.878054	0.100861	0.539889	408.2
0.021048	0.877825	0.101126	0.540039	408.3
0.021013	0.877595	0.101392	0.540190	408.4
0.020977	0.877365	0.101658	0.540341	408.5
0.020941	0.877134	0.101925	0.540492	408.6
0.020905	0.876903	0.102192	0.540643	408.7
0.020870	0.876671	0.102460	0.540795	408.8
0.020834	0.876438	0.102728	0.540947	408.9
0.020799	0.876205	0.102996	0.541099	409.0
0.020763	0.875971	0.103265	0.541251	409.1
0.020728	0.875737	0.103535	0.541403	409.2
0.020693	0.875503	0.103805	0.541556	409.3
0.020657	0.875267	0.104075	0.541709	409.4
0.020622	0.875032	0.104346	0.541862	409.5
0.020587	0.874795	0.104618	0.542015	409.6
0.020552	0.874558	0.104890	0.542169	409.7
0.020517	0.874321	0.105162	0.542323	409.8
0.020482	0.874083	0.105435	0.542476	409.9
0.020447	0.873844	0.105708	0.542631	410.0
0.020412	0.873605	0.105982	0.542785	410.1
0.020378	0.873366	0.106257	0.542940	410.2
0.020343	0.873125	0.106532	0.543094	410.3
0.020308	0.872885	0.106807	0.543249	410.4
0.020274	0.872643	0.107083	0.543405	410.5
0.020239	0.872402	0.107359	0.543560	410.6
0.020205	0.872159	0.107636	0.543716	410.7
0.020170	0.871916	0.107913	0.543871	410.8
0.020136	0.871673	0.108191	0.544028	410.9
0.020102	0.871429	0.108469	0.544184	411.0
0.020067	0.871184	0.108748	0.544340	411.1
0.020033	0.870939	0.109027	0.544497	411.2
0.019999	0.870694	0.109307	0.544654	411.3
0.019965	0.870447	0.109587	0.544811	411.4
0.019931	0.870201	0.109868	0.544969	411.5
0.019897	0.869953	0.110149	0.545126	411.6
0.019863	0.869706	0.110431	0.545284	411.7
0.019829	0.869457	0.110713	0.545442	411.8
0.019796	0.869208	0.110996	0.545600	411.9
0.019762	0.868959	0.111279	0.545759	412.0
0.019728	0.868709	0.111563	0.545917	412.1
0.019695	0.868458	0.111847	0.546076	412.2
0.019661	0.868207	0.112132	0.546235	412.3
0.019628	0.867956	0.112417	0.546395	412.4
0.019594	0.867703	0.112702	0.546554	412.5
0.019561	0.867451	0.112989	0.546714	412.6
0.019528	0.867197	0.113275	0.546874	412.7
0.019494	0.866943	0.113562	0.547034	412.8
0.019461	0.866689	0.113850	0.547194	412.9
0.019428	0.866434	0.114138	0.547355	413.0
0.019395	0.866179	0.114426	0.547516	413.1
0.019362	0.865923	0.114716	0.547677	413.2
0.019329	0.865666	0.115005	0.547838	413.3
0.019296	0.865409	0.115295	0.548000	413.4
0.019263	0.865151	0.115586	0.548161	413.5
0.019230	0.864893	0.115877	0.548323	413.6
0.019197	0.864634	0.116168	0.548485	413.7
0.019165	0.864375	0.116460	0.548648	413.8
0.019132	0.864115	0.116753	0.548810	413.9
0.019100	0.863855	0.117046	0.548973	414.0
0.019067	0.863594	0.117339	0.549136	414.1
0.019034	0.863332	0.117633	0.549299	414.2
0.019002	0.863070	0.117928	0.549463	414.3
0.018970	0.862808	0.118223	0.549626	414.4
0.018937	0.862545	0.118518	0.549790	414.5
0.018905	0.862281	0.118814	0.549954	414.6
0.018873	0.862017	0.119110	0.550119	414.7
0.018841	0.861752	0.119407	0.550283	414.8
0.018809	0.861487	0.119705	0.550448	414.9
0.018777	0.861221	0.120003	0.550613	415.0
0.018745	0.860954	0.120301	0.550778	415.1
0.018713	0.860688	0.120600	0.550944	415.2
0.018681	0.860420	0.120899	0.551109	415.3
0.018649	0.860152	0.121199	0.551275	415.4
0.018617	0.859883	0.121500	0.551441	415.5
0.018585	0.859614	0.121800	0.551608	415.6
0.018554	0.859345	0.122102	0.551774	415.7
0.018522	0.859074	0.122404	0.551941	415.8
0.018490	0.858804	0.122706	0.552108	415.9
0.018459	0.858532	0.123009	0.552275	416.0
0.018427	0.858261	0.123312	0.552442	416.1
0.018396	0.857988	0.123616	0.552610	416.2
0.018365	0.857715	0.123920	0.552778	416.3
0.018333	0.857442	0.124225	0.552946	416.4
0.018302	0.857168	0.124530	0.553114	416.5
0.018271	0.856893	0.124836	0.553283	416.6
0.018240	0.856618	0.125142	0.553451	416.7
0.018209	0.856342	0.125449	0.553620	416.8
0.018178	0.856066	0.125756	0.553789	416.9
0.018147	0.855789	0.126064	0.553959	417.0
0.018116	0.855512	0.126372	0.554128	417.1
0.018085	0.855234	0.126681	0.554298	417.2
0.018054	0.854956	0.126990	0.554468	417.3
0.018023	0.854677	0.127300	0.554638	417.4
0.017992	0.854398	0.127610	0.554809	417.5
0.017962	0.854118	0.127921	0.554980	417.6
0.017931	0.853837	0.128232	0.555151	417.7
0.017900	0.853556	0.128544	0.555322	417.8
0.017870	0.853274	0.128856	0.555493	417.9
0.017839	0.852992	0.129168	0.555665	418.0
0.017809	0.852710	0.129482	0.555836	418.1
0.017778	0.852426	0.129795	0.556008	418.2
0.017748	0.852142	0.130109	0.556181	418.3
0.017718	0.851858	0.130424	0.556353	418.4
0.017688	0.851573	0.130739	0.556526	418.5
0.017657	0.851288	0.131055	0.556699	418.6
0.017627	0.851002	0.131371	0.556872	418.7
0.017597	0.850715	0.131687	0.557045	418.8
0.017567	0.850428	0.132005	0.557219	418.9
0.017537	0.850141	0.132322	0.557392	419.0
0.017507	0.849853	0.132640	0.557566	419.1
0.017477	0.849564	0.132959	0.557741	419.2
0.017447	0.849275	0.133278	0.557915	419.3
0.017418	0.848985	0.133597	0.558090	419.4
0.017388	0.848695	0.133917	0.558265	419.5
0.017358	0.848404	0.134238	0.558440	419.6
0.017329	0.848113	0.134559	0.558615	419.7
0.017299	0.847821	0.134880	0.558791	419.8
0.017269	0.847528	0.135202	0.558966	419.9
0.017240	0.847235	0.135525	0.559142	420.0
0.017210	0.846942	0.135848	0.559319	420.1
0.017181	0.846648	0.136171	0.559495	420.2
0.017152	0.846353	0.136495	0.559672	420.3
0.017122	0.846058	0.136820	0.559849	420.4
0.017093	0.845762	0.137145	0.560026	420.5
0.017064	0.845466	0.137470	0.560203	420.6
0.017035	0.845169	0.137796	0.560381	420.7
0.017006	0.844872	0.138122	0.560558	420.8
0.016977	0.844574	0.138449	0.560736	420.9
0.016948	0.844276	0.138777	0.560914	421.0
0.016919	0.843977	0.139104	0.561093	421.1
0.016890	0.843678	0.139433	0.561272	421.2
0.016861	0.843378	0.139762	0.561450	421.3
0.016832	0.843077	0.140091	0.561629	421.4
0.016803	0.842776	0.140421	0.561809	421.5
0.016774	0.842474	0.140751	0.561988	421.6
0.016746	0.842172	0.141082	0.562168	421.7
0.016717	0.841870	0.141413	0.562348	421.8
0.016689	0.841567	0.141745	0.562528	421.9
0.016660	0.841263	0.142077	0.562709	422.0
0.016631	0.840959	0.142410	0.562889	422.1
0.016603	0.840654	0.142743	0.563070	422.2
0.016575	0.840349	0.143077	0.563251	422.3
0.016546	0.840043	0.143411	0.563432	422.4
0.016518	0.839736	0.143746	0.563614	422.5
0.016490	0.839429	0.144081	0.563796	422.6
0.016461	0.839122	0.144417	0.563978	422.7
0.016433	0.838814	0.144753	0.564160	422.8
0.016405	0.838505	0.145089	0.564342	422.9
0.016377	0.838196	0.145427	0.564525	423.0
0.016349	0.837887	0.145764	0.564708	423.1
0.016321	0.837577	0.146102	0.564891	423.2
0.016293	0.837266	0.146441	0.565074	423.3
0.016265	0.836955	0.146780	0.565257	423.4
0.016237	0.836643	0.147119	0.565441	423.5
0.016210	0.836331	0.147459	0.565625	423.6
0.016182	0.836018	0.147800	0.565809	423.7
0.016154	0.835705	0.148141	0.565993	423.8
0.016126	0.835391	0.148482	0.566178	423.9
0.016099	0.835077	0.148824	0.566363	424.0
0.016071	0.834762	0.149167	0.566548	424.1
0.016044	0.834447	0.149510	0.566733	424.2
0.016016	0.834131	0.149853	0.566919	424.3
0.015989	0.833814	0.150197	0.567104	424.4
0.015961	0.833497	0.150542	0.567290	424.5
0.015934	0.833180	0.150886	0.567476	424.6
0.015907	0.832862	0.151232	0.567663	424.7
0.015879	0.832543	0.151578	0.567849	424.8
0.015852	0.832224	0.151924	0.568036	424.9
0.015825	0.831904	0.152271	0.568223	425.0
0.015798	0.831584	0.152618	0.568410	425.1
0.015771	0.831264	0.152966	0.568598	425.2
0.015744	0.830942	0.153314	0.568785	425.3
0.015717	0.830621	0.153663	0.568973	425.4
0.015690	0.830298	0.154012	0.569161	425.5
0.015663	0.829976	0.154362	0.569349	425.6
0.015636	0.829652	0.154712	0.569538	425.7
0.015609	0.829329	0.155062	0.569727	425.8
0.015582	0.829004	0.155414	0.569916	425.9
0.015555	0.828679	0.155765	0.570105	426.0
0.015529	0.828354	0.156117	0.570294	426.1
0.015502	0.828028	0.156470	0.570484	426.2
0.015476	0.827702	0.156823	0.570674	426.3
0.015449	0.827375	0.157176	0.570864	426.4
0.015422	0.827047	0.157530	0.571054	426.5
0.015396	0.826719	0.157885	0.571244	426.6
0.015369	0.826391	0.158240	0.571435	426.7
0.015343	0.826062	0.158595	0.571626	426.8
0.015317	0.825732	0.158951	0.571817	426.9
0.015290	0.825402	0.159308	0.572009	427.0
0.015264	0.825071	0.159664	0.572200	427.1
0.015238	0.824740	0.160022	0.572392	427.2
0.015212	0.824409	0.160379	0.572584	427.3
0.015186	0.824077	0.160738	0.572776	427.4
0.015159	0.823744	0.161097	0.572969	427.5
0.015133	0.823411	0.161456	0.573161	427.6
0.015107	0.823077	0.161815	0.573354	427.7
0.015081	0.822743	0.162176	0.573547	427.8
0.015055	0.822408	0.162536	0.573740	427.9
0.015030	0.822073	0.162897	0.573934	428.0
0.015004	0.821737	0.163259	0.574128	428.1
0.014978	0.821401	0.163621	0.574322	428.2
0.014952	0.821064	0.163984	0.574516	428.3
0.014926	0.820727	0.164347	0.574710	428.4
0.014901	0.820389	0.164710	0.574905	428.5
0.014875	0.820051	0.165074	0.575099	428.6
0.014850	0.819712	0.165438	0.575294	428.7
0.014824	0.819373	0.165803	0.575490	428.8
0.014798	0.819033	0.166169	0.575685	428.9
0.014773	0.818692	0.166535	0.575881	429.0
0.014748	0.818352	0.166901	0.576077	429.1
0.014722	0.818010	0.167268	0.576273	429.2
0.014697	0.817668	0.167635	0.576469	429.3
0.014671	0.817326	0.168003	0.576666	429.4
0.014646	0.816983	0.168371	0.576862	429.5
0.014621	0.816640	0.168739	0.577059	429.6
0.014596	0.816296	0.169108	0.577256	429.7
0.014571	0.815951	0.169478	0.577454	429.8
0.014546	0.815606	0.169848	0.577651	429.9
0.014520	0.815261	0.170219	0.577849	430.0
0.014495	0.814915	0.170590	0.578047	430.1
0.014470	0.814569	0.170961	0.578245	430.2
0.014445	0.814222	0.171333	0.578444	430.3
0.014421	0.813874	0.171705	0.578642	430.4
0.014396	0.813526	0.172078	0.578841	430.5
0.014371	0.813178	0.172451	0.579040	430.6
0.014346	0.812829	0.172825	0.579240	430.7
0.014321	0.812479	0.173199	0.579439	430.8
0.014297	0.812129	0.173574	0.579639	430.9
0.014272	0.811779	0.173949	0.579839	431.0
0.014247	0.811428	0.174325	0.580039	431.1
0.014223	0.811076	0.174701	0.580239	431.2
0.014198	0.810724	0.175077	0.580440	431.3
0.014174	0.810372	0.175454	0.580640	431.4
0.014149	0.810019	0.175832	0.580841	431.5
0.014125	0.809666	0.176210	0.581042	431.6
0.014100	0.809312	0.176588	0.581244	431.7
0.014076	0.808957	0.176967	0.581445	431.8
0.014052	0.808602	0.177346	0.581647	431.9
0.014027	0.808247	0.177726	0.581849	432.0
0.014003	0.807891	0.178106	0.582051	432.1
0.013979	0.807534	0.178487	0.582254	432.2
0.013955	0.807177	0.178868	0.582456	432.3
0.013931	0.806820	0.179249	0.582659	432.4
0.013907	0.806462	0.179631	0.582862	432.5
0.013883	0.806104	0.180014	0.583066	432.6
0.013859	0.805745	0.180397	0.583269	432.7
0.013835	0.805385	0.180780	0.583473	432.8
0.013811	0.805025	0.181164	0.583677	432.9
0.013787	0.804665	0.181548	0.583881	433.0
0.013763	0.804304	0.181933	0.584085	433.1
0.013739	0.803943	0.182318	0.584289	433.2
0.013715	0.803581	0.182704	0.584494	433.3
0.013692	0.803218	0.183090	0.584699	433.4
0.013668	0.802856	0.183476	0.584904	433.5
0.013644	0.802492	0.183863	0.585110	433.6
0.013621	0.802128	0.184251	0.585315	433.7
0.013597	0.801764	0.184639	0.585521	433.8
0.013574	0.801399	0.185027	0.585727	433.9
0.013550	0.801034	0.185416	0.585933	434.0
0.013527	0.800668	0.185805	0.586139	434.1
0.013503	0.800302	0.186195	0.586346	434.2
0.013480	0.799935	0.186585	0.586553	434.3
0.013456	0.799568	0.186975	0.586759	434.4
0.013433	0.799201	0.187366	0.586967	434.5
0.013410	0.798832	0.187758	0.587174	434.6
0.013387	0.798464	0.188150	0.587382	434.7
0.013363	0.798095	0.188542	0.587589	434.8
0.013340	0.797725	0.188935	0.587797	434.9
0.013317	0.797355	0.189328	0.588005	435.0
0.013294	0.796984	0.189722	0.588214	435.1
0.013271	0.796613	0.190116	0.588422	435.2
0.013248	0.796242	0.190510	0.588631	435.3
0.013225	0.795870	0.190905	0.588840	435.4
0.013202	0.795497	0.191301	0.589049	435.5
0.013179	0.795124	0.191697	0.589259	435.6
0.013156	0.794751	0.192093	0.589468	435.7
0.013133	0.794377	0.192490	0.589678	435.8
0.013111	0.794003	0.192887	0.589888	435.9
0.013088	0.793628	0.193285	0.590098	436.0
0.013065	0.793252	0.193683	0.590309	436.1
0.013042	0.792877	0.194081	0.590519	436.2
0.013020	0.792500	0.194480	0.590730	436.3
0.012997	0.792124	0.194879	0.590941	436.4
0.012974	0.791746	0.195279	0.591152	436.5
0.012952	0.791369	0.195679	0.591364	436.6
0.012929	0.790991	0.196080	0.591575	436.7
0.012907	0.790612	0.196481	0.591787	436.8
0.012885	0.790233	0.196883	0.591999	436.9
0.012862	0.789853	0.197285	0.592211	437.0
0.012840	0.789473	0.197687	0.592424	437.1
0.012817	0.789093	0.198090	0.592636	437.2
0.012795	0.788712	0.198493	0.592849	437.3
0.012773	0.788330	0.198897	0.593062	437.4
0.012751	0.787949	0.199301	0.593275	437.5
0.012728	0.787566	0.199705	0.593488	437.6
0.012706	0.787183	0.200110	0.593702	437.7
0.012684	0.786800	0.200516	0.593916	437.8
0.012662	0.786416	0.200921	0.594130	437.9
0.012640	0.786032	0.201328	0.594344	438.0
0.012618	0.785648	0.201734	0.594558	438.1
0.012596	0.785263	0.202141	0.594773	438.2
0.012574	0.784877	0.202549	0.594987	438.3
0.012552	0.784491	0.202957	0.595202	438.4
0.012530	0.784105	0.203365	0.595417	438.5
0.012508	0.783718	0.203774	0.595633	438.6
0.012487	0.783330	0.204183	0.595848	438.7
0.012465	0.782942	0.204593	0.596064	438.8
0.012443	0.782554	0.205003	0.596280	438.9
0.012421	0.782165	0.205413	0.596496	439.0
0.012400	0.781776	0.205824	0.596712	439.1
0.012378	0.781387	0.206235	0.596929	439.2
0.012357	0.780996	0.206647	0.597145	439.3
0.012335	0.780606	0.207059	0.597362	439.4
0.012313	0.780215	0.207472	0.597579	439.5
0.012292	0.779823	0.207885	0.597796	439.6
0.012271	0.779432	0.208298	0.598014	439.7
0.012249	0.779039	0.208712	0.598231	439.8
0.012228	0.778646	0.209126	0.598449	439.9
0.012206	0.778253	0.209540	0.598667	440.0
0.012185	0.777860	0.209955	0.598885	440.1
0.012164	0.777465	0.210371	0.599104	440.2
0.012143	0.777071	0.210787	0.599322	440.3
0.012121	0.776676	0.211203	0.599541	440.4
0.012100	0.776280	0.211620	0.599760	440.5
0.012079	0.775884	0.212037	0.599979	440.6
0.012058	0.775488	0.212454	0.600198	440.7
0.012037	0.775091	0.212872	0.600418	440.8
0.012016	0.774694	0.213290	0.600637	440.9
0.011995	0.774296	0.213709	0.600857	441.0
0.011974	0.773898	0.214128	0.601077	441.1
0.011953	0.773500	0.214547	0.601297	441.2
0.011932	0.773101	0.214967	0.601518	441.3
0.011911	0.772702	0.215388	0.601738	441.4
0.011890	0.772302	0.215808	0.601959	441.5
0.011869	0.771901	0.216229	0.602180	441.6
0.011848	0.771501	0.216651	0.602401	441.7
0.011828	0.771100	0.217073	0.602622	441.8
0.011807	0.770698	0.217495	0.602844	441.9
0.011786	0.770296	0.217918	0.603066	442.0
0.011766	0.769894	0.218341	0.603287	442.1
0.011745	0.769491	0.218764	0.603510	442.2
0.011724	0.769087	0.219188	0.603732	442.3
0.011704	0.768684	0.219612	0.603954	442.4
0.011683	0.768280	0.220037	0.604177	442.5
0.011663	0.767875	0.220462	0.604400	442.6
0.011642	0.767470	0.220887	0.604622	442.7
0.011622	0.767065	0.221313	0.604846	442.8
0.011602	0.766659	0.221739	0.605069	442.9
0.011581	0.766253	0.222166	0.605292	443.0
0.011561	0.765846	0.222593	0.605516	443.1
0.011541	0.765439	0.223020	0.605740	443.2
0.011520	0.765031	0.223448	0.605964	443.3
0.011500	0.764623	0.223876	0.606188	443.4
0.011480	0.764215	0.224305	0.606412	443.5
0.011460	0.763806	0.224734	0.606637	443.6
0.011440	0.763397	0.225163	0.606862	443.7
0.011420	0.762987	0.225593	0.607087	443.8
0.011400	0.762577	0.226023	0.607312	443.9
0.011380	0.762167	0.226453	0.607537	444.0
0.011360	0.761756	0.226884	0.607762	444.1
0.011340	0.761345	0.227316	0.607988	444.2
0.011320	0.760933	0.227747	0.608214	444.3
0.011300	0.760521	0.228179	0.608440	444.4
0.011280	0.760109	0.228611	0.608666	444.5
0.011260	0.759696	0.229044	0.608892	444.6
0.011240	0.759282	0.229477	0.609119	444.7
0.011220	0.758869	0.229911	0.609345	444.8
0.011201	0.758455	0.230345	0.609572	444.9
0.011181	0.758040	0.230779	0.609799	445.0
0.011161	0.757625	0.231214	0.610026	445.1
0.011142	0.757210	0.231649	0.610253	445.2
0.011122	0.756794	0.232084	0.610481	445.3
0.011102	0.756378	0.232520	0.610709	445.4
0.011083	0.755961	0.232956	0.610936	445.5
0.011063	0.755544	0.233392	0.611164	445.6
0.011044	0.755127	0.233829	0.611393	445.7
0.011024	0.754709	0.234266	0.611621	445.8
0.011005	0.754291	0.234704	0.611849	445.9
0.010986	0.753873	0.235142	0.612078	446.0
0.010966	0.753454	0.235580	0.612307	446.1
0.010947	0.753034	0.236019	0.612536	446.2
0.010928	0.752615	0.236458	0.612765	446.3
0.010908	0.752195	0.236897	0.612994	446.4
0.010889	0.751774	0.237337	0.613224	446.5
0.010870	0.751353	0.237777	0.613454	446.6
0.010851	0.750932	0.238218	0.613684	446.7
0.010831	0.750510	0.238658	0.613914	446.8
0.010812	0.750088	0.239100	0.614144	446.9
0.010793	0.749666	0.239541	0.614374	447.0
0.010774	0.749243	0.239983	0.614604	447.1
0.010755	0.748820	0.240425	0.614835	447.2
0.010736	0.748396	0.240868	0.615066	447.3
0.010717	0.747972	0.241311	0.615297	447.4
0.010698	0.747548	0.241754	0.615528	447.5
0.010679	0.747123	0.242198	0.615759	447.6
0.010660	0.746698	0.242642	0.615991	447.7
0.010642	0.746272	0.243086	0.616222	447.8
0.010623	0.745846	0.243531	0.616454	447.9
0.010604	0.745420	0.243976	0.616686	448.0
0.010585	0.744993	0.244422	0.616918	448.1
0.010566	0.744566	0.244867	0.617150	448.2
0.010548	0.744139	0.245314	0.617383	448.3
0.010529	0.743711	0.245760	0.617615	448.4
0.010510	0.743283	0.246207	0.617848	448.5
0.010492	0.742854	0.246654	0.618081	448.6
0.010473	0.742425	0.247101	0.618314	448.7
0.010455	0.741996	0.247549	0.618547	448.8
0.010436	0.741566	0.247998	0.618781	448.9
0.010418	0.741136	0.248446	0.619014	449.0
0.010399	0.740706	0.248895	0.619248	449.1
0.010381	0.740275	0.249344	0.619482	449.2
0.010362	0.739844	0.249794	0.619716	449.3
0.010344	0.739412	0.250244	0.619950	449.4
0.010326	0.738981	0.250694	0.620184	449.5
0.010307	0.738548	0.251144	0.620418	449.6
0.010289	0.738116	0.251595	0.620653	449.7
0.010271	0.737683	0.252046	0.620888	449.8
0.010253	0.737250	0.252498	0.621123	449.9
0.010234	0.736816	0.252950	0.621358	450.0
0.010216	0.736382	0.253402	0.621593	450.1
0.010198	0.735947	0.253855	0.621828	450.2
0.010180	0.735513	0.254307	0.622064	450.3
0.010162	0.735078	0.254761	0.622299	450.4
0.010144	0.734642	0.255214	0.622535	450.5
0.010126	0.734206	0.255668	0.622771	450.6
0.010108	0.733770	0.256122	0.623007	450.7
0.010090	0.733334	0.256577	0.623243	450.8
0.010072	0.732897	0.257031	0.623480	450.9
0.010054	0.732460	0.257486	0.623716	451.0
0.010036	0.732022	0.257942	0.623953	451.1
0.010018	0.731584	0.258398	0.624190	451.2
0.010000	0.731146	0.258854	0.624427	451.3
0.009983	0.730707	0.259310	0.624664	451.4
0.009965	0.730268	0.259767	0.624901	451.5
0.009947	0.729829	0.260224	0.625138	451.6
0.009929	0.729389	0.260681	0.625376	451.7
0.009912	0.728949	0.261139	0.625614	451.8
0.009894	0.728509	0.261597	0.625851	451.9
0.009876	0.728068	0.262055	0.626089	452.0
0.009859	0.727627	0.262514	0.626327	452.1
0.009841	0.727186	0.262973	0.626566	452.2
0.009824	0.726744	0.263432	0.626804	452.3
0.009806	0.726302	0.263891	0.627043	452.4
0.009789	0.725860	0.264351	0.627281	452.5
0.009771	0.725417	0.264811	0.627520	452.6
0.009754	0.724974	0.265272	0.627759	452.7
0.009736	0.724531	0.265733	0.627998	452.8
0.009719	0.724087	0.266194	0.628237	452.9
0.009702	0.723643	0.266655	0.628477	453.0
0.009684	0.723199	0.267117	0.628716	453.1
0.009667	0.722754	0.267579	0.628956	453.2
0.009650	0.722309	0.268041	0.629195	453.3
0.009633	0.721864	0.268503	0.629435	453.4
0.009615	0.721418	0.268966	0.629675	453.5
0.009598	0.720972	0.269429	0.629916	453.6
0.009581	0.720526	0.269893	0.630156	453.7
0.009564	0.720079	0.270357	0.630396	453.8
0.009547	0.719632	0.270821	0.630637	453.9
0.009530	0.719185	0.271285	0.630878	454.0
0.009513	0.718738	0.271750	0.631118	454.1
0.009496	0.718290	0.272214	0.631359	454.2
0.009479	0.717842	0.272680	0.631600	454.3
0.009462	0.717393	0.273145	0.631842	454.4
0.009445	0.716944	0.273611	0.632083	454.5
0.009428	0.716495	0.274077	0.632324	454.6
0.009411	0.716046	0.274543	0.632566	454.7
0.009394	0.715596	0.275010	0.632808	454.8
0.009378	0.715146	0.275477	0.633050	454.9
0.009361	0.714695	0.275944	0.633292	455.0
0.009344	0.714245	0.276411	0.633534	455.1
0.009327	0.713794	0.276879	0.633776	455.2
0.009311	0.713342	0.277347	0.634018	455.3
0.009294	0.712891	0.277816	0.634261	455.4
0.009277	0.712439	0.278284	0.634503	455.5
0.009261	0.711986	0.278753	0.634746	455.6
0.009244	0.711534	0.279222	0.634989	455.7
0.009227	0.711081	0.279691	0.635232	455.8
0.009211	0.710628	0.280161	0.635475	455.9
0.009194	0.710175	0.280631	0.635718	456.0
0.009178	0.709721	0.281101	0.635962	456.1
0.009161	0.709267	0.281572	0.636205	456.2
0.009145	0.708813	0.282043	0.636449	456.3
0.009128	0.708358	0.282514	0.636693	456.4
0.009112	0.707903	0.282985	0.636936	456.5
0.009096	0.707448	0.283456	0.637180	456.6
0.009079	0.706992	0.283928	0.637424	456.7
0.009063	0.706537	0.284400	0.637669	456.8
0.009047	0.706081	0.284873	0.637913	456.9
0.009031	0.705624	0.285345	0.638157	457.0
0.009014	0.705168	0.285818	0.638402	457.1
0.008998	0.704711	0.286291	0.638647	457.2
0.008982	0.704253	0.286765	0.638891	457.3
0.008966	0.703796	0.287238	0.639136	457.4
0.008950	0.703338	0.287712	0.639381	457.5
0.008934	0.702880	0.288186	0.639626	457.6
0.008917	0.702422	0.288661	0.639872	457.7
0.008901	0.701963	0.289135	0.640117	457.8
0.008885	0.701504	0.289610	0.640362	457.9
0.008869	0.701045	0.290085	0.640608	458.0
0.008853	0.700586	0.290561	0.640854	458.1
0.008837	0.700126	0.291037	0.641100	458.2
0.008822	0.699666	0.291512	0.641345	458.3
0.008806	0.699206	0.291989	0.641591	458.4
0.008790	0.698745	0.292465	0.641838	458.5
0.008774	0.698284	0.292942	0.642084	458.6
0.008758	0.697823	0.293419	0.642330	458.7
0.008742	0.697362	0.293896	0.642577	458.8
0.008727	0.696900	0.294373	0.642823	458.9
0.008711	0.696438	0.294851	0.643070	459.0
0.008695	0.695976	0.295329	0.643317	459.1
0.008679	0.695514	0.295807	0.643564	459.2
0.008664	0.695051	0.296285	0.643811	459.3
0.008648	0.694588	0.296763	0.644058	459.4
0.008633	0.694125	0.297242	0.644305	459.5
0.008617	0.693662	0.297721	0.644552	459.6
0.008601	0.693198	0.298201	0.644800	459.7
0.008586	0.692734	0.298680	0.645047	459.8
0.008570	0.692270	0.299160	0.645295	459.9
0.008555	0.691805	0.299640	0.645542	460.0
0.008539	0.691341	0.300120	0.645790	460.1
0.008524	0.690876	0.300600	0.646038	460.2
0.008509	0.690410	0.301081	0.646286	460.3
0.008493	0.689945	0.301562	0.646534	460.4
0.008478	0.689479	0.302043	0.646783	460.5
0.008463	0.689013	0.302524	0.647031	460.6
0.008447	0.688547	0.303006	0.647279	460.7
0.008432	0.688081	0.303487	0.647528	460.8
0.008417	0.687614	0.303969	0.647776	460.9
0.008401	0.687147	0.304452	0.648025	461.0
0.008386	0.686680	0.304934	0.648274	461.1
0.008371	0.686212	0.305417	0.648523	461.2
0.008356	0.685745	0.305899	0.648772	461.3
0.008341	0.685277	0.306382	0.649021	461.4
0.008326	0.684809	0.306866	0.649270	461.5
0.008311	0.684340	0.307349	0.649519	461.6
0.008296	0.683872	0.307833	0.649769	461.7
0.008280	0.683403	0.308317	0.650018	461.8
0.008265	0.682934	0.308801	0.650268	461.9
0.008250	0.682464	0.309285	0.650517	462.0
0.008236	0.681995	0.309770	0.650767	462.1
0.008221	0.681525	0.310254	0.651017	462.2
0.008206	0.681055	0.310739	0.651267	462.3
0.008191	0.680585	0.311224	0.651517	462.4
0.008176	0.680114	0.311710	0.651767	462.5
0.008161	0.679644	0.312195	0.652017	462.6
0.008146	0.679173	0.312681	0.652267	462.7
0.008131	0.678702	0.313167	0.652518	462.8
0.008117	0.678230	0.313653	0.652768	462.9
0.008102	0.677759	0.314139	0.653019	463.0
0.008087	0.677287	0.314626	0.653269	463.1
0.008073	0.676815	0.315113	0.653520	463.2
0.008058	0.676343	0.315599	0.653771	463.3
0.008043	0.675870	0.316087	0.654022	463.4
0.008029	0.675398	0.316574	0.654273	463.5
0.008014	0.674925	0.317061	0.654524	463.6
0.007999	0.674452	0.317549	0.654775	463.7
0.007985	0.673978	0.318037	0.655026	463.8
0.007970	0.673505	0.318525	0.655277	463.9
0.007956	0.673031	0.319013	0.655529	464.0
0.007941	0.672557	0.319501	0.655780	464.1
0.007927	0.672083	0.319990	0.656032	464.2
0.007913	0.671609	0.320479	0.656283	464.3
0.007898	0.671134	0.320968	0.656535	464.4
0.007884	0.670659	0.321457	0.656787	464.5
0.007869	0.670185	0.321946	0.657038	464.6
0.007855	0.669709	0.322436	0.657290	464.7
0.007841	0.669234	0.322925	0.657542	464.8
0.007826	0.668759	0.323415	0.657794	464.9
0.007812	0.668283	0.323905	0.658046	465.0
0.007798	0.667807	0.324395	0.658299	465.1
0.007784	0.667331	0.324886	0.658551	465.2
0.007769	0.666854	0.325376	0.658803	465.3
0.007755	0.666378	0.325867	0.659056	465.4
0.007741	0.665901	0.326358	0.659308	465.5
0.007727	0.665424	0.326849	0.659561	465.6
0.007713	0.664947	0.327340	0.659813	465.7
0.007699	0.664470	0.327831	0.660066	465.8
0.007685	0.663993	0.328323	0.660319	465.9
0.007671	0.663515	0.328814	0.660572	466.0
0.007657	0.663037	0.329306	0.660825	466.1
0.007643	0.662559	0.329798	0.661078	466.2
0.007629	0.662081	0.330290	0.661331	466.3
0.007615	0.661602	0.330783	0.661584	466.4
0.007601	0.661124	0.331275	0.661837	466.5
0.007587	0.660645	0.331768	0.662090	466.6
0.007573	0.660166	0.332260	0.662344	466.7
0.007559	0.659687	0.332753	0.662597	466.8
0.007546	0.659208	0.333247	0.662850	466.9
0.007532	0.658729	0.333740	0.663104	467.0
0.007518	0.658249	0.334233	0.663358	467.1
0.007504	0.657769	0.334727	0.663611	467.2
0.007490	0.657289	0.335220	0.663865	467.3
0.007477	0.656809	0.335714	0.664119	467.4
0.007463	0.656329	0.336208	0.664373	467.5
0.007449	0.655848	0.336702	0.664626	467.6
0.007436	0.655368	0.337196	0.664880	467.7
0.007422	0.654887	0.337691	0.665134	467.8
0.007409	0.654406	0.338185	0.665388	467.9
0.007395	0.653925	0.338680	0.665643	468.0
0.007381	0.653444	0.339175	0.665897	468.1
0.007368	0.652962	0.339670	0.666151	468.2
0.007354	0.652481	0.340165	0.666405	468.3
0.007341	0.651999	0.340660	0.666660	468.4
0.007327	0.651517	0.341156	0.666914	468.5
0.007314	0.651035	0.341651	0.667169	468.6
0.007301	0.650553	0.342147	0.667423	468.7
0.007287	0.650070	0.342642	0.667678	468.8
0.007274	0.649588	0.343138	0.667932	468.9
0.007260	0.649105	0.343634	0.668187	469.0
0.007247	0.648623	0.344130	0.668442	469.1
0.007234	0.648140	0.344627	0.668696	469.2
0.007221	0.647656	0.345123	0.668951	469.3
0.007207	0.647173	0.345620	0.669206	469.4
0.007194	0.646690	0.346116	0.669461	469.5
0.007181	0.646206	0.346613	0.669716	469.6
0.007168	0.645723	0.347110	0.669971	469.7
0.007154	0.645239	0.347607	0.670226	469.8
0.007141	0.644755	0.348104	0.670481	469.9
0.007128	0.644271	0.348601	0.670736	470.0
0.007115	0.643787	0.349098	0.670992	470.1
0.007102	0.643302	0.349596	0.671247	470.2
0.007089	0.642818	0.350093	0.671502	470.3
0.007076	0.642333	0.350591	0.671758	470.4
0.007063	0.641848	0.351089	0.672013	470.5
0.007050	0.641363	0.351587	0.672268	470.6
0.007037	0.640878	0.352085	0.672524	470.7
0.007024	0.640393	0.352583	0.672779	470.8
0.007011	0.639908	0.353081	0.673035	470.9
0.006998	0.639423	0.353579	0.673291	471.0
0.006985	0.638937	0.354078	0.673546	471.1
0.006972	0.638451	0.354576	0.673802	471.2
0.006959	0.637966	0.355075	0.674058	471.3
0.006947	0.637480	0.355574	0.674314	471.4
0.006934	0.636994	0.356073	0.674569	471.5
0.006921	0.636507	0.356571	0.674825	471.6
0.006908	0.636021	0.357071	0.675081	471.7
0.006896	0.635535	0.357570	0.675337	471.8
0.006883	0.635048	0.358069	0.675593	471.9
0.006870	0.634562	0.358568	0.675849	472.0
0.006857	0.634075	0.359068	0.676105	472.1
0.006845	0.633588	0.359567	0.676361	472.2
0.006832	0.633101	0.360067	0.676617	472.3
0.006820	0.632614	0.360566	0.676873	472.4
0.006807	0.632127	0.361066	0.677130	472.5
0.006794	0.631640	0.361566	0.677386	472.6
0.006782	0.631152	0.362066	0.677642	472.7
0.006769	0.630665	0.362566	0.677898	472.8
0.006757	0.630177	0.363066	0.678155	472.9
0.006744	0.629690	0.363566	0.678411	473.0
0.006732	0.629202	0.364066	0.678667	473.1
0.006719	0.628714	0.364567	0.678924	473.2
0.006707	0.628226	0.365067	0.679180	473.3
0.006695	0.627738	0.365568	0.679437	473.4
0.006682	0.627250	0.366068	0.679693	473.5
0.006670	0.626761	0.366569	0.679950	473.6
0.006657	0.626273	0.367070	0.680206	473.7
0.006645	0.625784	0.367570	0.680463	473.8
0.006633	0.625296	0.368071	0.680719	473.9
0.006621	0.624807	0.368572	0.680976	474.0
0.006608	0.624319	0.369073	0.681232	474.1
0.006596	0.623830	0.369574	0.681489	474.2
0.006584	0.623341	0.370075	0.681746	474.3
0.006572	0.622852	0.370577	0.682002	474.4
0.006560	0.622363	0.371078	0.682259	474.5
0.006547	0.621873	0.371579	0.682516	474.6
0.006535	0.621384	0.372081	0.682773	474.7
0.006523	0.620895	0.372582	0.683029	474.8
0.006511	0.620405	0.373084	0.683286	474.9
0.006499	0.619916	0.373585	0.683543	475.0
0.006487	0.619426	0.374087	0.683800	475.1
0.006475	0.618937	0.374588	0.684057	475.2
0.006463	0.618447	0.375090	0.684314	475.3
0.006451	0.617957	0.375592	0.684571	475.4
0.006439	0.617467	0.376094	0.684827	475.5
0.006427	0.616977	0.376596	0.685084	475.6
0.006415	0.616487	0.377098	0.685341	475.7
0.006403	0.615997	0.377600	0.685598	475.8
0.006391	0.615507	0.378102	0.685855	475.9
0.006379	0.615017	0.378604	0.686112	476.0
0.006368	0.614526	0.379106	0.686369	476.1
0.006356	0.614036	0.379608	0.686626	476.2
0.006344	0.613546	0.380110	0.686883	476.3
0.006332	0.613055	0.380613	0.687140	476.4
0.006320	0.612565	0.381115	0.687397	476.5
0.006309	0.612074	0.381617	0.687654	476.6
0.006297	0.611583	0.382120	0.687911	476.7
0.006285	0.611093	0.382622	0.688169	476.8
0.006273	0.610602	0.383125	0.688426	476.9
0.006262	0.610111	0.383627	0.688683	477.0
0.006250	0.609620	0.384130	0.688940	477.1
0.006238	0.609129	0.384632	0.689197	477.2
0.006227	0.608638	0.385135	0.689454	477.3
0.006215	0.608147	0.385638	0.689711	477.4
0.006204	0.607656	0.386140	0.689968	477.5
0.006192	0.607165	0.386643	0.690225	477.6
0.006181	0.606674	0.387146	0.690483	477.7
0.006169	0.606182	0.387649	0.690740	477.8
0.006158	0.605691	0.388151	0.690997	477.9
0.006146	0.605200	0.388654	0.691254	478.0
0.006135	0.604708	0.389157	0.691511	478.1
0.006123	0.604217	0.389660	0.691768	478.2
0.006112	0.603725	0.390163	0.692025	478.3
0.006100	0.603234	0.390666	0.692283	478.4
0.006089	0.602742	0.391169	0.692540	478.5
0.006078	0.602251	0.391672	0.692797	478.6
0.006066	0.601759	0.392175	0.693054	478.7
0.006055	0.601267	0.392677	0.693311	478.8
0.006044	0.600776	0.393180	0.693568	478.9
0.006033	0.600284	0.393683	0.693825	479.0
0.006021	0.599792	0.394187	0.694083	479.1
0.006010	0.599300	0.394690	0.694340	479.2
0.005999	0.598809	0.395193	0.694597	479.3
0.005988	0.598317	0.395696	0.694854	479.4
0.005976	0.597825	0.396199	0.695111	479.5
0.005965	0.597333	0.396702	0.695368	479.6
0.005954	0.596841	0.397205	0.695625	479.7
0.005943	0.596349	0.397708	0.695882	479.8
0.005932	0.595857	0.398211	0.696140	479.9
0.005921	0.595365	0.398714	0.696397	480.0
0.005910	0.594873	0.399217	0.696654	480.1
0.005899	0.594381	0.399720	0.696911	480.2
0.005888	0.593889	0.400223	0.697168	480.3
0.005877	0.593397	0.400726	0.697425	480.4
0.005866	0.592905	0.401230	0.697682	480.5
0.005855	0.592413	0.401733	0.697939	480.6
0.005844	0.591921	0.402236	0.698196	480.7
0.005833	0.591428	0.402739	0.698453	480.8
0.005822	0.590936	0.403242	0.698710	480.9
0.005811	0.590444	0.403745	0.698967	481.0
0.005800	0.589952	0.404248	0.699224	481.1
0.005789	0.589460	0.404751	0.699481	481.2
0.005778	0.588968	0.405254	0.699738	481.3
0.005768	0.588475	0.405757	0.699995	481.4
0.005757	0.587983	0.406260	0.700252	481.5
0.005746	0.587491	0.406763	0.700508	481.6
0.005735	0.586999	0.407266	0.700765	481.7
0.005725	0.586507	0.407769	0.701022	481.8
0.005714	0.586014	0.408272	0.701279	481.9
0.005703	0.585522	0.408775	0.701536	482.0
0.005692	0.585030	0.409278	0.701793	482.1
0.005682	0.584538	0.409780	0.702049	482.2
0.005671	0.584046	0.410283	0.702306	482.3
0.005660	0.583553	0.410786	0.702563	482.4
0.005650	0.583061	0.411289	0.702820	482.5
0.005639	0.582569	0.411792	0.703076	482.6
0.005629	0.582077	0.412294	0.703333	482.7
0.005618	0.581585	0.412797	0.703590	482.8
0.005608	0.581093	0.413300	0.703846	482.9
0.005597	0.580600	0.413803	0.704103	483.0
0.005587	0.580108	0.414305	0.704359	483.1
0.005576	0.579616	0.414808	0.704616	483.2
0.005566	0.579124	0.415310	0.704872	483.3
0.005555	0.578632	0.415813	0.705129	483.4
0.005545	0.578140	0.416315	0.705385	483.5
0.005534	0.577648	0.416818	0.705642	483.6
0.005524	0.577156	0.417320	0.705898	483.7
0.005513	0.576664	0.417823	0.706155	483.8
0.005503	0.576172	0.418325	0.706411	483.9
0.005493	0.575680	0.418827	0.706667	484.0
0.005482	0.575188	0.419330	0.706924	484.1
0.005472	0.574696	0.419832	0.707180	484.2
0.005462	0.574204	0.420334	0.707436	484.3
0.005452	0.573712	0.420836	0.707692	484.4
0.005441	0.573221	0.421338	0.707948	484.5
0.005431	0.572729	0.421840	0.708205	484.6
0.005421	0.572237	0.422342	0.708461	484.7
0.005411	0.571745	0.422844	0.708717	484.8
0.005401	0.571254	0.423346	0.708973	484.9
0.005390	0.570762	0.423848	0.709229	485.0
0.005380	0.570270	0.424350	0.709485	485.1
0.005370	0.569779	0.424851	0.709741	485.2
0.005360	0.569287	0.425353	0.709997	485.3
0.005350	0.568796	0.425855	0.710252	485.4
0.005340	0.568304	0.426356	0.710508	485.5
0.005330	0.567813	0.426858	0.710764	485.6
0.005320	0.567321	0.427359	0.711020	485.7
0.005310	0.566830	0.427861	0.711275	485.8
0.005300	0.566338	0.428362	0.711531	485.9
0.005290	0.565847	0.428863	0.711787	486.0
0.005280	0.565356	0.429364	0.712042	486.1
0.005270	0.564865	0.429865	0.712298	486.2
0.005260	0.564374	0.430367	0.712553	486.3
0.005250	0.563883	0.430868	0.712809	486.4
0.005240	0.563392	0.431369	0.713064	486.5
0.005230	0.562901	0.431869	0.713320	486.6
0.005220	0.562410	0.432370	0.713575	486.7
0.005210	0.561919	0.432871	0.713830	486.8
0.005201	0.561428	0.433372	0.714086	486.9
0.005191	0.560937	0.433872	0.714341	487.0
0.005181	0.560446	0.434373	0.714596	487.1
0.005171	0.559956	0.434873	0.714851	487.2
0.005161	0.559465	0.435374	0.715106	487.3
0.005152	0.558975	0.435874	0.715361	487.4
0.005142	0.558484	0.436374	0.715616	487.5
0.005132	0.557994	0.436874	0.715871	487.6
0.005123	0.557503	0.437374	0.716126	487.7
0.005113	0.557013	0.437874	0.716381	487.8
0.005103	0.556523	0.438374	0.716635	487.9
0.005094	0.556033	0.438874	0.716890	488.0
0.005084	0.555542	0.439374	0.717145	488.1
0.005074	0.555052	0.439873	0.717400	488.2
0.005065	0.554562	0.440373	0.717654	488.3
0.005055	0.554072	0.440872	0.717909	488.4
0.005046	0.553583	0.441372	0.718163	488.5
0.005036	0.553093	0.441871	0.718418	488.6
0.005027	0.552603	0.442370	0.718672	488.7
0.005017	0.552114	0.442869	0.718926	488.8
0.005008	0.551624	0.443368	0.719180	488.9
0.004998	0.551135	0.443867	0.719435	489.0
0.004989	0.550645	0.444366	0.719689	489.1
0.004979	0.550156	0.444865	0.719943	489.2
0.004970	0.549667	0.445364	0.720197	489.3
0.004960	0.549177	0.445862	0.720451	489.4
0.004951	0.548688	0.446361	0.720705	489.5
0.004942	0.548199	0.446859	0.720959	489.6
0.004932	0.547710	0.447357	0.721213	489.7
0.004923	0.547222	0.447856	0.721466	489.8
0.004914	0.546733	0.448354	0.721720	489.9
0.004904	0.546244	0.448852	0.721974	490.0
0.004895	0.545756	0.449349	0.722227	490.1
0.004886	0.545267	0.449847	0.722481	490.2
0.004876	0.544779	0.450345	0.722734	490.3
0.004867	0.544290	0.450842	0.722988	490.4
0.004858	0.543802	0.451340	0.723241	490.5
0.004849	0.543314	0.451837	0.723494	490.6
0.004839	0.542826	0.452334	0.723747	490.7
0.004830	0.542338	0.452832	0.724001	490.8
0.004821	0.541850	0.453329	0.724254	490.9
0.004812	0.541363	0.453825	0.724507	491.0
0.004803	0.540875	0.454322	0.724760	491.1
0.004794	0.540387	0.454819	0.725013	491.2
0.004785	0.539900	0.455315	0.725265	491.3
0.004776	0.539413	0.455812	0.725518	491.4
0.004767	0.538925	0.456308	0.725771	491.5
0.004757	0.538438	0.456804	0.726023	491.6
0.004748	0.537951	0.457300	0.726276	491.7
0.004739	0.537464	0.457796	0.726529	491.8
0.004730	0.536977	0.458292	0.726781	491.9
0.004721	0.536491	0.458788	0.727033	492.0
0.004712	0.536004	0.459284	0.727286	492.1
0.004704	0.535517	0.459779	0.727538	492.2
0.004695	0.535031	0.460274	0.727790	492.3
0.004686	0.534545	0.460770	0.728042	492.4
0.004677	0.534058	0.461265	0.728294	492.5
0.004668	0.533572	0.461760	0.728546	492.6
0.004659	0.533086	0.462255	0.728798	492.7
0.004650	0.532600	0.462749	0.729050	492.8
0.004641	0.532115	0.463244	0.729301	492.9
0.004633	0.531629	0.463738	0.729553	493.0
0.004624	0.531144	0.464233	0.729805	493.1
0.004615	0.530658	0.464727	0.730056	493.2
0.004606	0.530173	0.465221	0.730307	493.3
0.004597	0.529688	0.465715	0.730559	493.4
0.004589	0.529203	0.466209	0.730810	493.5
0.004580	0.528718	0.466702	0.731061	493.6
0.004571	0.528233	0.467196	0.731312	493.7
0.004562	0.527748	0.467689	0.731563	493.8
0.004554	0.527264	0.468183	0.731814	493.9
0.004545	0.526779	0.468676	0.732065	494.0
0.004536	0.526295	0.469169	0.732316	494.1
0.004528	0.525811	0.469662	0.732567	494.2
0.004519	0.525327	0.470154	0.732817	494.3
0.004511	0.524843	0.470647	0.733068	494.4
0.004502	0.524359	0.471139	0.733319	494.5
0.004493	0.523875	0.471631	0.733569	494.6
0.004485	0.523392	0.472123	0.733819	494.7
0.004476	0.522908	0.472615	0.734070	494.8
0.004468	0.522425	0.473107	0.734320	494.9
0.004459	0.521942	0.473599	0.734570	495.0
0.004451	0.521459	0.474090	0.734820	495.1
0.004442	0.520976	0.474582	0.735070	495.2
0.004434	0.520493	0.475073	0.735320	495.3
0.004425	0.520011	0.475564	0.735569	495.4
0.004417	0.519528	0.476055	0.735819	495.5
0.004409	0.519046	0.476546	0.736069	495.6
0.004400	0.518564	0.477036	0.736318	495.7
0.004392	0.518081	0.477527	0.736568	495.8
0.004383	0.517600	0.478017	0.736817	495.9
0.004375	0.517118	0.478507	0.737066	496.0
0.004367	0.516636	0.478997	0.737315	496.1
0.004358	0.516155	0.479487	0.737564	496.2
0.004350	0.515673	0.479977	0.737813	496.3
0.004342	0.515192	0.480466	0.738062	496.4
0.004333	0.514711	0.480955	0.738311	496.5
0.004325	0.514230	0.481445	0.738560	496.6
0.004317	0.513749	0.481934	0.738808	496.7
0.004309	0.513269	0.482422	0.739057	496.8
0.004300	0.512788	0.482911	0.739305	496.9
0.004292	0.512308	0.483400	0.739554	497.0
0.004284	0.511828	0.483888	0.739802	497.1
0.004276	0.511348	0.484376	0.740050	497.2
0.004268	0.510868	0.484864	0.740298	497.3
0.004260	0.510388	0.485352	0.740546	497.4
0.004251	0.509909	0.485840	0.740794	497.5
0.004243	0.509430	0.486327	0.741042	497.6
0.004235	0.508950	0.486815	0.741290	497.7
0.004227	0.508471	0.487302	0.741537	497.8
0.004219	0.507992	0.487789	0.741785	497.9
0.004211	0.507514	0.488275	0.742032	498.0
0.004203	0.507035	0.488762	0.742280	498.1
0.004195	0.506557	0.489249	0.742527	498.2
0.004187	0.506078	0.489735	0.742774	498.3
0.004179	0.505600	0.490221	0.743021	498.4
0.004171	0.505122	0.490707	0.743268	498.5
0.004163	0.504645	0.491193	0.743515	498.6
0.004155	0.504167	0.491678	0.743762	498.7
0.004147	0.503690	0.492163	0.744008	498.8
0.004139	0.503212	0.492649	0.744255	498.9
0.004131	0.502735	0.493134	0.744501	499.0
0.004123	0.502258	0.493619	0.744748	499.1
0.004115	0.501782	0.494103	0.744994	499.2
0.004107	0.501305	0.494588	0.745240	499.3
0.004100	0.500828	0.495072	0.745486	499.4
0.004092	0.500352	0.495556	0.745732	499.5
0.004084	0.499876	0.496040	0.745978	499.6
0.004076	0.499400	0.496524	0.746224	499.7
0.004068	0.498925	0.497007	0.746469	499.8
0.004060	0.498449	0.497491	0.746715	499.9
0.004053	0.497974	0.497974	0.746960	500.0
0.004045	0.497498	0.498457	0.747206	500.1
0.004037	0.497023	0.498939	0.747451	500.2
0.004029	0.496549	0.499422	0.747696	500.3
0.004022	0.496074	0.499904	0.747941	500.4
0.004014	0.495599	0.500386	0.748186	500.5
0.004006	0.495125	0.500868	0.748431	500.6
0.003999	0.494651	0.501350	0.748676	500.7
0.003991	0.494177	0.501832	0.748920	500.8
0.003983	0.493703	0.502313	0.749165	500.9
0.003976	0.493230	0.502794	0.749409	501.0
0.003968	0.492756	0.503275	0.749654	501.1
0.003961	0.492283	0.503756	0.749898	501.2
0.003953	0.491810	0.504237	0.750142	501.3
0.003945	0.491337	0.504717	0.750386	501.4
0.003938	0.490865	0.505197	0.750630	501.5
0.003930	0.490392	0.505677	0.750874	501.6
0.003923	0.489920	0.506157	0.751117	501.7
0.003915	0.489448	0.506637	0.751361	501.8
0.003908	0.488976	0.507116	0.751604	501.9
0.003900	0.488504	0.507595	0.751848	502.0
0.003893	0.488033	0.508074	0.752091	502.1
0.003885	0.487562	0.508553	0.752334	502.2
0.003878	0.487091	0.509032	0.752577	502.3
0.003870	0.486620	0.509510	0.752820	502.4
0.003863	0.486149	0.509988	0.753063	502.5
0.003855	0.485678	0.510466	0.753305	502.6
0.003848	0.485208	0.510944	0.753548	502.7
0.003841	0.484738	0.511421	0.753790	502.8
0.003833	0.484268	0.511899	0.754033	502.9
0.003826	0.483798	0.512376	0.754275	503.0
0.003819	0.483329	0.512852	0.754517	503.1
0.003811	0.482860	0.513329	0.754759	503.2
0.003804	0.482390	0.513806	0.755001	503.3
0.003797	0.481922	0.514282	0.755243	503.4
0.003789	0.481453	0.514758	0.755484	503.5
0.003782	0.480984	0.515234	0.755726	503.6
0.003775	0.480516	0.515709	0.755967	503.7
0.003768	0.480048	0.516184	0.756208	503.8
0.003760	0.479580	0.516660	0.756450	503.9
0.003753	0.479112	0.517134	0.756691	504.0
0.003746	0.478645	0.517609	0.756932	504.1
0.003739	0.478178	0.518084	0.757172	504.2
0.003732	0.477711	0.518558	0.757413	504.3
0.003724	0.477244	0.519032	0.757654	504.4
0.003717	0.476777	0.519506	0.757894	504.5
0.003710	0.476311	0.519979	0.758135	504.6
0.003703	0.475845	0.520453	0.758375	504.7
0.003696	0.475379	0.520926	0.758615	504.8
0.003689	0.474913	0.521399	0.758855	504.9
0.003682	0.474447	0.521871	0.759095	505.0
0.003675	0.473982	0.522344	0.759335	505.1
0.003667	0.473517	0.522816	0.759574	505.2
0.003660	0.473052	0.523288	0.759814	505.3
0.003653	0.472587	0.523760	0.760053	505.4
0.003646	0.472123	0.524231	0.760292	505.5
0.003639	0.471658	0.524702	0.760532	505.6
0.003632	0.471194	0.525173	0.760771	505.7
0.003625	0.470730	0.525644	0.761009	505.8
0.003618	0.470267	0.526115	0.761248	505.9
0.003611	0.469803	0.526585	0.761487	506.0
0.003604	0.469340	0.527055	0.761725	506.1
0.003598	0.468877	0.527525	0.761964	506.2
0.003591	0.468415	0.527995	0.762202	506.3
0.003584	0.467952	0.528464	0.762440	506.4
0.003577	0.467490	0.528933	0.762678	506.5
0.003570	0.467028	0.529402	0.762916	506.6
0.003563	0.466566	0.529871	0.763154	506.7
0.003556	0.466104	0.530339	0.763392	506.8
0.003549	0.465643	0.530808	0.763629	506.9
0.003543	0.465182	0.531276	0.763867	507.0
0.003536	0.464721	0.531743	0.764104	507.1
0.003529	0.464260	0.532211	0.764341	507.2
0.003522	0.463800	0.532678	0.764578	507.3
0.003515	0.463340	0.533145	0.764815	507.4
0.003509	0.462880	0.533612	0.765052	507.5
0.003502	0.462420	0.534078	0.765288	507.6
0.003495	0.461960	0.534545	0.765525	507.7
0.003488	0.461501	0.535011	0.765761	507.8
0.003482	0.461042	0.535476	0.765997	507.9
0.003475	0.460583	0.535942	0.766234	508.0
0.003468	0.460125	0.536407	0.766470	508.1
0.003462	0.459666	0.536872	0.766705	508.2
0.003455	0.459208	0.537337	0.766941	508.3
0.003448	0.458750	0.537802	0.767177	508.4
0.003442	0.458292	0.538266	0.767412	508.5
0.003435	0.457835	0.538730	0.767648	508.6
0.003428	0.457378	0.539194	0.767883	508.7
0.003422	0.456921	0.539657	0.768118	508.8
0.003415	0.456464	0.540121	0.768353	508.9
0.003409	0.456008	0.540584	0.768588	509.0
0.003402	0.455552	0.541046	0.768822	509.1
0.003395	0.455096	0.541509	0.769057	509.2
0.003389	0.454640	0.541971	0.769291	509.3
0.003382	0.454184	0.542433	0.769525	509.4
0.003376	0.453729	0.542895	0.769760	509.5
0.003369	0.453274	0.543356	0.769994	509.6
0.003363	0.452819	0.543818	0.770227	509.7
0.003356	0.452365	0.544279	0.770461	509.8
0.003350	0.451911	0.544739	0.770695	509.9
0.003343	0.451457	0.545200	0.770928	510.0
0.003337	0.451003	0.545660	0.771162	510.1
0.003330	0.450549	0.546120	0.771395	510.2
0.003324	0.450096	0.546580	0.771628	510.3
0.003318	0.449643	0.547039	0.771861	510.4
0.003311	0.449190	0.547498	0.772094	510.5
0.003305	0.448738	0.547957	0.772326	510.6
0.003298	0.448286	0.548416	0.772559	510.7
0.003292	0.447834	0.548874	0.772791	510.8
0.003286	0.447382	0.549332	0.773023	510.9
0.003279	0.446930	0.549790	0.773255	511.0
0.003273	0.446479	0.550248	0.773487	511.1
0.003267	0.446028	0.550705	0.773719	511.2
0.003260	0.445577	0.551162	0.773951	511.3
0.003254	0.445127	0.551619	0.774182	511.4
0.003248	0.444677	0.552076	0.774414	511.5
0.003242	0.444227	0.552532	0.774645	511.6
0.003235	0.443777	0.552988	0.774876	511.7
0.003229	0.443327	0.553443	0.775107	511.8
0.003223	0.442878	0.553899	0.775338	511.9
0.003217	0.442429	0.554354	0.775569	512.0
0.003210	0.441980	0.554809	0.775799	512.1
0.003204	0.441532	0.555264	0.776030	512.2
0.003198	0.441084	0.555718	0.776260	512.3
0.003192	0.440636	0.556172	0.776490	512.4
0.003186	0.440188	0.556626	0.776720	512.5
0.003180	0.439741	0.557079	0.776950	512.6
0.003173	0.439294	0.557533	0.777180	512.7
0.003167	0.438847	0.557986	0.777409	512.8
0.003161	0.438400	0.558438	0.777639	512.9
0.003155	0.437954	0.558891	0.777868	513.0
0.003149	0.437508	0.559343	0.778097	513.1
0.003143	0.437062	0.559795	0.778326	513.2
0.003137	0.436616	0.560247	0.778555	513.3
0.003131	0.436171	0.560698	0.778784	513.4
0.003125	0.435726	0.561149	0.779012	513.5
0.003119	0.435281	0.561600	0.779241	513.6
0.003113	0.434837	0.562050	0.779469	513.7
0.003107	0.434393	0.562501	0.779697	513.8
0.003101	0.433949	0.562951	0.779925	513.9
0.003095	0.433505	0.563400	0.780153	514.0
0.003089	0.433062	0.563850	0.780380	514.1
0.003083	0.432619	0.564299	0.780608	514.2
0.003077	0.432176	0.564748	0.780835	514.3
0.003071	0.431733	0.565196	0.781063	514.4
0.003065	0.431291	0.565644	0.781290	514.5
0.003059	0.430849	0.566092	0.781517	514.6
0.003053	0.430407	0.566540	0.781743	514.7
0.003047	0.429965	0.566987	0.781970	514.8
0.003041	0.429524	0.567435	0.782197	514.9
0.003035	0.429083	0.567881	0.782423	515.0
0.003030	0.428642	0.568328	0.782649	515.1
0.003024	0.428202	0.568774	0.782875	515.2
0.003018	0.427762	0.569220	0.783101	515.3
0.003012	0.427322	0.569666	0.783327	515.4
0.003006	0.426882	0.570111	0.783553	515.5
0.003000	0.426443	0.570556	0.783778	515.6
0.002995	0.426004	0.571001	0.784003	515.7
0.002989	0.425565	0.571446	0.784229	515.8
0.002983	0.425127	0.571890	0.784454	515.9
0.002977	0.424689	0.572334	0.784678	516.0
0.002972	0.424251	0.572778	0.784903	516.1
0.002966	0.423813	0.573221	0.785128	516.2
0.002960	0.423376	0.573664	0.785352	516.3
0.002954	0.422939	0.574107	0.785576	516.4
0.002949	0.422502	0.574550	0.785800	516.5
0.002943	0.422065	0.574992	0.786024	516.6
0.002937	0.421629	0.575434	0.786248	516.7
0.002932	0.421193	0.575875	0.786472	516.8
0.002926	0.420757	0.576317	0.786695	516.9
0.002920	0.420322	0.576758	0.786919	517.0
0.002915	0.419887	0.577199	0.787142	517.1
0.002909	0.419452	0.577639	0.787365	517.2
0.002903	0.419017	0.578079	0.787588	517.3
0.002898	0.418583	0.578519	0.787811	517.4
0.002892	0.418149	0.578959	0.788033	517.5
0.002886	0.417716	0.579398	0.788256	517.6
0.002881	0.417282	0.579837	0.788478	517.7
0.002875	0.416849	0.580276	0.788700	517.8
0.002870	0.416416	0.580714	0.788922	517.9
0.002864	0.415984	0.581152	0.789144	518.0
0.002859	0.415551	0.581590	0.789366	518.1
0.002853	0.415119	0.582027	0.789587	518.2
0.002848	0.414688	0.582465	0.789808	518.3
0.002842	0.414256	0.582901	0.790030	518.4
0.002837	0.413825	0.583338	0.790251	518.5
0.002831	0.413394	0.583774	0.790472	518.6
0.002826	0.412964	0.584210	0.790692	518.7
0.002820	0.412534	0.584646	0.790913	518.8
0.002815	0.412104	0.585081	0.791133	518.9
0.002809	0.411674	0.585517	0.791354	519.0
0.002804	0.411245	0.585951	0.791574	519.1
0.002798	0.410816	0.586386	0.791794	519.2
0.002793	0.410387	0.586820	0.792013	519.3
0.002788	0.409958	0.587254	0.792233	519.4
0.002782	0.409530	0.587687	0.792453	519.5
0.002777	0.409102	0.588121	0.792672	519.6
0.002771	0.408675	0.588554	0.792891	519.7
0.002766	0.408247	0.588986	0.793110	519.8
0.002761	0.407820	0.589419	0.793329	519.9
0.002755	0.407394	0.589851	0.793548	520.0
0.002750	0.406967	0.590283	0.793766	520.1
0.002745	0.406541	0.590714	0.793985	520.2
0.002739	0.406115	0.591145	0.794203	520.3
0.002734	0.405690	0.591576	0.794421	520.4
0.002729	0.405265	0.592006	0.794639	520.5
0.002724	0.404840	0.592437	0.794857	520.6
0.002718	0.404415	0.592867	0.795074	520.7
0.002713	0.403991	0.593296	0.795292	520.8
0.002708	0.403567	0.593725	0.795509	520.9
0.002703	0.403143	0.594154	0.795726	521.0
0.002697	0.402720	0.594583	0.795943	521.1
0.002692	0.402296	0.595011	0.796160	521.2
0.002687	0.401874	0.595440	0.796376	521.3
0.002682	0.401451	0.595867	0.796593	521.4
0.002677	0.401029	0.596295	0.796809	521.5
0.002671	0.400607	0.596722	0.797025	521.6
0.002666	0.400185	0.597149	0.797241	521.7
0.002661	0.399764	0.597575	0.797457	521.8
0.002656	0.399343	0.598001	0.797673	521.9
0.002651	0.398922	0.598427	0.797888	522.0
0.002646	0.398502	0.598853	0.798104	522.1
0.002640	0.398082	0.599278	0.798319	522.2
0.002635	0.397662	0.599703	0.798534	522.3
0.002630	0.397242	0.600127	0.798749	522.4
0.002625	0.396823	0.600552	0.798963	522.5
0.002620	0.396404	0.600976	0.799178	522.6
0.002615	0.395986	0.601399	0.799392	522.7
0.002610	0.395567	0.601823	0.799606	522.8
0.002605	0.395149	0.602246	0.799820	522.9
0.002600	0.394732	0.602669	0.800034	523.0
0.002595	0.394314	0.603091	0.800248	523.1
0.002590	0.393897	0.603513	0.800462	523.2
0.002585	0.393480	0.603935	0.800675	523.3
0.002580	0.393064	0.604356	0.800888	523.4
0.002575	0.392648	0.604777	0.801101	523.5
0.002570	0.392232	0.605198	0.801314	523.6
0.002565	0.391816	0.605619	0.801527	523.7
0.002560	0.391401	0.606039	0.801740	523.8
0.002555	0.390986	0.606459	0.801952	523.9
0.002550	0.390572	0.606878	0.802164	524.0
0.002545	0.390157	0.607298	0.802376	524.1
0.002540	0.389743	0.607717	0.802588	524.2
0.002535	0.389330	0.608135	0.802800	524.3
0.002530	0.388916	0.608553	0.803012	524.4
0.002525	0.388503	0.608971	0.803223	524.5
0.002521	0.388090	0.609389	0.803434	524.6
0.002516	0.387678	0.609806	0.803645	524.7
0.002511	0.387266	0.610223	0.803856	524.8
0.002506	0.386854	0.610640	0.804067	524.9
0.002501	0.386443	0.611056	0.804278	525.0
0.002496	0.386031	0.611472	0.804488	525.1
0.002491	0.385621	0.611888	0.804698	525.2
0.002487	0.385210	0.612303	0.804908	525.3
0.002482	0.384800	0.612719	0.805118	525.4
0.002477	0.384390	0.613133	0.805328	525.5
0.002472	0.383980	0.613548	0.805538	525.6
0.002467	0.383571	0.613962	0.805747	525.7
0.002463	0.383162	0.614376	0.805956	525.8
0.002458	0.382753	0.614789	0.806166	525.9
0.002453	0.382345	0.615202	0.806375	526.0
0.002448	0.381937	0.615615	0.806583	526.1
0.002444	0.381529	0.616027	0.806792	526.2
0.002439	0.381122	0.616440	0.807000	526.3
0.002434	0.380714	0.616851	0.807209	526.4
0.002429	0.380308	0.617263	0.807417	526.5
0.002425	0.379901	0.617674	0.807625	526.6
0.002420	0.379495	0.618085	0.807832	526.7
0.002415	0.379089	0.618495	0.808040	526.8
0.002411	0.378684	0.618906	0.808247	526.9
0.002406	0.378278	0.619316	0.808455	527.0
0.002401	0.377874	0.619725	0.808662	527.1
0.002397	0.377469	0.620134	0.808869	527.2
0.002392	0.377065	0.620543	0.809076	527.3
0.002387	0.376661	0.620952	0.809282	527.4
0.002383	0.376257	0.621360	0.809489	527.5
0.002378	0.375854	0.621768	0.809695	527.6
0.002374	0.375451	0.622175	0.809901	527.7
0.002369	0.375048	0.622583	0.810107	527.8
0.002364	0.374646	0.622990	0.810313	527.9
0.002360	0.374244	0.623396	0.810518	528.0
0.002355	0.373842	0.623803	0.810724	528.1
0.002351	0.373441	0.624208	0.810929	528.2
0.002346	0.373040	0.624614	0.811134	528.3
0.002342	0.372639	0.625019	0.811339	528.4
0.002337	0.372239	0.625424	0.811544	528.5
0.002333	0.371838	0.625829	0.811748	528.6
0.002328	0.371439	0.626233	0.811953	528.7
0.002324	0.371039	0.626637	0.812157	528.8
0.002319	0.370640	0.627041	0.812361	528.9
0.002315	0.370241	0.627444	0.812565	529.0
0.002310	0.369843	0.627847	0.812768	529.1
0.002306	0.369445	0.628250	0.812972	529.2
0.002301	0.369047	0.628652	0.813175	529.3
0.002297	0.368649	0.629054	0.813379	529.4
0.002292	0.368252	0.629456	0.813582	529.5
0.002288	0.367855	0.629857	0.813785	529.6
0.002283	0.367459	0.630258	0.813987	529.7
0.002279	0.367062	0.630659	0.814190	529.8
0.002275	0.366666	0.631059	0.814392	529.9
0.002270	0.366271	0.631459	0.814594	530.0
0.002266	0.365876	0.631859	0.814796	530.1
0.002261	0.365481	0.632258	0.814998	530.2
0.002257	0.365086	0.632657	0.815200	530.3
0.002253	0.364692	0.633056	0.815401	530.4
0.002248	0.364298	0.633454	0.815603	530.5
0.002244	0.363904	0.633852	0.815804	530.6
0.002240	0.363511	0.634250	0.816005	530.7
0.002235	0.363118	0.634647	0.816206	530.8
0.002231	0.362725	0.635044	0.816406	530.9
0.002227	0.362333	0.635440	0.816607	531.0
0.002222	0.361941	0.635837	0.816807	531.1
0.002218	0.361549	0.636233	0.817007	531.2
0.002214	0.361158	0.636628	0.817207	531.3
0.002210	0.360767	0.637024	0.817407	531.4
0.002205	0.360376	0.637419	0.817607	531.5
0.002201	0.359986	0.637813	0.817806	531.6
0.002197	0.359596	0.638208	0.818005	531.7
0.002192	0.359206	0.638602	0.818205	531.8
0.002188	0.358816	0.638995	0.818404	531.9
0.002184	0.358427	0.639389	0.818602	532.0
0.002180	0.358039	0.639782	0.818801	532.1
0.002176	0.357650	0.640174	0.818999	532.2
0.002171	0.357262	0.640567	0.819198	532.3
0.002167	0.356874	0.640958	0.819396	532.4
0.002163	0.356487	0.641350	0.819594	532.5
0.002159	0.356100	0.641741	0.819791	532.6
0.002155	0.355713	0.642132	0.819989	532.7
0.002150	0.355327	0.642523	0.820186	532.8
0.002146	0.354940	0.642913	0.820383	532.9
0.002142	0.354555	0.643303	0.820580	533.0
0.002138	0.354169	0.643693	0.820777	533.1
0.002134	0.353784	0.644082	0.820974	533.2
0.002130	0.353399	0.644471	0.821171	533.3
0.002126	0.353015	0.644860	0.821367	533.4
0.002122	0.352631	0.645248	0.821563	533.5
0.002117	0.352247	0.645636	0.821759	533.6
0.002113	0.351863	0.646023	0.821955	533.7
0.002109	0.351480	0.646411	0.822151	533.8
0.002105	0.351097	0.646797	0.822346	533.9
0.002101	0.350715	0.647184	0.822541	534.0
0.002097	0.350333	0.647570	0.822737	534.1
0.002093	0.349951	0.647956	0.822932	534.2
0.002089	0.349569	0.648342	0.823126	534.3
0.002085	0.349188	0.648727	0.823321	534.4
0.002081	0.348807	0.649112	0.823515	534.5
0.002077	0.348427	0.649496	0.823710	534.6
0.002073	0.348047	0.649881	0.823904	534.7
0.002069	0.347667	0.650264	0.824098	534.8
0.002065	0.347287	0.650648	0.824292	534.9
0.002061	0.346908	0.651031	0.824485	535.0
0.002057	0.346529	0.651414	0.824679	535.1
0.002053	0.346151	0.651796	0.824872	535.2
0.002049	0.345772	0.652179	0.825065	535.3
0.002045	0.345395	0.652560	0.825258	535.4
0.002041	0.345017	0.652942	0.825450	535.5
0.002037	0.344640	0.653323	0.825643	535.6
0.002033	0.344263	0.653704	0.825835	535.7
0.002029	0.343886	0.654084	0.826028	535.8
0.002025	0.343510	0.654464	0.826220	535.9
0.002021	0.343134	0.654844	0.826411	536.0
0.002018	0.342759	0.655224	0.826603	536.1
0.002014	0.342384	0.655603	0.826795	536.2
0.002010	0.342009	0.655982	0.826986	536.3
0.002006	0.341634	0.656360	0.827177	536.4
0.002002	0.341260	0.656738	0.827368	536.5
0.001998	0.340886	0.657116	0.827559	536.6
0.001994	0.340512	0.657493	0.827749	536.7
0.001990	0.340139	0.657870	0.827940	536.8
0.001987	0.339766	0.658247	0.828130	536.9
0.001983	0.339394	0.658623	0.828320	537.0
0.001979	0.339022	0.658999	0.828510	537.1
0.001975	0.338650	0.659375	0.828700	537.2
0.001971	0.338278	0.659750	0.828890	537.3
0.001968	0.337907	0.660125	0.829079	537.4
0.001964	0.337536	0.660500	0.829268	537.5
0.001960	0.337166	0.660875	0.829457	537.6
0.001956	0.336795	0.661248	0.829646	537.7
0.001952	0.336425	0.661622	0.829835	537.8
0.001949	0.336056	0.661995	0.830023	537.9
0.001945	0.335687	0.662368	0.830212	538.0
0.001941	0.335318	0.662741	0.830400	538.1
0.001937	0.334949	0.663113	0.830588	538.2
0.001934	0.334581	0.663485	0.830776	538.3
0.001930	0.334213	0.663857	0.830964	538.4
0.001926	0.333846	0.664228	0.831151	538.5
0.001922	0.333478	0.664599	0.831338	538.6
0.001919	0.333112	0.664970	0.831525	538.7
0.001915	0.332745	0.665340	0.831712	538.8
0.001911	0.332379	0.665710	0.831899	538.9
0.001908	0.332013	0.666079	0.832086	539.0
0.001904	0.331647	0.666449	0.832272	539.1
0.001900	0.331282	0.666817	0.832459	539.2
0.001897	0.330917	0.667186	0.832645	539.3
0.001893	0.330553	0.667554	0.832831	539.4
0.001889	0.330189	0.667922	0.833016	539.5
0.001886	0.329825	0.668290	0.833202	539.6
0.001882	0.329461	0.668657	0.833387	539.7
0.001878	0.329098	0.669024	0.833573	539.8
0.001875	0.328735	0.669390	0.833758	539.9
0.001871	0.328373	0.669756	0.833942	540.0
0.001868	0.328010	0.670122	0.834127	540.1
0.001864	0.327649	0.670487	0.834312	540.2
0.001860	0.327287	0.670853	0.834496	540.3
0.001857	0.326926	0.671217	0.834680	540.4
0.001853	0.326565	0.671582	0.834864	540.5
0.001850	0.326204	0.671946	0.835048	540.6
0.001846	0.325844	0.672310	0.835232	540.7
0.001843	0.325484	0.672673	0.835415	540.8
0.001839	0.325125	0.673036	0.835598	540.9
0.001836	0.324766	0.673399	0.835782	541.0
0.001832	0.324407	0.673761	0.835965	541.1
0.001828	0.324048	0.674123	0.836147	541.2
0.001825	0.323690	0.674485	0.836330	541.3
0.001821	0.323332	0.674846	0.836512	541.4
0.001818	0.322975	0.675207	0.836695	541.5
0.001814	0.322618	0.675568	0.836877	541.6
0.001811	0.322261	0.675928	0.837059	541.7
0.001807	0.321904	0.676288	0.837240	541.8
0.001804	0.321548	0.676648	0.837422	541.9
0.001800	0.321192	0.677007	0.837603	542.0
0.001797	0.320837	0.677366	0.837785	542.1
0.001794	0.320482	0.677725	0.837966	542.2
0.001790	0.320127	0.678083	0.838146	542.3
0.001787	0.319772	0.678441	0.838327	542.4
0.001783	0.319418	0.678798	0.838508	542.5
0.001780	0.319065	0.679156	0.838688	542.6
0.001776	0.318711	0.679513	0.838868	542.7
0.001773	0.318358	0.679869	0.839048	542.8
0.001770	0.318005	0.680225	0.839228	542.9
0.001766	0.317653	0.680581	0.839408	543.0
0.001763	0.317300	0.680937	0.839587	543.1
0.001759	0.316949	0.681292	0.839766	543.2
0.001756	0.316597	0.681647	0.839945	543.3
0.001753	0.316246	0.682001	0.840124	543.4
0.001749	0.315895	0.682355	0.840303	543.5
0.001746	0.315545	0.682709	0.840482	543.6
0.001743	0.315195	0.683063	0.840660	543.7
0.001739	0.314845	0.683416	0.840838	543.8
0.001736	0.314495	0.683769	0.841016	543.9
0.001732	0.314146	0.684121	0.841194	544.0
0.001729	0.313798	0.684473	0.841372	544.1
0.001726	0.313449	0.684825	0.841550	544.2
0.001723	0.313101	0.685177	0.841727	544.3
0.001719	0.312753	0.685528	0.841904	544.4
0.001716	0.312406	0.685878	0.842081	544.5
0.001713	0.312059	0.686229	0.842258	544.6
0.001709	0.311712	0.686579	0.842435	544.7
0.001706	0.311365	0.686929	0.842611	544.8
0.001703	0.311019	0.687278	0.842788	544.9
0.001699	0.310674	0.687627	0.842964	545.0
0.001696	0.310328	0.687976	0.843140	545.1
0.001693	0.309983	0.688324	0.843316	545.2
0.001690	0.309638	0.688672	0.843491	545.3
0.001686	0.309294	0.689020	0.843667	545.4
0.001683	0.308950	0.689367	0.843842	545.5
0.001680	0.308606	0.689714	0.844017	545.6
0.001677	0.308263	0.690061	0.844192	545.7
0.001674	0.307919	0.690407	0.844367	545.8
0.001670	0.307577	0.690753	0.844541	545.9
0.001667	0.307234	0.691099	0.844716	546.0
0.001664	0.306892	0.691444	0.844890	546.1
0.001661	0.306550	0.691789	0.845064	546.2
0.001658	0.306209	0.692133	0.845238	546.3
0.001654	0.305868	0.692478	0.845412	546.4
0.001651	0.305527	0.692822	0.845585	546.5
0.001648	0.305187	0.693165	0.845759	546.6
0.001645	0.304847	0.693508	0.845932	546.7
0.001642	0.304507	0.693851	0.846105	546.8
0.001639	0.304168	0.694194	0.846278	546.9
0.001635	0.303828	0.694536	0.846450	547.0
0.001632	0.303490	0.694878	0.846623	547.1
0.001629	0.303151	0.695220	0.846795	547.2
0.001626	0.302813	0.695561	0.846967	547.3
0.001623	0.302475	0.695902	0.847139	547.4
0.001620	0.302138	0.696242	0.847311	547.5
0.001617	0.301801	0.696582	0.847483	547.6
0.001614	0.301464	0.696922	0.847654	547.7
0.001611	0.301128	0.697262	0.847826	547.8
0.001607	0.300792	0.697601	0.847997	547.9
0.001604	0.300456	0.697940	0.848168	548.0
0.001601	0.300121	0.698278	0.848338	548.1
0.001598	0.299786	0.698616	0.848509	548.2
0.001595	0.299451	0.698954	0.848679	548.3
0.001592	0.299116	0.699292	0.848850	548.4
0.001589	0.298782	0.699629	0.849020	548.5
0.001586	0.298449	0.699965	0.849190	548.6
0.001583	0.298115	0.700302	0.849359	548.7
0.001580	0.297782	0.700638	0.849529	548.8
0.001577	0.297449	0.700974	0.849698	548.9
0.001574	0.297117	0.701309	0.849868	549.0
0.001571	0.296785	0.701644	0.850037	549.1
0.001568	0.296453	0.701979	0.850206	549.2
0.001565	0.296122	0.702313	0.850374	549.3
0.001562	0.295791	0.702647	0.850543	549.4
0.001559	0.295460	0.702981	0.850711	549.5
0.001556	0.295129	0.703315	0.850879	549.6
0.001553	0.294799	0.703648	0.851047	549.7
0.001550	0.294470	0.703980	0.851215	549.8
0.001547	0.294140	0.704313	0.851383	549.9
0.001544	0.293811	0.704645	0.851550	550.0
0.001541	0.293482	0.704977	0.851718	550.1
0.001538	0.293154	0.705308	0.851885	550.2
0.001535	0.292826	0.705639	0.852052	550.3
0.001532	0.292498	0.705970	0.852219	550.4
0.001529	0.292171	0.706300	0.852385	550.5
0.001526	0.291844	0.706630	0.852552	550.6
0.001523	0.291517	0.706960	0.852718	550.7
0.001521	0.291190	0.707289	0.852884	550.8
0.001518	0.290864	0.707618	0.853050	550.9
0.001515	0.290539	0.707947	0.853216	551.0
0.001512	0.290213	0.708275	0.853382	551.1
0.001509	0.289888	0.708603	0.853547	551.2
0.001506	0.289563	0.708931	0.853712	551.3
0.001503	0.289239	0.709258	0.853877	551.4
0.001500	0.288915	0.709585	0.854042	551.5
0.001497	0.288591	0.709912	0.854207	551.6
0.001495	0.288267	0.710238	0.854372	551.7
0.001492	0.287944	0.710564	0.854536	551.8
0.001489	0.287622	0.710890	0.854700	551.9
0.001486	0.287299	0.711215	0.854864	552.0
0.001483	0.286977	0.711540	0.855028	552.1
0.001480	0.286655	0.711864	0.855192	552.2
0.001478	0.286334	0.712189	0.855356	552.3
0.001475	0.286013	0.712513	0.855519	552.4
0.001472	0.285692	0.712836	0.855682	552.5
0.001469	0.285371	0.713160	0.855845	552.6
0.001466	0.285051	0.713483	0.856008	552.7
0.001464	0.284731	0.713805	0.856171	552.8
0.001461	0.284412	0.714127	0.856333	552.9
0.001458	0.284093	0.714449	0.856496	553.0
0.001455	0.283774	0.714771	0.856658	553.1
0.001452	0.283455	0.715092	0.856820	553.2
0.001450	0.283137	0.715413	0.856982	553.3
0.001447	0.282819	0.715734	0.857144	553.4
0.001444	0.282502	0.716054	0.857305	553.5
0.001441	0.282185	0.716374	0.857466	553.6
0.001439	0.281868	0.716694	0.857628	553.7
0.001436	0.281551	0.717013	0.857789	553.8
0.001433	0.281235	0.717332	0.857949	553.9
0.001430	0.280919	0.717651	0.858110	554.0
0.001428	0.280604	0.717969	0.858271	554.1
0.001425	0.280288	0.718287	0.858431	554.2
0.001422	0.279973	0.718604	0.858591	554.3
0.001420	0.279659	0.718922	0.858751	554.4
0.001417	0.279345	0.719239	0.858911	554.5
0.001414	0.279031	0.719555	0.859071	554.6
0.001411	0.278717	0.719871	0.859230	554.7
0.001409	0.278404	0.720187	0.859389	554.8
0.001406	0.278091	0.720503	0.859548	554.9
0.001403	0.277778	0.720818	0.859707	555.0
0.001401	0.277466	0.721133	0.859866	555.1
0.001398	0.277154	0.721448	0.860025	555.2
0.001395	0.276842	0.721762	0.860183	555.3
0.001393	0.276531	0.722076	0.860342	555.4
0.001390	0.276220	0.722390	0.860500	555.5
0.001387	0.275910	0.722703	0.860658	555.6
0.001385	0.275599	0.723016	0.860816	555.7
0.001382	0.275289	0.723329	0.860973	555.8
0.001380	0.274980	0.723641	0.861131	555.9
0.001377	0.274670	0.723953	0.861288	556.0
0.001374	0.274361	0.724264	0.861445	556.1
0.001372	0.274053	0.724576	0.861602	556.2
0.001369	0.273744	0.724887	0.861759	556.3
0.001366	0.273436	0.725197	0.861915	556.4
0.001364	0.273128	0.725508	0.862072	556.5
0.001361	0.272821	0.725818	0.862228	556.6
0.001359	0.272514	0.726127	0.862384	556.7
0.001356	0.272207	0.726437	0.862540	556.8
0.001354	0.271901	0.726746	0.862696	556.9
0.001351	0.271595	0.727054	0.862852	557.0
0.001348	0.271289	0.727363	0.863007	557.1
0.001346	0.270984	0.727671	0.863162	557.2
0.001343	0.270678	0.727978	0.863318	557.3
0.001341	0.270374	0.728286	0.863472	557.4
0.001338	0.270069	0.728593	0.863627	557.5
0.001336	0.269765	0.728899	0.863782	557.6
0.001333	0.269461	0.729206	0.863936	557.7
0.001331	0.269158	0.729512	0.864091	557.8
0.001328	0.268854	0.729818	0.864245	557.9
0.001326	0.268552	0.730123	0.864399	558.0
0.001323	0.268249	0.730428	0.864552	558.1
0.001320	0.267947	0.730733	0.864706	558.2
0.001318	0.267645	0.731037	0.864860	558.3
0.001315	0.267343	0.731341	0.865013	558.4
0.001313	0.267042	0.731645	0.865166	558.5
0.001310	0.266741	0.731948	0.865319	558.6
0.001308	0.266441	0.732251	0.865472	558.7
0.001306	0.266140	0.732554	0.865624	558.8
0.001303	0.265840	0.732857	0.865777	558.9
0.001301	0.265541	0.733159	0.865929	559.0
0.001298	0.265241	0.733461	0.866081	559.1
0.001296	0.264942	0.733762	0.866233	559.2
0.001293	0.264644	0.734063	0.866385	559.3
0.001291	0.264345	0.734364	0.866537	559.4
0.001288	0.264047	0.734664	0.866688	559.5
0.001286	0.263750	0.734965	0.866839	559.6
0.001283	0.263452	0.735264	0.866990	559.7
0.001281	0.263155	0.735564	0.867141	559.8
0.001279	0.262858	0.735863	0.867292	559.9
0.001276	0.262562	0.736162	0.867443	560.0
0.001274	0.262266	0.736460	0.867593	560.1
0.001271	0.261970	0.736759	0.867744	560.2
0.001269	0.261674	0.737057	0.867894	560.3
0.001267	0.261379	0.737354	0.868044	560.4
0.001264	0.261084	0.737651	0.868194	560.5
0.001262	0.260790	0.737948	0.868343	560.6
0.001259	0.260496	0.738245	0.868493	560.7
0.001257	0.260202	0.738541	0.868642	560.8
0.001255	0.259908	0.738837	0.868791	560.9
0.001252	0.259615	0.739133	0.868940	561.0
0.001250	0.259322	0.739428	0.869089	561.1
0.001247	0.259029	0.739723	0.869238	561.2
0.001245	0.258737	0.740018	0.869386	561.3
0.001243	0.258445	0.740312	0.869535	561.4
0.001240	0.258154	0.740606	0.869683	561.5
0.001238	0.257862	0.740900	0.869831	561.6
0.001236	0.257571	0.741193	0.869979	561.7
0.001233	0.257280	0.741486	0.870126	561.8
0.001231	0.256990	0.741779	0.870274	561.9
0.001229	0.256700	0.742071	0.870421	562.0
0.001226	0.256410	0.742363	0.870569	562.1
0.001224	0.256121	0.742655	0.870716	562.2
0.001222	0.255832	0.742947	0.870862	562.3
0.001219	0.255543	0.743238	0.871009	562.4
0.001217	0.255254	0.743529	0.871156	562.5
0.001215	0.254966	0.743819	0.871302	562.6
0.001213	0.254678	0.744109	0.871448	562.7
0.001210	0.254391	0.744399	0.871594	562.8
0.001208	0.254103	0.744689	0.871740	562.9
0.001206	0.253816	0.744978	0.871886	563.0
0.001203	0.253530	0.745267	0.872032	563.1
0.001201	0.253244	0.745555	0.872177	563.2
0.001199	0.252958	0.745844	0.872322	563.3
0.001197	0.252672	0.746132	0.872467	563.4
0.001194	0.252386	0.746419	0.872612	563.5
0.001192	0.252101	0.746706	0.872757	563.6
0.001190	0.251817	0.746993	0.872902	563.7
0.001188	0.251532	0.747280	0.873046	563.8
0.001185	0.251248	0.747566	0.873191	563.9
0.001183	0.250964	0.747852	0.873335	564.0
0.001181	0.250681	0.748138	0.873479	564.1
0.001179	0.250398	0.748424	0.873622	564.2
0.001176	0.250115	0.748709	0.873766	564.3
0.001174	0.249832	0.748993	0.873910	564.4
0.001172	0.249550	0.749278	0.874053	564.5
0.001170	0.249268	0.749562	0.874196	564.6
0.001168	0.248986	0.749846	0.874339	564.7
0.001165	0.248705	0.750129	0.874482	564.8
0.001163	0.248424	0.750413	0.874625	564.9
0.001161	0.248143	0.750695	0.874767	565.0
0.001159	0.247863	0.750978	0.874910	565.1
0.001157	0.247583	0.751260	0.875052	565.2
0.001155	0.247303	0.751542	0.875194	565.3
0.001152	0.247024	0.751824	0.875336	565.4
0.001150	0.246745	0.752105	0.875477	565.5
0.001148	0.246466	0.752386	0.875619	565.6
0.001146	0.246187	0.752667	0.875760	565.7
0.001144	0.245909	0.752947	0.875902	565.8
0.001142	0.245631	0.753227	0.876043	565.9
0.001139	0.245354	0.753507	0.876184	566.0
0.001137	0.245076	0.753786	0.876325	566.1
0.001135	0.244799	0.754066	0.876465	566.2
0.001133	0.244523	0.754344	0.876606	566.3
0.001131	0.244246	0.754623	0.876746	566.4
0.001129	0.243970	0.754901	0.876886	566.5
0.001127	0.243695	0.755179	0.877026	566.6
0.001125	0.243419	0.755456	0.877166	566.7
0.001122	0.243144	0.755734	0.877306	566.8
0.001120	0.242869	0.756011	0.877445	566.9
0.001118	0.242595	0.756287	0.877585	567.0
0.001116	0.242320	0.756564	0.877724	567.1
0.001114	0.242046	0.756840	0.877863	567.2
0.001112	0.241773	0.757115	0.878002	567.3
0.001110	0.241500	0.757391	0.878140	567.4
0.001108	0.241227	0.757666	0.878279	567.5
0.001106	0.240954	0.757940	0.878417	567.6
0.001104	0.240682	0.758215	0.878556	567.7
0.001102	0.240409	0.758489	0.878694	567.8
0.001099	0.240138	0.758763	0.878832	567.9
0.001097	0.239866	0.759036	0.878969	568.0
0.001095	0.239595	0.759310	0.879107	568.1
0.001093	0.239324	0.759583	0.879245	568.2
0.001091	0.239054	0.759855	0.879382	568.3
0.001089	0.238783	0.760127	0.879519	568.4
0.001087	0.238513	0.760399	0.879656	568.5
0.001085	0.238244	0.760671	0.879793	568.6
0.001083	0.237974	0.760942	0.879930	568.7
0.001081	0.237705	0.761214	0.880066	568.8
0.001079	0.237437	0.761484	0.880203	568.9
0.001077	0.237168	0.761755	0.880339	569.0
0.001075	0.236900	0.762025	0.880475	569.1
0.001073	0.236632	0.762295	0.880611	569.2
0.001071	0.236365	0.762564	0.880747	569.3
0.001069	0.236098	0.762833	0.880882	569.4
0.001067	0.235831	0.763102	0.881018	569.5
0.001065	0.235564	0.763371	0.881153	569.6
0.001063	0.235298	0.763639	0.881288	569.7
0.001061	0.235032	0.763907	0.881423	569.8
0.001059	0.234766	0.764175	0.881558	569.9
0.001057	0.234501	0.764442	0.881693	570.0
0.001055	0.234235	0.764710	0.881827	570.1
0.001053	0.233971	0.764976	0.881962	570.2
0.001051	0.233706	0.765243	0.882096	570.3
0.001049	0.233442	0.765509	0.882230	570.4
0.001047	0.233178	0.765775	0.882364	570.5
0.001045	0.232914	0.766040	0.882498	570.6
0.001043	0.232651	0.766306	0.882631	570.7
0.001041	0.232388	0.766571	0.882765	570.8
0.001039	0.232125	0.766835	0.882898	570.9
0.001037	0.231863	0.767100	0.883031	571.0
0.001035	0.231601	0.767364	0.883164	571.1
0.001034	0.231339	0.767628	0.883297	571.2
0.001032	0.231077	0.767891	0.883430	571.3
0.001030	0.230816	0.768154	0.883562	571.4
0.001028	0.230555	0.768417	0.883695	571.5
0.001026	0.230294	0.768680	0.883827	571.6
0.001024	0.230034	0.768942	0.883959	571.7
0.001022	0.229774	0.769204	0.884091	571.8
0.001020	0.229514	0.769466	0.884223	571.9
0.001018	0.229255	0.769727	0.884354	572.0
0.001016	0.228996	0.769988	0.884486	572.1
0.001014	0.228737	0.770249	0.884617	572.2
0.001013	0.228478	0.770509	0.884748	572.3
0.001011	0.228220	0.770769	0.884879	572.4
0.001009	0.227962	0.771029	0.885010	572.5
0.001007	0.227704	0.771289	0.885141	572.6
0.001005	0.227447	0.771548	0.885272	572.7
0.001003	0.227190	0.771807	0.885402	572.8
0.001001	0.226933	0.772066	0.885532	572.9
0.000999	0.226676	0.772324	0.885662	573.0
0.000998	0.226420	0.772582	0.885792	573.1
0.000996	0.226164	0.772840	0.885922	573.2
0.000994	0.225909	0.773097	0.886052	573.3
0.000992	0.225653	0.773355	0.886181	573.4
0.000990	0.225398	0.773612	0.886311	573.5
0.000988	0.225143	0.773868	0.886440	573.6
0.000986	0.224889	0.774124	0.886569	573.7
0.000985	0.224635	0.774381	0.886698	573.8
0.000983	0.224381	0.774636	0.886827	573.9
0.000981	0.224127	0.774892	0.886955	574.0
0.000979	0.223874	0.775147	0.887084	574.1
0.000977	0.223621	0.775402	0.887212	574.2
0.000976	0.223368	0.775656	0.887340	574.3
0.000974	0.223116	0.775910	0.887468	574.4
0.000972	0.222864	0.776164	0.887596	574.5
0.000970	0.222612	0.776418	0.887724	574.6
0.000968	0.222360	0.776671	0.887852	574.7
0.000966	0.222109	0.776924	0.887979	574.8
0.000965	0.221858	0.777177	0.888106	574.9
0.000963	0.221607	0.777430	0.888233	575.0
0.000961	0.221357	0.777682	0.888360	575.1
0.000959	0.221107	0.777934	0.888487	575.2
0.000958	0.220857	0.778185	0.888614	575.3
0.000956	0.220608	0.778437	0.888740	575.4
0.000954	0.220358	0.778688	0.888867	575.5
0.000952	0.220109	0.778938	0.888993	575.6
0.000950	0.219861	0.779189	0.889119	575.7
0.000949	0.219612	0.779439	0.889245	575.8
0.000947	0.219364	0.779689	0.889371	575.9
0.000945	0.219116	0.779938	0.889497	576.0
0.000943	0.218869	0.780188	0.889622	576.1
0.000942	0.218622	0.780437	0.889748	576.2
0.000940	0.218375	0.780685	0.889873	576.3
0.000938	0.218128	0.780934	0.889998	576.4
0.000936	0.217882	0.781182	0.890123	576.5
0.000935	0.217635	0.781430	0.890248	576.6
0.000933	0.217390	0.781677	0.890372	576.7
0.000931	0.217144	0.781925	0.890497	576.8
0.000930	0.216899	0.782172	0.890621	576.9
0.000928	0.216654	0.782418	0.890745	577.0
0.000926	0.216409	0.782665	0.890869	577.1
0.000924	0.216165	0.782911	0.890993	577.2
0.000923	0.215921	0.783157	0.891117	577.3
0.000921	0.215677	0.783402	0.891241	577.4
0.000919	0.215433	0.783647	0.891364	577.5
0.000918	0.215190	0.783892	0.891487	577.6
0.000916	0.214947	0.784137	0.891611	577.7
0.000914	0.214704	0.784381	0.891734	577.8
0.000913	0.214462	0.784625	0.891856	577.9
0.000911	0.214220	0.784869	0.891979	578.0
0.000909	0.213978	0.785113	0.892102	578.1
0.000907	0.213736	0.785356	0.892224	578.2
0.000906	0.213495	0.785599	0.892347	578.3
0.000904	0.213254	0.785842	0.892469	578.4
0.000902	0.213013	0.786084	0.892591	578.5
0.000901	0.212773	0.786326	0.892713	578.6
0.000899	0.212533	0.786568	0.892834	578.7
0.000897	0.212293	0.786810	0.892956	578.8
0.000896	0.212053	0.787051	0.893078	578.9
0.000894	0.211814	0.787292	0.893199	579.0
0.000892	0.211575	0.787533	0.893320	579.1
0.000891	0.211336	0.787773	0.893441	579.2
0.000889	0.211098	0.788013	0.893562	579.3
0.000888	0.210859	0.788253	0.893683	579.4
0.000886	0.210622	0.788493	0.893803	579.5
0.000884	0.210384	0.788732	0.893924	579.6
0.000883	0.210147	0.788971	0.894044	579.7
0.000881	0.209909	0.789210	0.894164	579.8
0.000879	0.209673	0.789448	0.894284	579.9
0.000878	0.209436	0.789686	0.894404	580.0
0.000876	0.209200	0.789924	0.894524	580.1
0.000875	0.208964	0.790162	0.894644	580.2
0.000873	0.208728	0.790399	0.894763	580.3
0.000871	0.208493	0.790636	0.894882	580.4
0.000870	0.208257	0.790873	0.895002	580.5
0.000868	0.208023	0.791109	0.895121	580.6
0.000867	0.207788	0.791345	0.895239	580.7
0.000865	0.207554	0.791581	0.895358	580.8
0.000863	0.207320	0.791817	0.895477	580.9
0.000862	0.207086	0.792052	0.895595	581.0
0.000860	0.206852	0.792288	0.895714	581.1
0.000859	0.206619	0.792522	0.895832	581.2
0.000857	0.206386	0.792757	0.895950	581.3
0.000855	0.206153	0.792991	0.896068	581.4
0.000854	0.205921	0.793225	0.896186	581.5
0.000852	0.205689	0.793459	0.896303	581.6
0.000851	0.205457	0.793692	0.896421	581.7
0.000849	0.205225	0.793925	0.896538	581.8
0.000848	0.204994	0.794158	0.896655	581.9
0.000846	0.204763	0.794391	0.896772	582.0
0.000845	0.204532	0.794623	0.896889	582.1
0.000843	0.204302	0.794855	0.897006	582.2
0.000841	0.204071	0.795087	0.897123	582.3
0.000840	0.203841	0.795319	0.897239	582.4
0.000838	0.203612	0.795550	0.897356	582.5
0.000837	0.203382	0.795781	0.897472	582.6
0.000835	0.203153	0.796012	0.897588	582.7
0.000834	0.202924	0.796242	0.897704	582.8
0.000832	0.202696	0.796472	0.897820	582.9
0.000831	0.202467	0.796702	0.897936	583.0
0.000829	0.202239	0.796932	0.898051	583.1
0.000828	0.202011	0.797161	0.898167	583.2
0.000826	0.201784	0.797390	0.898282	583.3
0.000825	0.201557	0.797619	0.898397	583.4
0.000823	0.201330	0.797847	0.898512	583.5
0.000822	0.201103	0.798076	0.898627	583.6
0.000820	0.200876	0.798303	0.898742	583.7
0.000819	0.200650	0.798531	0.898856	583.8
0.000817	0.200424	0.798759	0.898971	583.9
0.000816	0.200199	0.798986	0.899085	584.0
0.000814	0.199973	0.799213	0.899199	584.1
0.000813	0.199748	0.799439	0.899313	584.2
0.000811	0.199523	0.799666	0.899427	584.3
0.000810	0.199299	0.799892	0.899541	584.4
0.000808	0.199074	0.800118	0.899655	584.5
0.000807	0.198850	0.800343	0.899768	584.6
0.000805	0.198626	0.800568	0.899882	584.7
0.000804	0.198403	0.800793	0.899995	584.8
0.000802	0.198180	0.801018	0.900108	584.9
0.000801	0.197957	0.801243	0.900221	585.0
0.000799	0.197734	0.801467	0.900334	585.1
0.000798	0.197511	0.801691	0.900446	585.2
0.000796	0.197289	0.801914	0.900559	585.3
0.000795	0.197067	0.802138	0.900671	585.4
0.000793	0.196846	0.802361	0.900784	585.5
0.000792	0.196624	0.802584	0.900896	585.6
0.000791	0.196403	0.802806	0.901008	585.7
0.000789	0.196182	0.803029	0.901120	585.8
0.000788	0.195962	0.803251	0.901232	585.9
0.000786	0.195741	0.803473	0.901343	586.0
0.000785	0.195521	0.803694	0.901455	586.1
0.000783	0.195301	0.803915	0.901566	586.2
0.000782	0.195082	0.804136	0.901677	586.3
0.000781	0.194862	0.804357	0.901788	586.4
0.000779	0.194643	0.804578	0.901899	586.5
0.000778	0.194424	0.804798	0.902010	586.6
0.000776	0.194206	0.805018	0.902121	586.7
0.000775	0.193988	0.805238	0.902231	586.8
0.000773	0.193770	0.805457	0.902342	586.9
0.000772	0.193552	0.805676	0.902452	587.0
0.000771	0.193334	0.805895	0.902562	587.1
0.000769	0.193117	0.806114	0.902672	587.2
0.000768	0.192900	0.806332	0.902782	587.3
0.000766	0.192683	0.806550	0.902892	587.4
0.000765	0.192467	0.806768	0.903001	587.5
0.000764	0.192251	0.806986	0.903111	587.6
0.000762	0.192035	0.807203	0.903220	587.7
0.000761	0.191819	0.807420	0.903330	587.8
0.000760	0.191604	0.807637	0.903439	587.9
0.000758	0.191388	0.807853	0.903548	588.0
0.000757	0.191174	0.808070	0.903656	588.1
0.000755	0.190959	0.808286	0.903765	588.2
0.000754	0.190744	0.808502	0.903874	588.3
0.000753	0.190530	0.808717	0.903982	588.4
0.000751	0.190316	0.808932	0.904091	588.5
0.000750	0.190103	0.809147	0.904199	588.6
0.000749	0.189889	0.809362	0.904307	588.7
0.000747	0.189676	0.809577	0.904415	588.8
0.000746	0.189463	0.809791	0.904522	588.9
0.000744	0.189251	0.810005	0.904630	589.0
0.000743	0.189038	0.810219	0.904738	589.1
0.000742	0.188826	0.810432	0.904845	589.2
0.000740	0.188614	0.810645	0.904952	589.3
0.000739	0.188403	0.810858	0.905060	589.4
0.000738	0.188191	0.811071	0.905167	589.5
0.000736	0.187980	0.811283	0.905273	589.6
0.000735	0.187769	0.811495	0.905380	589.7
0.000734	0.187559	0.811707	0.905487	589.8
0.000732	0.187349	0.811919	0.905593	589.9
0.000731	0.187138	0.812130	0.905700	590.0
0.000730	0.186929	0.812342	0.905806	590.1
0.000728	0.186719	0.812552	0.905912	590.2
0.000727	0.186510	0.812763	0.906018	590.3
0.000726	0.186301	0.812974	0.906124	590.4
0.000724	0.186092	0.813184	0.906230	590.5
0.000723	0.185883	0.813394	0.906335	590.6
0.000722	0.185675	0.813603	0.906441	590.7
0.000721	0.185467	0.813813	0.906546	590.8
0.000719	0.185259	0.814022	0.906651	590.9
0.000718	0.185051	0.814231	0.906756	591.0
0.000717	0.184844	0.814439	0.906861	591.1
0.000715	0.184637	0.814648	0.906966	591.2
0.000714	0.184430	0.814856	0.907071	591.3
0.000713	0.184224	0.815064	0.907175	591.4
0.000712	0.184017	0.815271	0.907280	591.5
0.000710	0.183811	0.815479	0.907384	591.6
0.000709	0.183605	0.815686	0.907488	591.7
0.000708	0.183400	0.815893	0.907592	591.8
0.000706	0.183194	0.816099	0.907696	591.9
0.000705	0.182989	0.816306	0.907800	592.0
0.000704	0.182784	0.816512	0.907904	592.1
0.000703	0.182580	0.816718	0.908008	592.2
0.000701	0.182375	0.816923	0.908111	592.3
0.000700	0.182171	0.817129	0.908214	592.4
0.000699	0.181968	0.817334	0.908317	592.5
0.000698	0.181764	0.817539	0.908421	592.6
0.000696	0.181561	0.817743	0.908523	592.7
0.000695	0.181357	0.817948	0.908626	592.8
0.000694	0.181155	0.818152	0.908729	592.9
0.000692	0.180952	0.818356	0.908832	593.0
0.000691	0.180749	0.818559	0.908934	593.1
0.000690	0.180547	0.818763	0.909036	593.2
0.000689	0.180345	0.818966	0.909139	593.3
0.000688	0.180144	0.819169	0.909241	593.4
0.000686	0.179942	0.819371	0.909343	593.5
0.000685	0.179741	0.819574	0.909444	593.6
0.000684	0.179540	0.819776	0.909546	593.7
0.000683	0.179340	0.819978	0.909648	593.8
0.000681	0.179139	0.820180	0.909749	593.9
0.000680	0.178939	0.820381	0.909850	594.0
0.000679	0.178739	0.820582	0.909952	594.1
0.000678	0.178539	0.820783	0.910053	594.2
0.000676	0.178340	0.820984	0.910154	594.3
0.000675	0.178140	0.821184	0.910255	594.4
0.000674	0.177941	0.821385	0.910355	594.5
0.000673	0.177743	0.821584	0.910456	594.6
0.000672	0.177544	0.821784	0.910556	594.7
0.000670	0.177346	0.821984	0.910657	594.8
0.000669	0.177148	0.822183	0.910757	594.9
0.000668	0.176950	0.822382	0.910857	595.0
0.000667	0.176752	0.822581	0.910957	595.1
0.000666	0.176555	0.822779	0.911057	595.2
0.000664	0.176358	0.822977	0.911157	595.3
0.000663	0.176161	0.823176	0.911256	595.4
0.000662	0.175965	0.823373	0.911356	595.5
0.000661	0.175768	0.823571	0.911455	595.6
0.000660	0.175572	0.823768	0.911554	595.7
0.000658	0.175376	0.823965	0.911653	595.8
0.000657	0.175181	0.824162	0.911752	595.9
0.000656	0.174985	0.824359	0.911851	596.0
0.000655	0.174790	0.824555	0.911950	596.1
0.000654	0.174595	0.824751	0.912049	596.2
0.000653	0.174400	0.824947	0.912147	596.3
0.000651	0.174206	0.825143	0.912246	596.4
0.000650	0.174012	0.825338	0.912344	596.5
0.000649	0.173818	0.825533	0.912442	596.6
0.000648	0.173624	0.825728	0.912540	596.7
0.000647	0.173430	0.825923	0.912638	596.8
0.000646	0.173237	0.826117	0.912736	596.9
0.000644	0.173044	0.826312	0.912834	597.0
0.000643	0.172851	0.826506	0.912931	597.1
0.000642	0.172659	0.826699	0.913029	597.2
0.000641	0.172466	0.826893	0.913126	597.3
0.000640	0.172274	0.827086	0.913223	597.4
0.000639	0.172082	0.827279	0.913320	597.5
0.000638	0.171891	0.827472	0.913417	597.6
0.000636	0.171699	0.827664	0.913514	597.7
0.000635	0.171508	0.827857	0.913611	597.8
0.000634	0.171317	0.828049	0.913707	597.9
0.000633	0.171126	0.828241	0.913804	598.0
0.000632	0.170936	0.828432	0.913900	598.1
0.000631	0.170745	0.828624	0.913996	598.2
0.000630	0.170555	0.828815	0.914093	598.3
0.000629	0.170366	0.829006	0.914189	598.4
0.000627	0.170176	0.829197	0.914285	598.5
0.000626	0.169987	0.829387	0.914380	598.6
0.000625	0.169798	0.829577	0.914476	598.7
0.000624	0.169609	0.829767	0.914572	598.8
0.000623	0.169420	0.829957	0.914667	598.9
0.000622	0.169232	0.830147	0.914762	599.0
0.000621	0.169043	0.830336	0.914858	599.1
0.000620	0.168855	0.830525	0.914953	599.2
0.000619	0.168668	0.830714	0.915048	599.3
0.000617	0.168480	0.830902	0.915142	599.4
0.000616	0.168293	0.831091	0.915237	599.5
0.000615	0.168106	0.831279	0.915332	599.6
0.000614	0.167919	0.831467	0.915426	599.7
0.000613	0.167732	0.831654	0.915521	599.8
0.000612	0.167546	0.831842	0.915615	599.9
0.000611	0.167360	0.832029	0.915709	600.0
0.000610	0.167174	0.832216	0.915803	600.1
0.000609	0.166988	0.832403	0.915897	600.2
0.000608	0.166803	0.832589	0.915991	600.3
0.000607	0.166618	0.832776	0.916085	600.4
0.000605	0.166433	0.832962	0.916178	600.5
0.000604	0.166248	0.833148	0.916272	600.6
0.000603	0.166063	0.833333	0.916365	600.7
0.000602	0.165879	0.833519	0.916458	600.8
0.000601	0.165695	0.833704	0.916551	600.9
0.000600	0.165511	0.833889	0.916644	601.0
0.000599	0.165327	0.834074	0.916737	601.1
0.000598	0.165144	0.834258	0.916830	601.2
0.000597	0.164961	0.834442	0.916923	601.3
0.000596	0.164778	0.834626	0.917015	601.4
0.000595	0.164595	0.834810	0.917108	601.5
0.000594	0.164412	0.834994	0.917200	601.6
0.000593	0.164230	0.835177	0.917292	601.7
0.000592	0.164048	0.835360	0.917384	601.8
0.000591	0.163866	0.835543	0.917476	601.9
0.000590	0.163684	0.835726	0.917568	602.0
0.000589	0.163503	0.835909	0.917660	602.1
0.000587	0.163322	0.836091	0.917752	602.2
0.000586	0.163141	0.836273	0.917843	602.3
0.000585	0.162960	0.836455	0.917935	602.4
0.000584	0.162779	0.836636	0.918026	602.5
0.000583	0.162599	0.836818	0.918117	602.6
0.000582	0.162419	0.836999	0.918208	602.7
0.000581	0.162239	0.837180	0.918299	602.8
0.000580	0.162060	0.837360	0.918390	602.9
0.000579	0.161880	0.837541	0.918481	603.0
0.000578	0.161701	0.837721	0.918571	603.1
0.000577	0.161522	0.837901	0.918662	603.2
0.000576	0.161343	0.838081	0.918752	603.3
0.000575	0.161164	0.838260	0.918843	603.4
0.000574	0.160986	0.838440	0.918933	603.5
0.000573	0.160808	0.838619	0.919023	603.6
0.000572	0.160630	0.838798	0.919113	603.7
0.000571	0.160452	0.838977	0.919203	603.8
0.000570	0.160275	0.839155	0.919292	603.9
0.000569	0.160098	0.839333	0.919382	604.0
0.000568	0.159921	0.839511	0.919472	604.1
0.000567	0.159744	0.839689	0.919561	604.2
0.000566	0.159567	0.839867	0.919650	604.3
0.000565	0.159391	0.840044	0.919740	604.4
0.000564	0.159215	0.840221	0.919829	604.5
0.000563	0.159039	0.840398	0.919918	604.6
0.000562	0.158863	0.840575	0.920006	604.7
0.000561	0.158687	0.840752	0.920095	604.8
0.000560	0.158512	0.840928	0.920184	604.9
0.000559	0.158337	0.841104	0.920272	605.0
0.000558	0.158162	0.841280	0.920361	605.1
0.000557	0.157987	0.841456	0.920449	605.2
0.000556	0.157813	0.841631	0.920537	605.3
0.000555	0.157639	0.841806	0.920625	605.4
0.000554	0.157465	0.841981	0.920713	605.5
0.000553	0.157291	0.842156	0.920801	605.6
0.000552	0.157117	0.842331	0.920889	605.7
0.000551	0.156944	0.842505	0.920977	605.8
0.000550	0.156771	0.842679	0.921064	605.9
0.000549	0.156598	0.842853	0.921152	606.0
0.000548	0.156425	0.843027	0.921239	606.1
0.000547	0.156252	0.843200	0.921326	606.2
0.000546	0.156080	0.843374	0.921414	606.3
0.000545	0.155908	0.843547	0.921501	606.4
0.000545	0.155736	0.843719	0.921587	606.5
0.000544	0.155564	0.843892	0.921674	606.6
0.000543	0.155393	0.844065	0.921761	606.7
0.000542	0.155222	0.844237	0.921848	606.8
0.000541	0.155050	0.844409	0.921934	606.9
0.000540	0.154880	0.844581	0.922020	607.0
0.000539	0.154709	0.844752	0.922107	607.1
0.000538	0.154539	0.844924	0.922193	607.2
0.000537	0.154368	0.845095	0.922279	607.3
0.000536	0.154198	0.845266	0.922365	607.4
0.000535	0.154028	0.845436	0.922451	607.5
0.000534	0.153859	0.845607	0.922536	607.6
0.000533	0.153689	0.845777	0.922622	607.7
0.000532	0.153520	0.845947	0.922708	607.8
0.000531	0.153351	0.846117	0.922793	607.9
0.000530	0.153183	0.846287	0.922878	608.0
0.000529	0.153014	0.846457	0.922964	608.1
0.000529	0.152846	0.846626	0.923049	608.2
0.000528	0.152677	0.846795	0.923134	608.3
0.000527	0.152509	0.846964	0.923219	608.4
0.000526	0.152342	0.847132	0.923303	608.5
0.000525	0.152174	0.847301	0.923388	608.6
0.000524	0.152007	0.847469	0.923473	608.7
0.000523	0.151840	0.847637	0.923557	608.8
0.000522	0.151673	0.847805	0.923641	608.9
0.000521	0.151506	0.847973	0.923726	609.0
0.000520	0.151340	0.848140	0.923810	609.1
0.000519	0.151173	0.848307	0.923894	609.2
0.000518	0.151007	0.848474	0.923978	609.3
0.000518	0.150841	0.848641	0.924062	609.4
0.000517	0.150676	0.848808	0.924146	609.5
0.000516	0.150510	0.848974	0.924229	609.6
0.000515	0.150345	0.849140	0.924313	609.7
0.000514	0.150180	0.849306	0.924396	609.8
0.000513	0.150015	0.849472	0.924479	609.9
0.000512	0.149850	0.849638	0.924563	610.0
0.000511	0.149686	0.849803	0.924646	610.1
0.000510	0.149522	0.849968	0.924729	610.2
0.000509	0.149357	0.850133	0.924812	610.3
0.000509	0.149194	0.850298	0.924895	610.4
0.000508	0.149030	0.850462	0.924977	610.5
0.000507	0.148867	0.850627	0.925060	610.6
0.000506	0.148703	0.850791	0.925142	610.7
0.000505	0.148540	0.850955	0.925225	610.8
0.000504	0.148377	0.851118	0.925307	610.9
0.000503	0.148215	0.851282	0.925389	611.0
0.000502	0.148052	0.851445	0.925471	611.1
0.000502	0.147890	0.851608	0.925553	611.2
0.000501	0.147728	0.851771	0.925635	611.3
0.000500	0.147566	0.851934	0.925717	611.4
0.000499	0.147404	0.852097	0.925799	611.5
0.000498	0.147243	0.852259	0.925880	611.6
0.000497	0.147082	0.852421	0.925962	611.7
0.000496	0.146921	0.852583	0.926043	611.8
0.000495	0.146760	0.852745	0.926125	611.9
0.000495	0.146599	0.852906	0.926206	612.0
0.000494	0.146439	0.853068	0.926287	612.1
0.000493	0.146278	0.853229	0.926368	612.2
0.000492	0.146118	0.853390	0.926449	612.3
0.000491	0.145958	0.853550	0.926530	612.4
0.000490	0.145799	0.853711	0.926610	612.5
0.000490	0.145639	0.853871	0.926691	612.6
0.000489	0.145480	0.854031	0.926771	612.7
0.000488	0.145321	0.854191	0.926852	612.8
0.000487	0.145162	0.854351	0.926932	612.9
0.000486	0.145003	0.854511	0.927012	613.0
0.000485	0.144845	0.854670	0.927092	613.1
0.000484	0.144686	0.854829	0.927172	613.2
0.000484	0.144528	0.854988	0.927252	613.3
0.000483	0.144370	0.855147	0.927332	613.4
0.000482	0.144213	0.855305	0.927412	613.5
0.000481	0.144055	0.855464	0.927491	613.6
0.000480	0.143898	0.855622	0.927571	613.7
0.000479	0.143741	0.855780	0.927650	613.8
0.000479	0.143584	0.855938	0.927730	613.9
0.000478	0.143427	0.856095	0.927809	614.0
0.000477	0.143270	0.856253	0.927888	614.1
0.000476	0.143114	0.856410	0.927967	614.2
0.000475	0.142958	0.856567	0.928046	614.3
0.000474	0.142802	0.856724	0.928125	614.4
0.000474	0.142646	0.856880	0.928203	614.5
0.000473	0.142491	0.857037	0.928282	614.6
0.000472	0.142335	0.857193	0.928360	614.7
0.000471	0.142180	0.857349	0.928439	614.8
0.000470	0.142025	0.857505	0.928517	614.9
0.000470	0.141870	0.857660	0.928595	615.0
0.000469	0.141715	0.857816	0.928673	615.1
0.000468	0.141561	0.857971	0.928752	615.2
0.000467	0.141407	0.858126	0.928829	615.3
0.000466	0.141253	0.858281	0.928907	615.4
0.000466	0.141099	0.858436	0.928985	615.5
0.000465	0.140945	0.858590	0.929063	615.6
0.000464	0.140792	0.858744	0.929140	615.7
0.000463	0.140638	0.858899	0.929218	615.8
0.000462	0.140485	0.859052	0.929295	615.9
0.000462	0.140332	0.859206	0.929372	616.0
0.000461	0.140180	0.859360	0.929449	616.1
0.000460	0.140027	0.859513	0.929527	616.2
0.000459	0.139875	0.859666	0.929604	616.3
0.000458	0.139722	0.859819	0.929680	616.4
0.000458	0.139570	0.859972	0.929757	616.5
0.000457	0.139419	0.860125	0.929834	616.6
0.000456	0.139267	0.860277	0.929910	616.7
0.000455	0.139116	0.860429	0.929987	616.8
0.000454	0.138964	0.860581	0.930063	616.9
0.000454	0.138813	0.860733	0.930140	617.0
0.000453	0.138662	0.860885	0.930216	617.1
0.000452	0.138512	0.861036	0.930292	617.2
0.000451	0.138361	0.861187	0.930368	617.3
0.000451	0.138211	0.861338	0.930444	617.4
0.000450	0.138061	0.861489	0.930520	617.5
0.000449	0.137911	0.861640	0.930596	617.6
0.000448	0.137761	0.861791	0.930671	617.7
0.000447	0.137612	0.861941	0.930747	617.8
0.000447	0.137462	0.862091	0.930822	617.9
0.000446	0.137313	0.862241	0.930898	618.0
0.000445	0.137164	0.862391	0.930973	618.1
0.000444	0.137015	0.862540	0.931048	618.2
0.000444	0.136866	0.862690	0.931123	618.3
0.000443	0.136718	0.862839	0.931198	618.4
0.000442	0.136570	0.862988	0.931273	618.5
0.000441	0.136422	0.863137	0.931348	618.6
0.000441	0.136274	0.863286	0.931423	618.7
0.000440	0.136126	0.863434	0.931497	618.8
0.000439	0.135978	0.863582	0.931572	618.9
0.000438	0.135831	0.863731	0.931646	619.0
0.000438	0.135684	0.863879	0.931720	619.1
0.000437	0.135537	0.864026	0.931795	619.2
0.000436	0.135390	0.864174	0.931869	619.3
0.000435	0.135243	0.864321	0.931943	619.4
0.000435	0.135097	0.864468	0.932017	619.5
0.000434	0.134951	0.864615	0.932091	619.6
0.000433	0.134805	0.864762	0.932165	619.7
0.000432	0.134659	0.864909	0.932238	619.8
0.000432	0.134513	0.865055	0.932312	619.9
0.000431	0.134367	0.865202	0.932385	620.0
0.000430	0.134222	0.865348	0.932459	620.1
0.000429	0.134077	0.865494	0.932532	620.2
0.000429	0.133932	0.865640	0.932605	620.3
0.000428	0.133787	0.865785	0.932679	620.4
0.000427	0.133642	0.865930	0.932752	620.5
0.000427	0.133498	0.866076	0.932825	620.6
0.000426	0.133353	0.866221	0.932897	620.7
0.000425	0.133209	0.866366	0.932970	620.8
0.000424	0.133065	0.866510	0.933043	620.9
0.000424	0.132922	0.866655	0.933116	621.0
0.000423	0.132778	0.866799	0.933188	621.1
0.000422	0.132635	0.866943	0.933260	621.2
0.000421	0.132491	0.867087	0.933333	621.3
0.000421	0.132348	0.867231	0.933405	621.4
0.000420	0.132205	0.867375	0.933477	621.5
0.000419	0.132063	0.867518	0.933549	621.6
0.000419	0.131920	0.867661	0.933621	621.7
0.000418	0.131778	0.867804	0.933693	621.8
0.000417	0.131636	0.867947	0.933765	621.9
0.000416	0.131494	0.868090	0.933837	622.0
0.000416	0.131352	0.868232	0.933908	622.1
0.000415	0.131210	0.868375	0.933980	622.2
0.000414	0.131069	0.868517	0.934051	622.3
0.000414	0.130927	0.868659	0.934123	622.4
0.000413	0.130786	0.868801	0.934194	622.5
0.000412	0.130645	0.868942	0.934265	622.6
0.000412	0.130504	0.869084	0.934336	622.7
0.000411	0.130364	0.869225	0.934407	622.8
0.000410	0.130223	0.869366	0.934478	622.9
0.000409	0.130083	0.869507	0.934549	623.0
0.000409	0.129943	0.869648	0.934620	623.1
0.000408	0.129803	0.869789	0.934690	623.2
0.000407	0.129663	0.869929	0.934761	623.3
0.000407	0.129524	0.870069	0.934831	623.4
0.000406	0.129384	0.870209	0.934902	623.5
0.000405	0.129245	0.870349	0.934972	623.6
0.000405	0.129106	0.870489	0.935042	623.7
0.000404	0.128967	0.870629	0.935112	623.8
0.000403	0.128829	0.870768	0.935182	623.9
0.000403	0.128690	0.870907	0.935252	624.0
0.000402	0.128552	0.871046	0.935322	624.1
0.000401	0.128414	0.871185	0.935392	624.2
0.000401	0.128276	0.871324	0.935462	624.3
0.000400	0.128138	0.871462	0.935531	624.4
0.000399	0.128000	0.871601	0.935601	624.5
0.000399	0.127862	0.871739	0.935670	624.6
0.000398	0.127725	0.871877	0.935740	624.7
0.000397	0.127588	0.872015	0.935809	624.8
0.000397	0.127451	0.872153	0.935878	624.9
0.000396	0.127314	0.872290	0.935947	625.0
0.000395	0.127177	0.872427	0.936016	625.1
0.000395	0.127041	0.872565	0.936085	625.2
0.000394	0.126905	0.872702	0.936154	625.3
0.000393	0.126768	0.872838	0.936223	625.4
0.000393	0.126632	0.872975	0.936291	625.5
0.000392	0.126497	0.873112	0.936360	625.6
0.000391	0.126361	0.873248	0.936428	625.7
0.000391	0.126225	0.873384	0.936497	625.8
0.000390	0.126090	0.873520	0.936565	625.9
0.000389	0.125955	0.873656	0.936633	626.0
0.000389	0.125820	0.873791	0.936701	626.1
0.000388	0.125685	0.873927	0.936769	626.2
0.000387	0.125551	0.874062	0.936837	626.3
0.000387	0.125416	0.874197	0.936905	626.4
0.000386	0.125282	0.874332	0.936973	626.5
0.000385	0.125148	0.874467	0.937041	626.6
0.000385	0.125014	0.874602	0.937109	626.7
0.000384	0.124880	0.874736	0.937176	626.8
0.000383	0.124746	0.874871	0.937244	626.9
0.000383	0.124613	0.875005	0.937311	627.0
0.000382	0.124479	0.875139	0.937378	627.1
0.000381	0.124346	0.875272	0.937446	627.2
0.000381	0.124213	0.875406	0.937513	627.3
0.000380	0.124080	0.875540	0.937580	627.4
0.000380	0.123948	0.875673	0.937647	627.5
0.000379	0.123815	0.875806	0.937714	627.6
0.000378	0.123683	0.875939	0.937780	627.7
0.000378	0.123551	0.876072	0.937847	627.8
0.000377	0.123419	0.876204	0.937914	627.9
0.000376	0.123287	0.876337	0.937980	628.0
0.000376	0.123155	0.876469	0.938047	628.1
0.000375	0.123023	0.876601	0.938113	628.2
0.000374	0.122892	0.876733	0.938179	628.3
0.000374	0.122761	0.876865	0.938246	628.4
0.000373	0.122630	0.876997	0.938312	628.5
0.000373	0.122499	0.877128	0.938378	628.6
0.000372	0.122368	0.877260	0.938444	628.7
0.000371	0.122238	0.877391	0.938510	628.8
0.000371	0.122107	0.877522	0.938576	628.9
0.000370	0.121977	0.877653	0.938641	629.0
0.000369	0.121847	0.877784	0.938707	629.1
0.000369	0.121717	0.877914	0.938773	629.2
0.000368	0.121587	0.878044	0.938838	629.3
0.000368	0.121458	0.878175	0.938904	629.4
0.000367	0.121328	0.878305	0.938969	629.5
0.000366	0.121199	0.878435	0.939034	629.6
0.000366	0.121070	0.878564	0.939099	629.7
0.000365	0.120941	0.878694	0.939164	629.8
0.000365	0.120812	0.878823	0.939229	629.9
0.000364	0.120684	0.878952	0.939294	630.0
0.000363	0.120555	0.879082	0.939359	630.1
0.000363	0.120427	0.879211	0.939424	630.2
0.000362	0.120299	0.879339	0.939489	630.3
0.000362	0.120171	0.879468	0.939553	630.4
0.000361	0.120043	0.879596	0.939618	630.5
0.000360	0.119915	0.879725	0.939682	630.6
0.000360	0.119788	0.879853	0.939747	630.7
0.000359	0.119660	0.879981	0.939811	630.8
0.000359	0.119533	0.880109	0.939875	630.9
0.000358	0.119406	0.880236	0.939939	631.0
0.000357	0.119279	0.880364	0.940003	631.1
0.000357	0.119152	0.880491	0.940067	631.2
0.000356	0.119026	0.880618	0.940131	631.3
0.000356	0.118899	0.880745	0.940195	631.4
0.000355	0.118773	0.880872	0.940259	631.5
0.000354	0.118647	0.880999	0.940322	631.6
0.000354	0.118521	0.881125	0.940386	631.7
0.000353	0.118395	0.881252	0.940449	631.8
0.000353	0.118269	0.881378	0.940513	631.9
0.000352	0.118144	0.881504	0.940576	632.0
0.000351	0.118019	0.881630	0.940639	632.1
0.000351	0.117893	0.881756	0.940702	632.2
0.000350	0.117768	0.881881	0.940766	632.3
0.000350	0.117644	0.882007	0.940829	632.4
0.000349	0.117519	0.882132	0.940892	632.5
0.000349	0.117394	0.882257	0.940954	632.6
0.000348	0.117270	0.882382	0.941017	632.7
0.000347	0.117146	0.882507	0.941080	632.8
0.000347	0.117021	0.882632	0.941143	632.9
0.000346	0.116897	0.882756	0.941205	633.0
0.000346	0.116774	0.882881	0.941268	633.1
0.000345	0.116650	0.883005	0.941330	633.2
0.000344	0.116527	0.883129	0.941392	633.3
0.000344	0.116403	0.883253	0.941455	633.4
0.000343	0.116280	0.883377	0.941517	633.5
0.000343	0.116157	0.883500	0.941579	633.6
0.000342	0.116034	0.883624	0.941641	633.7
0.000342	0.115911	0.883747	0.941703	633.8
0.000341	0.115789	0.883870	0.941765	633.9
0.000341	0.115666	0.883993	0.941826	634.0
0.000340	0.115544	0.884116	0.941888	634.1
0.000339	0.115422	0.884239	0.941950	634.2
0.000339	0.115300	0.884361	0.942011	634.3
0.000338	0.115178	0.884484	0.942073	634.4
0.000338	0.115056	0.884606	0.942134	634.5
0.000337	0.114935	0.884728	0.942195	634.6
0.000337	0.114813	0.884850	0.942257	634.7
0.000336	0.114692	0.884972	0.942318	634.8
0.000335	0.114571	0.885093	0.942379	634.9
0.000335	0.114450	0.885215	0.942440	635.0
0.000334	0.114329	0.885336	0.942501	635.1
0.000334	0.114209	0.885457	0.942562	635.2
0.000333	0.114088	0.885578	0.942623	635.3
0.000333	0.113968	0.885699	0.942683	635.4
0.000332	0.113848	0.885820	0.942744	635.5
0.000332	0.113728	0.885941	0.942805	635.6
0.000331	0.113608	0.886061	0.942865	635.7
0.000331	0.113488	0.886181	0.942925	635.8
0.000330	0.113368	0.886302	0.942986	635.9
0.000329	0.113249	0.886422	0.943046	636.0
0.000329	0.113130	0.886541	0.943106	636.1
0.000328	0.113011	0.886661	0.943166	636.2
0.000328	0.112892	0.886781	0.943226	636.3
0.000327	0.112773	0.886900	0.943286	636.4
0.000327	0.112654	0.887019	0.943346	636.5
0.000326	0.112535	0.887138	0.943406	636.6
0.000326	0.112417	0.887257	0.943466	636.7
0.000325	0.112299	0.887376	0.943526	636.8
0.000325	0.112181	0.887495	0.943585	636.9
0.000324	0.112063	0.887613	0.943645	637.0
0.000324	0.111945	0.887732	0.943704	637.1
0.000323	0.111827	0.887850	0.943764	637.2
0.000322	0.111709	0.887968	0.943823	637.3
0.000322	0.111592	0.888086	0.943882	637.4
0.000321	0.111475	0.888204	0.943941	637.5
0.000321	0.111358	0.888321	0.944000	637.6
0.000320	0.111241	0.888439	0.944059	637.7
0.000320	0.111124	0.888556	0.944118	637.8
0.000319	0.111007	0.888674	0.944177	637.9
0.000319	0.110891	0.888791	0.944236	638.0
0.000318	0.110774	0.888908	0.944295	638.1
0.000318	0.110658	0.889024	0.944353	638.2
0.000317	0.110542	0.889141	0.944412	638.3
0.000317	0.110426	0.889257	0.944470	638.4
0.000316	0.110310	0.889374	0.944529	638.5
0.000316	0.110194	0.889490	0.944587	638.6
0.000315	0.110079	0.889606	0.944645	638.7
0.000315	0.109963	0.889722	0.944704	638.8
0.000314	0.109848	0.889838	0.944762	638.9
0.000314	0.109733	0.889953	0.944820	639.0
0.000313	0.109618	0.890069	0.944878	639.1
0.000313	0.109503	0.890184	0.944936	639.2
0.000312	0.109388	0.890299	0.944994	639.3
0.000312	0.109274	0.890415	0.945051	639.4
0.000311	0.109160	0.890529	0.945109	639.5
0.000311	0.109045	0.890644	0.945167	639.6
0.000310	0.108931	0.890759	0.945224	639.7
0.000310	0.108817	0.890873	0.945282	639.8
0.000309	0.108703	0.890988	0.945339	639.9
0.000309	0.108590	0.891102	0.945397	640.0
0.000308	0.108476	0.891216	0.945454	640.1
0.000307	0.108363	0.891330	0.945511	640.2
0.000307	0.108249	0.891444	0.945568	640.3
0.000306	0.108136	0.891557	0.945625	640.4
0.000306	0.108023	0.891671	0.945682	640.5
0.000305	0.107910	0.891784	0.945739	640.6
0.000305	0.107798	0.891897	0.945796	640.7
0.000304	0.107685	0.892011	0.945853	640.8
0.000304	0.107572	0.892124	0.945910	640.9
0.000304	0.107460	0.892236	0.945966	641.0
0.000303	0.107348	0.892349	0.946023	641.1
0.000303	0.107236	0.892462	0.946080	641.2
0.000302	0.107124	0.892574	0.946136	641.3
0.000302	0.107012	0.892686	0.946192	641.4
0.000301	0.106901	0.892798	0.946249	641.5
0.000301	0.106789	0.892910	0.946305	641.6
0.000300	0.106678	0.893022	0.946361	641.7
0.000300	0.106567	0.893134	0.946417	641.8
0.000299	0.106455	0.893245	0.946473	641.9
0.000299	0.106345	0.893357	0.946529	642.0
0.000298	0.106234	0.893468	0.946585	642.1
0.000298	0.106123	0.893579	0.946641	642.2
0.000297	0.106012	0.893690	0.946697	642.3
0.000297	0.105902	0.893801	0.946752	642.4
0.000296	0.105792	0.893912	0.946808	642.5
0.000296	0.105682	0.894023	0.946863	642.6
0.000295	0.105572	0.894133	0.946919	642.7
0.000295	0.105462	0.894243	0.946974	642.8
0.000294	0.105352	0.894354	0.947030	642.9
0.000294	0.105243	0.894464	0.947085	643.0
0.000293	0.105133	0.894574	0.947140	643.1
0.000293	0.105024	0.894683	0.947195	643.2
0.000292	0.104915	0.894793	0.947250	643.3
0.000292	0.104805	0.894903	0.947305	643.4
0.000291	0.104697	0.895012	0.947360	643.5
0.000291	0.104588	0.895121	0.947415	643.6
0.000290	0.104479	0.895230	0.947470	643.7
0.000290	0.104371	0.895339	0.947525	643.8
0.000290	0.104262	0.895448	0.947579	643.9
0.000289	0.104154	0.895557	0.947634	644.0
0.000289	0.104046	0.895666	0.947688	644.1
0.000288	0.103938	0.895774	0.947743	644.2
0.000288	0.103830	0.895882	0.947797	644.3
0.000287	0.103722	0.895991	0.947852	644.4
0.000287	0.103615	0.896099	0.947906	644.5
0.000286	0.103507	0.896206	0.947960	644.6
0.000286	0.103400	0.896314	0.948014	644.7
0.000285	0.103293	0.896422	0.948068	644.8
0.000285	0.103186	0.896529	0.948122	644.9
0.000284	0.103079	0.896637	0.948176	645.0
0.000284	0.102972	0.896744	0.948230	645.1
0.000284	0.102865	0.896851	0.948284	645.2
0.000283	0.102759	0.896958	0.948338	645.3
0.000283	0.102652	0.897065	0.948391	645.4
0.000282	0.102546	0.897172	0.948445	645.5
0.000282	0.102440	0.897278	0.948498	645.6
0.000281	0.102334	0.897385	0.948552	645.7
0.000281	0.102228	0.897491	0.948605	645.8
0.000280	0.102122	0.897597	0.948659	645.9
0.000280	0.102017	0.897704	0.948712	646.0
0.000279	0.101911	0.897810	0.948765	646.1
0.000279	0.101806	0.897915	0.948818	646.2
0.000279	0.101700	0.898021	0.948871	646.3
0.000278	0.101595	0.898127	0.948924	646.4
0.000278	0.101490	0.898232	0.948977	646.5
0.000277	0.101385	0.898337	0.949030	646.6
0.000277	0.101281	0.898442	0.949083	646.7
0.000276	0.101176	0.898548	0.949136	646.8
0.000276	0.101072	0.898652	0.949188	646.9
0.000275	0.100967	0.898757	0.949241	647.0
0.000275	0.100863	0.898862	0.949293	647.1
0.000275	0.100759	0.898966	0.949346	647.2
0.000274	0.100655	0.899071	0.949398	647.3
0.000274	0.100551	0.899175	0.949451	647.4
0.000273	0.100448	0.899279	0.949503	647.5
0.000273	0.100344	0.899383	0.949555	647.6
0.000272	0.100241	0.899487	0.949607	647.7
0.000272	0.100137	0.899591	0.949660	647.8
0.000271	0.100034	0.899695	0.949712	647.9
0.000271	0.099931	0.899798	0.949764	648.0
0.000271	0.099828	0.899901	0.949815	648.1
0.000270	0.099725	0.900005	0.949867	648.2
0.000270	0.099622	0.900108	0.949919	648.3
0.000269	0.099520	0.900211	0.949971	648.4
0.000269	0.099417	0.900314	0.950022	648.5
0.000268	0.099315	0.900416	0.950074	648.6
0.000268	0.099213	0.900519	0.950126	648.7
0.000268	0.099111	0.900622	0.950177	648.8
0.000267	0.099009	0.900724	0.950228	648.9
0.000267	0.098907	0.900826	0.950280	649.0
0.000266	0.098805	0.900928	0.950331	649.1
0.000266	0.098704	0.901030	0.950382	649.2
0.000265	0.098602	0.901132	0.950433	649.3
0.000265	0.098501	0.901234	0.950484	649.4
0.000265	0.098400	0.901336	0.950535	649.5
0.000264	0.098299	0.901437	0.950586	649.6
0.000264	0.098198	0.901538	0.950637	649.7
0.000263	0.098097	0.901640	0.950688	649.8
0.000263	0.097996	0.901741	0.950739	649.9
0.000262	0.097896	0.901842	0.950790	650.0
0.000262	0.097795	0.901943	0.950840	650.1
0.000262	0.097695	0.902043	0.950891	650.2
0.000261	0.097595	0.902144	0.950941	650.3
0.000261	0.097495	0.902245	0.950992	650.4
0.000260	0.097395	0.902345	0.951042	650.5
0.000260	0.097295	0.902445	0.951093	650.6
0.000260	0.097195	0.902545	0.951143	650.7
0.000259	0.097095	0.902645	0.951193	650.8
0.000259	0.096996	0.902745	0.951243	650.9
0.000258	0.096897	0.902845	0.951293	651.0
0.000258	0.096797	0.902945	0.951343	651.1
0.000258	0.096698	0.903044	0.951393	651.2
0.000257	0.096599	0.903144	0.951443	651.3
0.000257	0.096500	0.903243	0.951493	651.4
0.000256	0.096402	0.903342	0.951543	651.5
0.000256	0.096303	0.903441	0.951593	651.6
0.000255	0.096204	0.903540	0.951642	651.7
0.000255	0.096106	0.903639	0.951692	651.8
0.000255	0.096008	0.903738	0.951741	651.9
0.000254	0.095910	0.903836	0.951791	652.0
0.000254	0.095812	0.903934	0.951840	652.1
0.000253	0.095714	0.904033	0.951890	652.2
0.000253	0.095616	0.904131	0.951939	652.3
0.000253	0.095518	0.904229	0.951988	652.4
0.000252	0.095421	0.904327	0.952037	652.5
0.000252	0.095323	0.904425	0.952087	652.6
0.000251	0.095226	0.904523	0.952136	652.7
0.000251	0.095129	0.904620	0.952185	652.8
0.000251	0.095032	0.904718	0.952234	652.9
0.000250	0.094935	0.904815	0.952282	653.0
0.000250	0.094838	0.904912	0.952331	653.1
0.000249	0.094741	0.905009	0.952380	653.2
0.000249	0.094645	0.905106	0.952429	653.3
0.000249	0.094548	0.905203	0.952477	653.4
0.000248	0.094452	0.905300	0.952526	653.5
0.000248	0.094355	0.905397	0.952574	653.6
0.000248	0.094259	0.905493	0.952623	653.7
0.000247	0.094163	0.905590	0.952671	653.8
0.000247	0.094067	0.905686	0.952720	653.9
0.000246	0.093972	0.905782	0.952768	654.0
0.000246	0.093876	0.905878	0.952816	654.1
0.000246	0.093780	0.905974	0.952864	654.2
0.000245	0.093685	0.906070	0.952912	654.3
0.000245	0.093590	0.906166	0.952960	654.4
0.000244	0.093494	0.906261	0.953008	654.5
0.000244	0.093399	0.906357	0.953056	654.6
0.000244	0.093304	0.906452	0.953104	654.7
0.000243	0.093209	0.906547	0.953152	654.8
0.000243	0.093115	0.906643	0.953200	654.9
0.000242	0.093020	0.906738	0.953248	655.0
0.000242	0.092925	0.906832	0.953295	655.1
0.000242	0.092831	0.906927	0.953343	655.2
0.000241	0.092737	0.907022	0.953390	655.3
0.000241	0.092643	0.907116	0.953438	655.4
0.000241	0.092549	0.907211	0.953485	655.5
0.000240	0.092455	0.907305	0.953532	655.6
0.000240	0.092361	0.907399	0.953580	655.7
0.000239	0.092267	0.907493	0.953627	655.8
0.000239	0.092173	0.907587	0.953674	655.9
0.000239	0.092080	0.907681	0.953721	656.0
0.000238	0.091987	0.907775	0.953768	656.1
0.000238	0.091893	0.907869	0.953815	656.2
0.000238	0.091800	0.907962	0.953862	656.3
0.000237	0.091707	0.908056	0.953909	656.4
0.000237	0.091614	0.908149	0.953956	656.5
0.000236	0.091521	0.908242	0.954003	656.6
0.000236	0.091429	0.908335	0.954050	656.7
0.000236	0.091336	0.908428	0.954096	656.8
0.000235	0.091244	0.908521	0.954143	656.9
0.000235	0.091151	0.908614	0.954189	657.0
0.000235	0.091059	0.908706	0.954236	657.1
0.000234	0.090967	0.908799	0.954282	657.2
0.000234	0.090875	0.908891	0.954329	657.3
0.000233	0.090783	0.908983	0.954375	657.4
0.000233	0.090691	0.909076	0.954421	657.5
0.000233	0.090600	0.909168	0.954467	657.6
0.000232	0.090508	0.909260	0.954514	657.7
0.000232	0.090417	0.909351	0.954560	657.8
0.000232	0.090325	0.909443	0.954606	657.9
0.000231	0.090234	0.909535	0.954652	658.0
0.000231	0.090143	0.909626	0.954698	658.1
0.000231	0.090052	0.909718	0.954744	658.2
0.000230	0.089961	0.909809	0.954789	658.3
0.000230	0.089870	0.909900	0.954835	658.4
0.000230	0.089779	0.909991	0.954881	658.5
0.000229	0.089689	0.910082	0.954926	658.6
0.000229	0.089598	0.910173	0.954972	658.7
0.000228	0.089508	0.910264	0.955018	658.8
0.000228	0.089418	0.910354	0.955063	658.9
0.000228	0.089328	0.910445	0.955108	659.0
0.000227	0.089238	0.910535	0.955154	659.1
0.000227	0.089148	0.910625	0.955199	659.2
0.000227	0.089058	0.910716	0.955244	659.3
0.000226	0.088968	0.910806	0.955290	659.4
0.000226	0.088879	0.910896	0.955335	659.5
0.000226	0.088789	0.910985	0.955380	659.6
0.000225	0.088700	0.911075	0.955425	659.7
0.000225	0.088610	0.911165	0.955470	659.8
0.000225	0.088521	0.911254	0.955515	659.9
0.000224	0.088432	0.911344	0.955560	660.0
0.000224	0.088343	0.911433	0.955605	660.1
0.000223	0.088254	0.911522	0.955649	660.2
0.000223	0.088166	0.911611	0.955694	660.3
0.000223	0.088077	0.911700	0.955739	660.4
0.000222	0.087988	0.911789	0.955783	660.5
0.000222	0.087900	0.911878	0.955828	660.6
0.000222	0.087812	0.911966	0.955872	660.7
0.000221	0.087724	0.912055	0.955917	660.8
0.000221	0.087635	0.912143	0.955961	660.9
0.000221	0.087547	0.912232	0.956006	661.0
0.000220	0.087460	0.912320	0.956050	661.1
0.000220	0.087372	0.912408	0.956094	661.2
0.000220	0.087284	0.912496	0.956138	661.3
0.000219	0.087197	0.912584	0.956182	661.4
0.000219	0.087109	0.912672	0.956226	661.5
0.000219	0.087022	0.912760	0.956270	661.6
0.000218	0.086935	0.912847	0.956314	661.7
0.000218	0.086847	0.912935	0.956358	661.8
0.000218	0.086760	0.913022	0.956402	661.9
0.000217	0.086673	0.913109	0.956446	662.0
0.000217	0.086587	0.913196	0.956490	662.1
0.000217	0.086500	0.913283	0.956533	662.2
0.000216	0.086413	0.913370	0.956577	662.3
0.000216	0.086327	0.913457	0.956621	662.4
0.000216	0.086240	0.913544	0.956664	662.5
0.000215	0.086154	0.913631	0.956708	662.6
0.000215	0.086068	0.913717	0.956751	662.7
0.000215	0.085982	0.913804	0.956794	662.8
0.000214	0.085896	0.913890	0.956838	662.9
0.000214	0.085810	0.913976	0.956881	663.0
0.000214	0.085724	0.914062	0.956924	663.1
0.000213	0.085639	0.914148	0.956967	663.2
0.000213	0.085553	0.914234	0.957011	663.3
0.000213	0.085467	0.914320	0.957054	663.4
0.000212	0.085382	0.914406	0.957097	663.5
0.000212	0.085297	0.914491	0.957140	663.6
0.000212	0.085212	0.914577	0.957182	663.7
0.000211	0.085127	0.914662	0.957225	663.8
0.000211	0.085042	0.914747	0.957268	663.9
0.000211	0.084957	0.914832	0.957311	664.0
0.000210	0.084872	0.914918	0.957354	664.1
0.000210	0.084787	0.915003	0.957396	664.2
0.000210	0.084703	0.915087	0.957439	664.3
0.000209	0.084618	0.915172	0.957481	664.4
0.000209	0.084534	0.915257	0.957524	664.5
0.000209	0.084450	0.915341	0.957566	664.6
0.000208	0.084366	0.915426	0.957609	664.7
0.000208	0.084282	0.915510	0.957651	664.8
0.000208	0.084198	0.915594	0.957693	664.9
0.000207	0.084114	0.915679	0.957736	665.0
0.000207	0.084030	0.915763	0.957778	665.1
0.000207	0.083947	0.915847	0.957820	665.2
0.000207	0.083863	0.915931	0.957862	665.3
0.000206	0.083780	0.916014	0.957904	665.4
0.000206	0.083696	0.916098	0.957946	665.5
0.000206	0.083613	0.916181	0.957988	665.6
0.000205	0.083530	0.916265	0.958030	665.7
0.000205	0.083447	0.916348	0.958072	665.8
0.000205	0.083364	0.916431	0.958113	665.9
0.000204	0.083281	0.916515	0.958155	666.0
0.000204	0.083198	0.916598	0.958197	666.1
0.000204	0.083116	0.916681	0.958238	666.2
0.000203	0.083033	0.916763	0.958280	666.3
0.000203	0.082951	0.916846	0.958322	666.4
0.000203	0.082868	0.916929	0.958363	666.5
0.000202	0.082786	0.917011	0.958404	666.6
0.000202	0.082704	0.917094	0.958446	666.7
0.000202	0.082622	0.917176	0.958487	666.8
0.000202	0.082540	0.917258	0.958528	666.9
0.000201	0.082458	0.917341	0.958570	667.0
0.000201	0.082376	0.917423	0.958611	667.1
0.000201	0.082295	0.917505	0.958652	667.2
0.000200	0.082213	0.917586	0.958693	667.3
0.000200	0.082132	0.917668	0.958734	667.4
0.000200	0.082050	0.917750	0.958775	667.5
0.000199	0.081969	0.917831	0.958816	667.6
0.000199	0.081888	0.917913	0.958857	667.7
0.000199	0.081807	0.917994	0.958898	667.8
0.000198	0.081726	0.918076	0.958939	667.9
0.000198	0.081645	0.918157	0.958979	668.0
0.000198	0.081564	0.918238	0.959020	668.1
0.000198	0.081484	0.918319	0.959061	668.2
0.000197	0.081403	0.918400	0.959101	668.3
0.000197	0.081323	0.918480	0.959142	668.4
0.000197	0.081242	0.918561	0.959182	668.5
0.000196	0.081162	0.918642	0.959223	668.6
0.000196	0.081082	0.918722	0.959263	668.7
0.000196	0.081002	0.918803	0.959303	668.8
0.000195	0.080922	0.918883	0.959344	668.9
0.000195	0.080842	0.918963	0.959384	669.0
0.000195	0.080762	0.919043	0.959424	669.1
0.000195	0.080682	0.919123	0.959464	669.2
0.000194	0.080603	0.919203	0.959504	669.3
0.000194	0.080523	0.919283	0.959544	669.4
0.000194	0.080444	0.919363	0.959584	669.5
0.000193	0.080364	0.919442	0.959624	669.6
0.000193	0.080285	0.919522	0.959664	669.7
0.000193	0.080206	0.919601	0.959704	669.8
0.000192	0.080127	0.919680	0.959744	669.9
0.000192	0.080048	0.919760	0.959784	670.0
0.000192	0.079969	0.919839	0.959823	670.1
0.000192	0.079890	0.919918	0.959863	670.2
0.000191	0.079812	0.919997	0.959903	670.3
0.000191	0.079733	0.920076	0.959942	670.4
0.000191	0.079655	0.920155	0.959982	670.5
0.000190	0.079576	0.920233	0.960021	670.6
0.000190	0.079498	0.920312	0.960061	670.7
0.000190	0.079420	0.920390	0.960100	670.8
0.000190	0.079342	0.920469	0.960140	670.9
0.000189	0.079264	0.920547	0.960179	671.0
0.000189	0.079186	0.920625	0.960218	671.1
0.000189	0.079108	0.920703	0.960257	671.2
0.000188	0.079030	0.920781	0.960296	671.3
0.000188	0.078953	0.920859	0.960336	671.4
0.000188	0.078875	0.920937	0.960375	671.5
0.000188	0.078798	0.921015	0.960414	671.6
0.000187	0.078720	0.921092	0.960453	671.7
0.000187	0.078643	0.921170	0.960491	671.8
0.000187	0.078566	0.921247	0.960530	671.9
0.000186	0.078489	0.921325	0.960569	672.0
0.000186	0.078412	0.921402	0.960608	672.1
0.000186	0.078335	0.921479	0.960647	672.2
0.000186	0.078258	0.921556	0.960685	672.3
0.000185	0.078181	0.921633	0.960724	672.4
0.000185	0.078105	0.921710	0.960763	672.5
0.000185	0.078028	0.921787	0.960801	672.6
0.000184	0.077952	0.921864	0.960840	672.7
0.000184	0.077875	0.921940	0.960878	672.8
0.000184	0.077799	0.922017	0.960916	672.9
0.000184	0.077723	0.922093	0.960955	673.0
0.000183	0.077647	0.922170	0.960993	673.1
0.000183	0.077571	0.922246	0.961031	673.2
0.000183	0.077495	0.922322	0.961070	673.3
0.000183	0.077419	0.922398	0.961108	673.4
0.000182	0.077344	0.922474	0.961146	673.5
0.000182	0.077268	0.922550	0.961184	673.6
0.000182	0.077192	0.922626	0.961222	673.7
0.000181	0.077117	0.922702	0.961260	673.8
0.000181	0.077042	0.922777	0.961298	673.9
0.000181	0.076966	0.922853	0.961336	674.0
0.000181	0.076891	0.922928	0.961374	674.1
0.000180	0.076816	0.923004	0.961412	674.2
0.000180	0.076741	0.923079	0.961449	674.3
0.000180	0.076666	0.923154	0.961487	674.4
0.000180	0.076591	0.923229	0.961525	674.5
0.000179	0.076517	0.923304	0.961562	674.6
0.000179	0.076442	0.923379	0.961600	674.7
0.000179	0.076367	0.923454	0.961638	674.8
0.000178	0.076293	0.923529	0.961675	674.9
0.000178	0.076219	0.923603	0.961712	675.0
0.000178	0.076144	0.923678	0.961750	675.1
0.000178	0.076070	0.923752	0.961787	675.2
0.000177	0.075996	0.923827	0.961825	675.3
0.000177	0.075922	0.923901	0.961862	675.4
0.000177	0.075848	0.923975	0.961899	675.5
0.000177	0.075774	0.924049	0.961936	675.6
0.000176	0.075701	0.924123	0.961973	675.7
0.000176	0.075627	0.924197	0.962011	675.8
0.000176	0.075553	0.924271	0.962048	675.9
0.000176	0.075480	0.924345	0.962085	676.0
0.000175	0.075406	0.924418	0.962122	676.1
0.000175	0.075333	0.924492	0.962158	676.2
0.000175	0.075260	0.924565	0.962195	676.3
0.000174	0.075187	0.924639	0.962232	676.4
0.000174	0.075114	0.924712	0.962269	676.5
0.000174	0.075041	0.924785	0.962306	676.6
0.000174	0.074968	0.924859	0.962342	676.7
0.000173	0.074895	0.924932	0.962379	676.8
0.000173	0.074822	0.925005	0.962416	676.9
0.000173	0.074750	0.925077	0.962452	677.0
0.000173	0.074677	0.925150	0.962489	677.1
0.000172	0.074605	0.925223	0.962525	677.2
0.000172	0.074532	0.925296	0.962562	677.3
0.000172	0.074460	0.925368	0.962598	677.4
0.000172	0.074388	0.925441	0.962634	677.5
0.000171	0.074316	0.925513	0.962671	677.6
0.000171	0.074244	0.925585	0.962707	677.7
0.000171	0.074172	0.925657	0.962743	677.8
0.000171	0.074100	0.925729	0.962779	677.9
0.000170	0.074028	0.925802	0.962816	678.0
0.000170	0.073956	0.925873	0.962852	678.1
0.000170	0.073885	0.925945	0.962888	678.2
0.000170	0.073813	0.926017	0.962924	678.3
0.000169	0.073742	0.926089	0.962960	678.4
0.000169	0.073671	0.926160	0.962996	678.5
0.000169	0.073599	0.926232	0.963032	678.6
0.000169	0.073528	0.926303	0.963067	678.7
0.000168	0.073457	0.926375	0.963103	678.8
0.000168	0.073386	0.926446	0.963139	678.9
0.000168	0.073315	0.926517	0.963175	679.0
0.000168	0.073244	0.926588	0.963210	679.1
0.000167	0.073174	0.926659	0.963246	679.2
0.000167	0.073103	0.926730	0.963281	679.3
0.000167	0.073032	0.926801	0.963317	679.4
0.000167	0.072962	0.926872	0.963353	679.5
0.000166	0.072891	0.926942	0.963388	679.6
0.000166	0.072821	0.927013	0.963423	679.7
0.000166	0.072751	0.927083	0.963459	679.8
0.000166	0.072681	0.927154	0.963494	679.9
0.000165	0.072611	0.927224	0.963529	680.0
0.000165	0.072541	0.927294	0.963565	680.1
0.000165	0.072471	0.927365	0.963600	680.2
0.000165	0.072401	0.927435	0.963635	680.3
0.000164	0.072331	0.927505	0.963670	680.4
0.000164	0.072261	0.927575	0.963705	680.5
0.000164	0.072192	0.927644	0.963740	680.6
0.000164	0.072122	0.927714	0.963775	680.7
0.000163	0.072053	0.927784	0.963810	680.8
0.000163	0.071983	0.927853	0.963845	680.9
0.000163	0.071914	0.927923	0.963880	681.0
0.000163	0.071845	0.927992	0.963915	681.1
0.000162	0.071776	0.928062	0.963950	681.2
0.000162	0.071707	0.928131	0.963984	681.3
0.000162	0.071638	0.928200	0.964019	681.4
0.000162	0.071569	0.928269	0.964054	681.5
0.000161	0.071500	0.928338	0.964088	681.6
0.000161	0.071432	0.928407	0.964123	681.7
0.000161	0.071363	0.928476	0.964157	681.8
0.000161	0.071294	0.928545	0.964192	681.9
0.000161	0.071226	0.928613	0.964226	682.0
0.000160	0.071158	0.928682	0.964261	682.1
0.000160	0.071089	0.928751	0.964295	682.2
0.000160	0.071021	0.928819	0.964330	682.3
0.000160	0.070953	0.928887	0.964364	682.4
0.000159	0.070885	0.928956	0.964398	682.5
0.000159	0.070817	0.929024	0.964432	682.6
0.000159	0.070749	0.929092	0.964467	682.7
0.000159	0.070681	0.929160	0.964501	682.8
0.000158	0.070614	0.929228	0.964535	682.9
0.000158	0.070546	0.929296	0.964569	683.0
0.000158	0.070478	0.929364	0.964603	683.1
0.000158	0.070411	0.929431	0.964637	683.2
0.000157	0.070343	0.929499	0.964671	683.3
0.000157	0.070276	0.929567	0.964705	683.4
0.000157	0.070209	0.929634	0.964739	683.5
0.000157	0.070142	0.929701	0.964772	683.6
0.000157	0.070075	0.929769	0.964806	683.7
0.000156	0.070008	0.929836	0.964840	683.8
0.000156	0.069941	0.929903	0.964874	683.9
0.000156	0.069874	0.929970	0.964907	684.0
0.000156	0.069807	0.930037	0.964941	684.1
0.000155	0.069740	0.930104	0.964974	684.2
0.000155	0.069674	0.930171	0.965008	684.3
0.000155	0.069607	0.930238	0.965041	684.4
0.000155	0.069541	0.930305	0.965075	684.5
0.000155	0.069474	0.930371	0.965108	684.6
0.000154	0.069408	0.930438	0.965142	684.7
0.000154	0.069342	0.930504	0.965175	684.8
0.000154	0.069276	0.930571	0.965208	684.9
0.000154	0.069210	0.930637	0.965242	685.0
0.000153	0.069144	0.930703	0.965275	685.1
0.000153	0.069078	0.930769	0.965308	685.2
0.000153	0.069012	0.930835	0.965341	685.3
0.000153	0.068946	0.930901	0.965374	685.4
0.000152	0.068880	0.930967	0.965407	685.5
0.000152	0.068815	0.931033	0.965440	685.6
0.000152	0.068749	0.931099	0.965473	685.7
0.000152	0.068684	0.931164	0.965506	685.8
0.000152	0.068618	0.931230	0.965539	685.9
0.000151	0.068553	0.931296	0.965572	686.0
0.000151	0.068488	0.931361	0.965605	686.1
0.000151	0.068423	0.931426	0.965638	686.2
0.000151	0.068358	0.931492	0.965670	686.3
0.000150	0.068293	0.931557	0.965703	686.4
0.000150	0.068228	0.931622	0.965736	686.5
0.000150	0.068163	0.931687	0.965769	686.6
0.000150	0.068098	0.931752	0.965801	686.7
0.000150	0.068033	0.931817	0.965834	686.8
0.000149	0.067969	0.931882	0.965866	686.9
0.000149	0.067904	0.931947	0.965899	687.0
0.000149	0.067840	0.932011	0.965931	687.1
0.000149	0.067775	0.932076	0.965964	687.2
0.000149	0.067711	0.932140	0.965996	687.3
0.000148	0.067647	0.932205	0.966028	687.4
0.000148	0.067583	0.932269	0.966061	687.5
0.000148	0.067519	0.932334	0.966093	687.6
0.000148	0.067455	0.932398	0.966125	687.7
0.000147	0.067391	0.932462	0.966157	687.8
0.000147	0.067327	0.932526	0.966189	687.9
0.000147	0.067263	0.932590	0.966222	688.0
0.000147	0.067199	0.932654	0.966254	688.1
0.000147	0.067136	0.932718	0.966286	688.2
0.000146	0.067072	0.932782	0.966318	688.3
0.000146	0.067009	0.932845	0.966350	688.4
0.000146	0.066945	0.932909	0.966381	688.5
0.000146	0.066882	0.932972	0.966413	688.6
0.000146	0.066819	0.933036	0.966445	688.7
0.000145	0.066755	0.933099	0.966477	688.8
0.000145	0.066692	0.933163	0.966509	688.9
0.000145	0.066629	0.933226	0.966541	689.0
0.000145	0.066566	0.933289	0.966572	689.1
0.000144	0.066503	0.933352	0.966604	689.2
0.000144	0.066440	0.933415	0.966636	689.3
0.000144	0.066378	0.933478	0.966667	689.4
0.000144	0.066315	0.933541	0.966699	689.5
0.000144	0.066252	0.933604	0.966730	689.6
0.000143	0.066190	0.933667	0.966762	689.7
0.000143	0.066127	0.933729	0.966793	689.8
0.000143	0.066065	0.933792	0.966824	689.9
0.000143	0.066003	0.933855	0.966856	690.0
0.000143	0.065940	0.933917	0.966887	690.1
0.000142	0.065878	0.933979	0.966918	690.2
0.000142	0.065816	0.934042	0.966950	690.3
0.000142	0.065754	0.934104	0.966981	690.4
0.000142	0.065692	0.934166	0.967012	690.5
0.000142	0.065630	0.934228	0.967043	690.6
0.000141	0.065568	0.934290	0.967074	690.7
0.000141	0.065507	0.934352	0.967105	690.8
0.000141	0.065445	0.934414	0.967137	690.9
0.000141	0.065383	0.934476	0.967168	691.0
0.000141	0.065322	0.934537	0.967198	691.1
0.000140	0.065261	0.934599	0.967229	691.2
0.000140	0.065199	0.934661	0.967260	691.3
0.000140	0.065138	0.934722	0.967291	691.4
0.000140	0.065077	0.934784	0.967322	691.5
0.000140	0.065015	0.934845	0.967353	691.6
0.000139	0.064954	0.934906	0.967384	691.7
0.000139	0.064893	0.934968	0.967414	691.8
0.000139	0.064832	0.935029	0.967445	691.9
0.000139	0.064771	0.935090	0.967476	692.0
0.000139	0.064711	0.935151	0.967506	692.1
0.000138	0.064650	0.935212	0.967537	692.2
0.000138	0.064589	0.935273	0.967567	692.3
0.000138	0.064529	0.935333	0.967598	692.4
0.000138	0.064468	0.935394	0.967628	692.5
0.000138	0.064408	0.935455	0.967659	692.6
0.000137	0.064347	0.935515	0.967689	692.7
0.000137	0.064287	0.935576	0.967719	692.8
0.000137	0.064227	0.935636	0.967750	692.9
0.000137	0.064166	0.935697	0.967780	693.0
0.000137	0.064106	0.935757	0.967810	693.1
0.000136	0.064046	0.935817	0.967840	693.2
0.000136	0.063986	0.935877	0.967871	693.3
0.000136	0.063926	0.935938	0.967901	693.4
0.000136	0.063867	0.935998	0.967931	693.5
0.000136	0.063807	0.936058	0.967961	693.6
0.000135	0.063747	0.936117	0.967991	693.7
0.000135	0.063688	0.936177	0.968021	693.8
0.000135	0.063628	0.936237	0.968051	693.9
0.000135	0.063569	0.936297	0.968081	694.0
0.000135	0.063509	0.936356	0.968111	694.1
0.000134	0.063450	0.936416	0.968141	694.2
0.000134	0.063390	0.936475	0.968171	694.3
0.000134	0.063331	0.936535	0.968200	694.4
0.000134	0.063272	0.936594	0.968230	694.5
0.000134	0.063213	0.936653	0.968260	694.6
0.000133	0.063154	0.936712	0.968290	694.7
0.000133	0.063095	0.936772	0.968319	694.8
0.000133	0.063036	0.936831	0.968349	694.9
0.000133	0.062977	0.936890	0.968378	695.0
0.000133	0.062919	0.936949	0.968408	695.1
0.000133	0.062860	0.937007	0.968437	695.2
0.000132	0.062801	0.937066	0.968467	695.3
0.000132	0.062743	0.937125	0.968496	695.4
0.000132	0.062684	0.937184	0.968526	695.5
0.000132	0.062626	0.937242	0.968555	695.6
0.000132	0.062568	0.937301	0.968585	695.7
0.000131	0.062510	0.937359	0.968614	695.8
0.000131	0.062451	0.937418	0.968643	695.9
0.000131	0.062393	0.937476	0.968672	696.0
0.000131	0.062335	0.937534	0.968702	696.1
0.000131	0.062277	0.937592	0.968731	696.2
0.000130	0.062219	0.937650	0.968760	696.3
0.000130	0.062161	0.937708	0.968789	696.4
0.000130	0.062104	0.937766	0.968818	696.5
0.000130	0.062046	0.937824	0.968847	696.6
0.000130	0.061988	0.937882	0.968876	696.7
0.000130	0.061931	0.937940	0.968905	696.8
0.000129	0.061873	0.937998	0.968934	696.9
0.000129	0.061816	0.938055	0.968963	697.0
0.000129	0.061758	0.938113	0.968992	697.1
0.000129	0.061701	0.938170	0.969021	697.2
0.000129	0.061644	0.938228	0.969050	697.3
0.000128	0.061586	0.938285	0.969078	697.4
0.000128	0.061529	0.938342	0.969107	697.5
0.000128	0.061472	0.938400	0.969136	697.6
0.000128	0.061415	0.938457	0.969164	697.7
0.000128	0.061358	0.938514	0.969193	697.8
0.000128	0.061302	0.938571	0.969222	697.9
0.000127	0.061245	0.938628	0.969250	698.0
0.000127	0.061188	0.938685	0.969279	698.1
0.000127	0.061131	0.938742	0.969307	698.2
0.000127	0.061075	0.938799	0.969336	698.3
0.000127	0.061018	0.938855	0.969364	698.4
0.000126	0.060962	0.938912	0.969393	698.5
0.000126	0.060905	0.938968	0.969421	698.6
0.000126	0.060849	0.939025	0.969449	698.7
0.000126	0.060793	0.939081	0.969478	698.8
0.000126	0.060736	0.939138	0.969506	698.9
0.000126	0.060680	0.939194	0.969534	699.0
0.000125	0.060624	0.939250	0.969563	699.1
0.000125	0.060568	0.939307	0.969591	699.2
0.000125	0.060512	0.939363	0.969619	699.3
0.000125	0.060456	0.939419	0.969647	699.4
0.000125	0.060401	0.939475	0.969675	699.5
0.000124	0.060345	0.939531	0.969703	699.6
0.000124	0.060289	0.939587	0.969731	699.7
0.000124	0.060233	0.939642	0.969759	699.8
0.000124	0.060178	0.939698	0.969787	699.9
0.000124	0.060122	0.939754	0.969815	700.0
0.000124	0.060067	0.939809	0.969843	700.1
0.000123	0.060012	0.939865	0.969871	700.2
0.000123	0.059956	0.939920	0.969899	700.3
0.000123	0.059901	0.939976	0.969926	700.4
0.000123	0.059846	0.940031	0.969954	700.5
0.000123	0.059791	0.940087	0.969982	700.6
0.000123	0.059736	0.940142	0.970010	700.7
0.000122	0.059681	0.940197	0.970037	700.8
0.000122	0.059626	0.940252	0.970065	700.9
0.000122	0.059571	0.940307	0.970093	701.0
0.000122	0.059516	0.940362	0.970120	701.1
0.000122	0.059461	0.940417	0.970148	701.2
0.000122	0.059407	0.940472	0.970175	701.3
0.000121	0.059352	0.940527	0.970203	701.4
0.000121	0.059297	0.940581	0.970230	701.5
0.000121	0.059243	0.940636	0.970258	701.6
0.000121	0.059189	0.940691	0.970285	701.7
0.000121	0.059134	0.940745	0.970312	701.8
0.000120	0.059080	0.940800	0.970340	701.9
0.000120	0.059026	0.940854	0.970367	702.0
0.000120	0.058971	0.940908	0.970394	702.1
0.000120	0.058917	0.940963	0.970421	702.2
0.000120	0.058863	0.941017	0.970449	702.3
0.000120	0.058809	0.941071	0.970476	702.4
0.000119	0.058755	0.941125	0.970503	702.5
0.000119	0.058701	0.941179	0.970530	702.6
0.000119	0.058648	0.941233	0.970557	702.7
0.000119	0.058594	0.941287	0.970584	702.8
0.000119	0.058540	0.941341	0.970611	702.9
0.000119	0.058487	0.941395	0.970638	703.0
0.000118	0.058433	0.941449	0.970665	703.1
0.000118	0.058379	0.941502	0.970692	703.2
0.000118	0.058326	0.941556	0.970719	703.3
0.000118	0.058273	0.941609	0.970746	703.4
0.000118	0.058219	0.941663	0.970773	703.5
0.000118	0.058166	0.941716	0.970799	703.6
0.000117	0.058113	0.941770	0.970826	703.7
0.000117	0.058060	0.941823	0.970853	703.8
0.000117	0.058007	0.941876	0.970880	703.9
0.000117	0.057954	0.941929	0.970906	704.0
0.000117	0.057901	0.941982	0.970933	704.1
0.000117	0.057848	0.942036	0.970959	704.2
0.000117	0.057795	0.942089	0.970986	704.3
0.000116	0.057742	0.942141	0.971013	704.4
0.000116	0.057689	0.942194	0.971039	704.5
0.000116	0.057637	0.942247	0.971066	704.6
0.000116	0.057584	0.942300	0.971092	704.7
0.000116	0.057532	0.942353	0.971118	704.8
0.000116	0.057479	0.942405	0.971145	704.9
0.000115	0.057427	0.942458	0.971171	705.0
0.000115	0.057374	0.942510	0.971198	705.1
0.000115	0.057322	0.942563	0.971224	705.2
0.000115	0.057270	0.942615	0.971250	705.3
0.000115	0.057218	0.942668	0.971276	705.4
0.000115	0.057166	0.942720	0.971303	705.5
0.000114	0.057114	0.942772	0.971329	705.6
0.000114	0.057062	0.942824	0.971355	705.7
0.000114	0.057010	0.942876	0.971381	705.8
0.000114	0.056958	0.942928	0.971407	705.9
0.000114	0.056906	0.942980	0.971433	706.0
0.000114	0.056854	0.943032	0.971459	706.1
0.000113	0.056802	0.943084	0.971485	706.2
0.000113	0.056751	0.943136	0.971511	706.3
0.000113	0.056699	0.943188	0.971537	706.4
0.000113	0.056648	0.943239	0.971563	706.5
0.000113	0.056596	0.943291	0.971589	706.6
0.000113	0.056545	0.943343	0.971615	706.7
0.000113	0.056493	0.943394	0.971641	706.8
0.000112	0.056442	0.943446	0.971667	706.9
0.000112	0.056391	0.943497	0.971692	707.0
0.000112	0.056340	0.943548	0.971718	707.1
0.000112	0.056289	0.943600	0.971744	707.2
0.000112	0.056238	0.943651	0.971770	707.3
0.000112	0.056187	0.943702	0.971795	707.4
0.000111	0.056136	0.943753	0.971821	707.5
0.000111	0.056085	0.943804	0.971846	707.6
0.000111	0.056034	0.943855	0.971872	707.7
0.000111	0.055983	0.943906	0.971898	707.8
0.000111	0.055932	0.943957	0.971923	707.9
0.000111	0.055882	0.944008	0.971949	708.0
0.000110	0.055831	0.944058	0.971974	708.1
0.000110	0.055781	0.944109	0.971999	708.2
0.000110	0.055730	0.944160	0.972025	708.3
0.000110	0.055680	0.944210	0.972050	708.4
0.000110	0.055629	0.944261	0.972075	708.5
0.000110	0.055579	0.944311	0.972101	708.6
0.000110	0.055529	0.944362	0.972126	708.7
0.000109	0.055478	0.944412	0.972151	708.8
0.000109	0.055428	0.944462	0.972177	708.9
0.000109	0.055378	0.944513	0.972202	709.0
0.000109	0.055328	0.944563	0.972227	709.1
0.000109	0.055278	0.944613	0.972252	709.2
0.000109	0.055228	0.944663	0.972277	709.3
0.000109	0.055178	0.944713	0.972302	709.4
0.000108	0.055129	0.944763	0.972327	709.5
0.000108	0.055079	0.944813	0.972352	709.6
0.000108	0.055029	0.944863	0.972377	709.7
0.000108	0.054980	0.944912	0.972402	709.8
0.000108	0.054930	0.944962	0.972427	709.9
0.000108	0.054880	0.945012	0.972452	710.0
0.000107	0.054831	0.945061	0.972477	710.1
0.000107	0.054782	0.945111	0.972502	710.2
0.000107	0.054732	0.945161	0.972527	710.3
0.000107	0.054683	0.945210	0.972551	710.4
0.000107	0.054634	0.945259	0.972576	710.5
0.000107	0.054585	0.945309	0.972601	710.6
0.000107	0.054535	0.945358	0.972626	710.7
0.000106	0.054486	0.945407	0.972650	710.8
0.000106	0.054437	0.945456	0.972675	710.9
0.000106	0.054388	0.945506	0.972700	711.0
0.000106	0.054339	0.945555	0.972724	711.1
0.000106	0.054291	0.945604	0.972749	711.2
0.000106	0.054242	0.945653	0.972773	711.3
0.000106	0.054193	0.945701	0.972798	711.4
0.000105	0.054144	0.945750	0.972822	711.5
0.000105	0.054096	0.945799	0.972847	711.6
0.000105	0.054047	0.945848	0.972871	711.7
0.000105	0.053999	0.945896	0.972896	711.8
0.000105	0.053950	0.945945	0.972920	711.9
0.000105	0.053902	0.945994	0.972944	712.0
0.000105	0.053853	0.946042	0.972969	712.1
0.000104	0.053805	0.946091	0.972993	712.2
0.000104	0.053757	0.946139	0.973017	712.3
0.000104	0.053709	0.946187	0.973042	712.4
0.000104	0.053660	0.946236	0.973066	712.5
0.000104	0.053612	0.946284	0.973090	712.6
0.000104	0.053564	0.946332	0.973114	712.7
0.000104	0.053516	0.946380	0.973138	712.8
0.000103	0.053468	0.946428	0.973162	712.9
0.000103	0.053421	0.946476	0.973186	713.0
0.000103	0.053373	0.946524	0.973211	713.1
0.000103	0.053325	0.946572	0.973235	713.2
0.000103	0.053277	0.946620	0.973259	713.3
0.000103	0.053230	0.946668	0.973283	713.4
0.000103	0.053182	0.946715	0.973306	713.5
0.000102	0.053134	0.946763	0.973330	713.6
0.000102	0.053087	0.946811	0.973354	713.7
0.000102	0.053039	0.946858	0.973378	713.8
0.000102	0.052992	0.946906	0.973402	713.9
0.000102	0.052945	0.946953	0.973426	714.0
0.000102	0.052897	0.947001	0.973450	714.1
0.000102	0.052850	0.947048	0.973473	714.2
0.000101	0.052803	0.947096	0.973497	714.3
0.000101	0.052756	0.947143	0.973521	714.4
0.000101	0.052709	0.947190	0.973544	714.5
0.000101	0.052662	0.947237	0.973568	714.6
0.000101	0.052615	0.947284	0.973592	714.7
0.000101	0.052568	0.947331	0.973615	714.8
0.000101	0.052521	0.947378	0.973639	714.9
0.000101	0.052474	0.947425	0.973662	715.0
0.000100	0.052427	0.947472	0.973686	715.1
0.000100	0.052381	0.947519	0.973709	715.2
0.000100	0.052334	0.947566	0.973733	715.3
0.000100	0.052288	0.947613	0.973756	715.4
0.000100	0.052241	0.947659	0.973780	715.5
0.000100	0.052194	0.947706	0.973803	715.6
0.000100	0.052148	0.947752	0.973826	715.7
0.000099	0.052102	0.947799	0.973850	715.8
0.000099	0.052055	0.947845	0.973873	715.9
0.000099	0.052009	0.947892	0.973896	716.0
0.000099	0.051963	0.947938	0.973920	716.1
0.000099	0.051917	0.947985	0.973943	716.2
0.000099	0.051870	0.948031	0.973966	716.3
0.000099	0.051824	0.948077	0.973989	716.4
0.000098	0.051778	0.948123	0.974012	716.5
0.000098	0.051732	0.948169	0.974035	716.6
0.000098	0.051686	0.948215	0.974059	716.7
0.000098	0.051641	0.948261	0.974082	716.8
0.000098	0.051595	0.948307	0.974105	716.9
0.000098	0.051549	0.948353	0.974128	717.0
0.000098	0.051503	0.948399	0.974151	717.1
0.000098	0.051458	0.948445	0.974174	717.2
0.000097	0.051412	0.948491	0.974197	717.3
0.000097	0.051366	0.948536	0.974220	717.4
0.000097	0.051321	0.948582	0.974242	717.5
0.000097	0.051275	0.948628	0.974265	717.6
0.000097	0.051230	0.948673	0.974288	717.7
0.000097	0.051185	0.948719	0.974311	717.8
0.000097	0.051139	0.948764	0.974334	717.9
0.000096	0.051094	0.948810	0.974357	718.0
0.000096	0.051049	0.948855	0.974379	718.1
0.000096	0.051004	0.948900	0.974402	718.2
0.000096	0.050958	0.948945	0.974425	718.3
0.000096	0.050913	0.948991	0.974447	718.4
0.000096	0.050868	0.949036	0.974470	718.5
0.000096	0.050823	0.949081	0.974493	718.6
0.000096	0.050779	0.949126	0.974515	718.7
0.000095	0.050734	0.949171	0.974538	718.8
0.000095	0.050689	0.949216	0.974560	718.9
0.000095	0.050644	0.949261	0.974583	719.0
0.000095	0.050599	0.949306	0.974605	719.1
0.000095	0.050555	0.949350	0.974628	719.2
0.000095	0.050510	0.949395	0.974650	719.3
0.000095	0.050466	0.949440	0.974673	719.4
0.000095	0.050421	0.949484	0.974695	719.5
0.000094	0.050377	0.949529	0.974717	719.6
0.000094	0.050332	0.949574	0.974740	719.7
0.000094	0.050288	0.949618	0.974762	719.8
0.000094	0.050243	0.949662	0.974784	719.9
0.000094	0.050199	0.949707	0.974806	720.0
0.000094	0.050155	0.949751	0.974829	720.1
0.000094	0.050111	0.949796	0.974851	720.2
0.000094	0.050067	0.949840	0.974873	720.3
0.000093	0.050023	0.949884	0.974895	720.4
0.000093	0.049979	0.949928	0.974917	720.5
0.000093	0.049935	0.949972	0.974940	720.6
0.000093	0.049891	0.950016	0.974962	720.7
0.000093	0.049847	0.950060	0.974984	720.8
0.000093	0.049803	0.950104	0.975006	720.9
0.000093	0.049759	0.950148	0.975028	721.0
0.000093	0.049715	0.950192	0.975050	721.1
0.000092	0.049672	0.950236	0.975072	721.2
0.000092	0.049628	0.950280	0.975094	721.3
0.000092	0.049585	0.950323	0.975116	721.4
0.000092	0.049541	0.950367	0.975137	721.5
0.000092	0.049498	0.950411	0.975159	721.6
0.000092	0.049454	0.950454	0.975181	721.7
0.000092	0.049411	0.950498	0.975203	721.8
0.000092	0.049367	0.950541	0.975225	721.9
0.000091	0.049324	0.950584	0.975247	722.0
0.000091	0.049281	0.950628	0.975268	722.1
0.000091	0.049238	0.950671	0.975290	722.2
0.000091	0.049194	0.950714	0.975312	722.3
0.000091	0.049151	0.950758	0.975333	722.4
0.000091	0.049108	0.950801	0.975355	722.5
0.000091	0.049065	0.950844	0.975377	722.6
0.000091	0.049022	0.950887	0.975398	722.7
0.000090	0.048979	0.950930	0.975420	722.8
0.000090	0.048937	0.950973	0.975441	722.9
0.000090	0.048894	0.951016	0.975463	723.0
0.000090	0.048851	0.951059	0.975484	723.1
0.000090	0.048808	0.951102	0.975506	723.2
0.000090	0.048766	0.951145	0.975527	723.3
0.000090	0.048723	0.951187	0.975549	723.4
0.000090	0.048680	0.951230	0.975570	723.5
0.000090	0.048638	0.951273	0.975592	723.6
0.000089	0.048595	0.951315	0.975613	723.7
0.000089	0.048553	0.951358	0.975634	723.8
0.000089	0.048511	0.951400	0.975656	723.9
0.000089	0.048468	0.951443	0.975677	724.0
0.000089	0.048426	0.951485	0.975698	724.1
0.000089	0.048384	0.951528	0.975719	724.2
0.000089	0.048341	0.951570	0.975741	724.3
0.000089	0.048299	0.951612	0.975762	724.4
0.000088	0.048257	0.951654	0.975783	724.5
0.000088	0.048215	0.951697	0.975804	724.6
0.000088	0.048173	0.951739	0.975825	724.7
0.000088	0.048131	0.951781	0.975846	724.8
0.000088	0.048089	0.951823	0.975867	724.9
0.000088	0.048047	0.951865	0.975889	725.0
0.000088	0.048005	0.951907	0.975910	725.1
0.000088	0.047964	0.951949	0.975931	725.2
0.000088	0.047922	0.951991	0.975952	725.3
0.000087	0.047880	0.952032	0.975973	725.4
0.000087	0.047839	0.952074	0.975993	725.5
0.000087	0.047797	0.952116	0.976014	725.6
0.000087	0.047755	0.952158	0.976035	725.7
0.000087	0.047714	0.952199	0.976056	725.8
0.000087	0.047672	0.952241	0.976077	725.9
0.000087	0.047631	0.952282	0.976098	726.0
0.000087	0.047590	0.952324	0.976119	726.1
0.000086	0.047548	0.952365	0.976139	726.2
0.000086	0.047507	0.952407	0.976160	726.3
0.000086	0.047466	0.952448	0.976181	726.4
0.000086	0.047425	0.952489	0.976202	726.5
0.000086	0.047383	0.952531	0.976222	726.6
0.000086	0.047342	0.952572	0.976243	726.7
0.000086	0.047301	0.952613	0.976264	726.8
0.000086	0.047260	0.952654	0.976284	726.9
0.000086	0.047219	0.952695	0.976305	727.0
0.000085	0.047178	0.952736	0.976325	727.1
0.000085	0.047137	0.952777	0.976346	727.2
0.000085	0.047097	0.952818	0.976367	727.3
0.000085	0.047056	0.952859	0.976387	727.4
0.000085	0.047015	0.952900	0.976407	727.5
0.000085	0.046974	0.952941	0.976428	727.6
0.000085	0.046934	0.952982	0.976448	727.7
0.000085	0.046893	0.953022	0.976469	727.8
0.000085	0.046852	0.953063	0.976489	727.9
0.000084	0.046812	0.953104	0.976510	728.0
0.000084	0.046771	0.953144	0.976530	728.1
0.000084	0.046731	0.953185	0.976550	728.2
0.000084	0.046691	0.953225	0.976571	728.3
0.000084	0.046650	0.953266	0.976591	728.4
0.000084	0.046610	0.953306	0.976611	728.5
0.000084	0.046570	0.953346	0.976631	728.6
0.000084	0.046530	0.953387	0.976652	728.7
0.000084	0.046489	0.953427	0.976672	728.8
0.000083	0.046449	0.953467	0.976692	728.9
0.000083	0.046409	0.953508	0.976712	729.0
0.000083	0.046369	0.953548	0.976732	729.1
0.000083	0.046329	0.953588	0.976752	729.2
0.000083	0.046289	0.953628	0.976772	729.3
0.000083	0.046249	0.953668	0.976792	729.4
0.000083	0.046209	0.953708	0.976813	729.5
0.000083	0.046170	0.953748	0.976833	729.6
0.000083	0.046130	0.953788	0.976853	729.7
0.000082	0.046090	0.953827	0.976873	729.8
0.000082	0.046050	0.953867	0.976892	729.9
0.000082	0.046011	0.953907	0.976912	730.0
0.000082	0.045971	0.953947	0.976932	730.1
0.000082	0.045932	0.953986	0.976952	730.2
0.000082	0.045892	0.954026	0.976972	730.3
0.000082	0.045853	0.954066	0.976992	730.4
0.000082	0.045813	0.954105	0.977012	730.5
0.000082	0.045774	0.954145	0.977032	730.6
0.000081	0.045734	0.954184	0.977051	730.7
0.000081	0.045695	0.954223	0.977071	730.8
0.000081	0.045656	0.954263	0.977091	730.9
0.000081	0.045617	0.954302	0.977110	731.0
0.000081	0.045578	0.954341	0.977130	731.1
0.000081	0.045538	0.954381	0.977150	731.2
0.000081	0.045499	0.954420	0.977170	731.3
0.000081	0.045460	0.954459	0.977189	731.4
0.000081	0.045421	0.954498	0.977209	731.5
0.000081	0.045382	0.954537	0.977228	731.6
0.000080	0.045343	0.954576	0.977248	731.7
0.000080	0.045304	0.954615	0.977267	731.8
0.000080	0.045266	0.954654	0.977287	731.9
0.000080	0.045227	0.954693	0.977306	732.0
0.000080	0.045188	0.954732	0.977326	732.1
0.000080	0.045149	0.954771	0.977345	732.2
0.000080	0.045111	0.954809	0.977365	732.3
0.000080	0.045072	0.954848	0.977384	732.4
0.000080	0.045034	0.954887	0.977404	732.5
0.000079	0.044995	0.954925	0.977423	732.6
0.000079	0.044957	0.954964	0.977442	732.7
0.000079	0.044918	0.955003	0.977462	732.8
0.000079	0.044880	0.955041	0.977481	732.9
0.000079	0.044841	0.955080	0.977500	733.0
0.000079	0.044803	0.955118	0.977520	733.1
0.000079	0.044765	0.955156	0.977539	733.2
0.000079	0.044726	0.955195	0.977558	733.3
0.000079	0.044688	0.955233	0.977577	733.4
0.000079	0.044650	0.955271	0.977596	733.5
0.000078	0.044612	0.955310	0.977616	733.6
0.000078	0.044574	0.955348	0.977635	733.7
0.000078	0.044536	0.955386	0.977654	733.8
0.000078	0.044498	0.955424	0.977673	733.9
0.000078	0.044460	0.955462	0.977692	734.0
0.000078	0.044422	0.955500	0.977711	734.1
0.000078	0.044384	0.955538	0.977730	734.2
0.000078	0.044346	0.955576	0.977749	734.3
0.000078	0.044308	0.955614	0.977768	734.4
0.000078	0.044271	0.955652	0.977787	734.5
0.000077	0.044233	0.955690	0.977806	734.6
0.000077	0.044195	0.955727	0.977825	734.7
0.000077	0.044158	0.955765	0.977844	734.8
0.000077	0.044120	0.955803	0.977863	734.9
0.000077	0.044083	0.955840	0.977882	735.0
0.000077	0.044045	0.955878	0.977900	735.1
0.000077	0.044008	0.955916	0.977919	735.2
0.000077	0.043970	0.955953	0.977938	735.3
0.000077	0.043933	0.955991	0.977957	735.4
0.000077	0.043896	0.956028	0.977976	735.5
0.000076	0.043858	0.956065	0.977994	735.6
0.000076	0.043821	0.956103	0.978013	735.7
0.000076	0.043784	0.956140	0.978032	735.8
0.000076	0.043747	0.956177	0.978051	735.9
0.000076	0.043709	0.956215	0.978069	736.0
0.000076	0.043672	0.956252	0.978088	736.1
0.000076	0.043635	0.956289	0.978107	736.2
0.000076	0.043598	0.956326	0.978125	736.3
0.000076	0.043561	0.956363	0.978144	736.4
0.000076	0.043524	0.956400	0.978162	736.5
0.000075	0.043487	0.956437	0.978181	736.6
0.000075	0.043451	0.956474	0.978199	736.7
0.000075	0.043414	0.956511	0.978218	736.8
0.000075	0.043377	0.956548	0.978236	736.9
0.000075	0.043340	0.956585	0.978255	737.0
0.000075	0.043304	0.956622	0.978273	737.1
0.000075	0.043267	0.956658	0.978292	737.2
0.000075	0.043230	0.956695	0.978310	737.3
0.000075	0.043194	0.956732	0.978328	737.4
0.000075	0.043157	0.956768	0.978347	737.5
0.000074	0.043121	0.956805	0.978365	737.6
0.000074	0.043084	0.956841	0.978384	737.7
0.000074	0.043048	0.956878	0.978402	737.8
0.000074	0.043011	0.956914	0.978420	737.9
0.000074	0.042975	0.956951	0.978438	738.0
0.000074	0.042939	0.956987	0.978457	738.1
0.000074	0.042902	0.957024	0.978475	738.2
0.000074	0.042866	0.957060	0.978493	738.3
0.000074	0.042830	0.957096	0.978511	738.4
0.000074	0.042794	0.957133	0.978529	738.5
0.000074	0.042758	0.957169	0.978548	738.6
0.000073	0.042722	0.957205	0.978566	738.7
0.000073	0.042686	0.957241	0.978584	738.8
0.000073	0.042650	0.957277	0.978602	738.9
0.000073	0.042614	0.957313	0.978620	739.0
0.000073	0.042578	0.957349	0.978638	739.1
0.000073	0.042542	0.957385	0.978656	739.2
0.000073	0.042506	0.957421	0.978674	739.3
0.000073	0.042470	0.957457	0.978692	739.4
0.000073	0.042434	0.957493	0.978710	739.5
0.000073	0.042399	0.957529	0.978728	739.6
0.000073	0.042363	0.957564	0.978746	739.7
0.000072	0.042327	0.957600	0.978764	739.8
0.000072	0.042292	0.957636	0.978782	739.9
0.000072	0.042256	0.957672	0.978800	740.0
0.000072	0.042221	0.957707	0.978818	740.1
0.000072	0.042185	0.957743	0.978835	740.2
0.000072	0.042150	0.957778	0.978853	740.3
0.000072	0.042114	0.957814	0.978871	740.4
0.000072	0.042079	0.957849	0.978889	740.5
0.000072	0.042044	0.957885	0.978907	740.6
0.000072	0.042008	0.957920	0.978924	740.7
0.000072	0.041973	0.957955	0.978942	740.8
0.000071	0.041938	0.957991	0.978960	740.9
0.000071	0.041903	0.958026	0.978977	741.0
0.000071	0.041867	0.958061	0.978995	741.1
0.000071	0.041832	0.958097	0.979013	741.2
0.000071	0.041797	0.958132	0.979030	741.3
0.000071	0.041762	0.958167	0.979048	741.4
0.000071	0.041727	0.958202	0.979066	741.5
0.000071	0.041692	0.958237	0.979083	741.6
0.000071	0.041657	0.958272	0.979101	741.7
0.000071	0.041622	0.958307	0.979118	741.8
0.000071	0.041588	0.958342	0.979136	741.9
0.000070	0.041553	0.958377	0.979153	742.0
0.000070	0.041518	0.958412	0.979171	742.1
0.000070	0.041483	0.958447	0.979188	742.2
0.000070	0.041448	0.958481	0.979206	742.3
0.000070	0.041414	0.958516	0.979223	742.4
0.000070	0.041379	0.958551	0.979240	742.5
0.000070	0.041345	0.958586	0.979258	742.6
0.000070	0.041310	0.958620	0.979275	742.7
0.000070	0.041276	0.958655	0.979293	742.8
0.000070	0.041241	0.958689	0.979310	742.9
0.000070	0.041207	0.958724	0.979327	743.0
0.000069	0.041172	0.958758	0.979344	743.1
0.000069	0.041138	0.958793	0.979362	743.2
0.000069	0.041103	0.958827	0.979379	743.3
0.000069	0.041069	0.958862	0.979396	743.4
0.000069	0.041035	0.958896	0.979413	743.5
0.000069	0.041001	0.958930	0.979431	743.6
0.000069	0.040966	0.958965	0.979448	743.7
0.000069	0.040932	0.958999	0.979465	743.8
0.000069	0.040898	0.959033	0.979482	743.9
0.000069	0.040864	0.959067	0.979499	744.0
0.000069	0.040830	0.959101	0.979516	744.1
0.000068	0.040796	0.959135	0.979533	744.2
0.000068	0.040762	0.959170	0.979551	744.3
0.000068	0.040728	0.959204	0.979568	744.4
0.000068	0.040694	0.959238	0.979585	744.5
0.000068	0.040660	0.959271	0.979602	744.6
0.000068	0.040627	0.959305	0.979619	744.7
0.000068	0.040593	0.959339	0.979636	744.8
0.000068	0.040559	0.959373	0.979653	744.9
0.000068	0.040525	0.959407	0.979670	745.0
0.000068	0.040492	0.959441	0.979686	745.1
0.000068	0.040458	0.959474	0.979703	745.2
0.000068	0.040424	0.959508	0.979720	745.3
0.000067	0.040391	0.959542	0.979737	745.4
0.000067	0.040357	0.959575	0.979754	745.5
0.000067	0.040324	0.959609	0.979771	745.6
0.000067	0.040290	0.959643	0.979788	745.7
0.000067	0.040257	0.959676	0.979804	745.8
0.000067	0.040223	0.959710	0.979821	745.9
0.000067	0.040190	0.959743	0.979838	746.0
0.000067	0.040157	0.959776	0.979855	746.1
0.000067	0.040123	0.959810	0.979872	746.2
0.000067	0.040090	0.959843	0.979888	746.3
0.000067	0.040057	0.959876	0.979905	746.4
0.000067	0.040024	0.959910	0.979922	746.5
0.000066	0.039991	0.959943	0.979938	746.6
0.000066	0.039958	0.959976	0.979955	746.7
0.000066	0.039924	0.960009	0.979972	746.8
0.000066	0.039891	0.960042	0.979988	746.9
0.000066	0.039858	0.960076	0.980005	747.0
0.000066	0.039825	0.960109	0.980021	747.1
0.000066	0.039792	0.960142	0.980038	747.2
0.000066	0.039760	0.960175	0.980054	747.3
0.000066	0.039727	0.960208	0.980071	747.4
0.000066	0.039694	0.960240	0.980087	747.5
0.000066	0.039661	0.960273	0.980104	747.6
0.000066	0.039628	0.960306	0.980120	747.7
0.000065	0.039596	0.960339	0.980137	747.8
0.000065	0.039563	0.960372	0.980153	747.9
0.000065	0.039530	0.960405	0.980170	748.0
0.000065	0.039498	0.960437	0.980186	748.1
0.000065	0.039465	0.960470	0.980202	748.2
0.000065	0.039432	0.960503	0.980219	748.3
0.000065	0.039400	0.960535	0.980235	748.4
0.000065	0.039367	0.960568	0.980251	748.5
0.000065	0.039335	0.960600	0.980268	748.6
0.000065	0.039303	0.960633	0.980284	748.7
0.000065	0.039270	0.960665	0.980300	748.8
0.000065	0.039238	0.960698	0.980317	748.9
0.000064	0.039205	0.960730	0.980333	749.0
0.000064	0.039173	0.960762	0.980349	749.1
0.000064	0.039141	0.960795	0.980365	749.2
0.000064	0.039109	0.960827	0.980381	749.3
0.000064	0.039077	0.960859	0.980398	749.4
0.000064	0.039044	0.960892	0.980414	749.5
0.000064	0.039012	0.960924	0.980430	749.6
0.000064	0.038980	0.960956	0.980446	749.7
0.000064	0.038948	0.960988	0.980462	749.8
0.000064	0.038916	0.961020	0.980478	749.9
0.000064	0.038884	0.961052	0.980494	750.0
0.000064	0.038852	0.961084	0.980510	750.1
0.000063	0.038820	0.961116	0.980526	750.2
0.000063	0.038788	0.961148	0.980542	750.3
0.000063	0.038757	0.961180	0.980558	750.4
0.000063	0.038725	0.961212	0.980574	750.5
0.000063	0.038693	0.961244	0.980590	750.6
0.000063	0.038661	0.961276	0.980606	750.7
0.000063	0.038630	0.961307	0.980622	750.8
0.000063	0.038598	0.961339	0.980638	750.9
0.000063	0.038566	0.961371	0.980654	751.0
0.000063	0.038535	0.961403	0.980670	751.1
0.000063	0.038503	0.961434	0.980686	751.2
0.000063	0.038472	0.961466	0.980702	751.3
0.000063	0.038440	0.961497	0.980717	751.4
0.000062	0.038409	0.961529	0.980733	751.5
0.000062	0.038377	0.961561	0.980749	751.6
0.000062	0.038346	0.961592	0.980765	751.7
0.000062	0.038314	0.961623	0.980781	751.8
0.000062	0.038283	0.961655	0.980796	751.9
0.000062	0.038252	0.961686	0.980812	752.0
0.000062	0.038220	0.961718	0.980828	752.1
0.000062	0.038189	0.961749	0.980844	752.2
0.000062	0.038158	0.961780	0.980859	752.3
0.000062	0.038127	0.961812	0.980875	752.4
0.000062	0.038096	0.961843	0.980891	752.5
0.000062	0.038064	0.961874	0.980906	752.6
0.000062	0.038033	0.961905	0.980922	752.7
0.000061	0.038002	0.961936	0.980937	752.8
0.000061	0.037971	0.961967	0.980953	752.9
0.000061	0.037940	0.961998	0.980969	753.0
0.000061	0.037909	0.962029	0.980984	753.1
0.000061	0.037878	0.962060	0.981000	753.2
0.000061	0.037848	0.962091	0.981015	753.3
0.000061	0.037817	0.962122	0.981031	753.4
0.000061	0.037786	0.962153	0.981046	753.5
0.000061	0.037755	0.962184	0.981062	753.6
0.000061	0.037724	0.962215	0.981077	753.7
0.000061	0.037694	0.962246	0.981092	753.8
0.000061	0.037663	0.962276	0.981108	753.9
0.000061	0.037632	0.962307	0.981123	754.0
0.000060	0.037602	0.962338	0.981139	754.1
0.000060	0.037571	0.962369	0.981154	754.2
0.000060	0.037540	0.962399	0.981169	754.3
0.000060	0.037510	0.962430	0.981185	754.4
0.000060	0.037479	0.962460	0.981200	754.5
0.000060	0.037449	0.962491	0.981215	754.6
0.000060	0.037419	0.962521	0.981231	754.7
0.000060	0.037388	0.962552	0.981246	754.8
0.000060	0.037358	0.962582	0.981261	754.9
0.000060	0.037327	0.962613	0.981276	755.0
0.000060	0.037297	0.962643	0.981292	755.1
0.000060	0.037267	0.962674	0.981307	755.2
0.000060	0.037237	0.962704	0.981322	755.3
0.000060	0.037206	0.962734	0.981337	755.4
0.000059	0.037176	0.962764	0.981352	755.5
0.000059	0.037146	0.962795	0.981368	755.6
0.000059	0.037116	0.962825	0.981383	755.7
0.000059	0.037086	0.962855	0.981398	755.8
0.000059	0.037056	0.962885	0.981413	755.9
0.000059	0.037026	0.962915	0.981428	756.0
0.000059	0.036996	0.962945	0.981443	756.1
0.000059	0.036966	0.962975	0.981458	756.2
0.000059	0.036936	0.963005	0.981473	756.3
0.000059	0.036906	0.963035	0.981488	756.4
0.000059	0.036876	0.963065	0.981503	756.5
0.000059	0.036846	0.963095	0.981518	756.6
0.000059	0.036816	0.963125	0.981533	756.7
0.000059	0.036787	0.963155	0.981548	756.8
0.000058	0.036757	0.963185	0.981563	756.9
0.000058	0.036727	0.963214	0.981578	757.0
0.000058	0.036697	0.963244	0.981593	757.1
0.000058	0.036668	0.963274	0.981608	757.2
0.000058	0.036638	0.963304	0.981623	757.3
0.000058	0.036609	0.963333	0.981638	757.4
0.000058	0.036579	0.963363	0.981652	757.5
0.000058	0.036550	0.963393	0.981667	757.6
0.000058	0.036520	0.963422	0.981682	757.7
0.000058	0.036491	0.963452	0.981697	757.8
0.000058	0.036461	0.963481	0.981712	757.9
0.000058	0.036432	0.963511	0.981727	758.0
0.000058	0.036402	0.963540	0.981741	758.1
0.000058	0.036373	0.963570	0.981756	758.2
0.000057	0.036344	0.963599	0.981771	758.3
0.000057	0.036314	0.963628	0.981785	758.4
0.000057	0.036285	0.963658	0.981800	758.5
0.000057	0.036256	0.963687	0.981815	758.6
0.000057	0.036227	0.963716	0.981829	758.7
0.000057	0.036198	0.963745	0.981844	758.8
0.000057	0.036168	0.963775	0.981859	758.9
0.000057	0.036139	0.963804	0.981873	759.0
0.000057	0.036110	0.963833	0.981888	759.1
0.000057	0.036081	0.963862	0.981903	759.2
0.000057	0.036052	0.963891	0.981917	759.3
0.000057	0.036023	0.963920	0.981932	759.4
0.000057	0.035994	0.963949	0.981946	759.5
0.000057	0.035965	0.963978	0.981961	759.6
0.000056	0.035936	0.964007	0.981975	759.7
0.000056	0.035908	0.964036	0.981990	759.8
0.000056	0.035879	0.964065	0.982004	759.9
0.000056	0.035850	0.964094	0.982019	760.0
0.000056	0.035821	0.964123	0.982033	760.1
0.000056	0.035792	0.964151	0.982048	760.2
0.000056	0.035764	0.964180	0.982062	760.3
0.000056	0.035735	0.964209	0.982077	760.4
0.000056	0.035706	0.964238	0.982091	760.5
0.000056	0.035678	0.964266	0.982105	760.6
0.000056	0.035649	0.964295	0.982120	760.7
0.000056	0.035621	0.964324	0.982134	760.8
0.000056	0.035592	0.964352	0.982148	760.9
0.000056	0.035564	0.964381	0.982163	761.0
0.000056	0.035535	0.964409	0.982177	761.1
0.000055	0.035507	0.964438	0.982191	761.2
0.000055	0.035478	0.964466	0.982206	761.3
0.000055	0.035450	0.964495	0.982220	761.4
0.000055	0.035421	0.964523	0.982234	761.5
0.000055	0.035393	0.964552	0.982248	761.6
0.000055	0.035365	0.964580	0.982262	761.7
0.000055	0.035337	0.964608	0.982277	761.8
0.000055	0.035308	0.964637	0.982291	761.9
0.000055	0.035280	0.964665	0.982305	762.0
0.000055	0.035252	0.964693	0.982319	762.1
0.000055	0.035224	0.964722	0.982333	762.2
0.000055	0.035196	0.964750	0.982347	762.3
0.000055	0.035167	0.964778	0.982362	762.4
0.000055	0.035139	0.964806	0.982376	762.5
0.000055	0.035111	0.964834	0.982390	762.6
0.000054	0.035083	0.964862	0.982404	762.7
0.000054	0.035055	0.964890	0.982418	762.8
0.000054	0.035027	0.964918	0.982432	762.9
0.000054	0.035000	0.964946	0.982446	763.0
0.000054	0.034972	0.964974	0.982460	763.1
0.000054	0.034944	0.965002	0.982474	763.2
0.000054	0.034916	0.965030	0.982488	763.3
0.000054	0.034888	0.965058	0.982502	763.4
0.000054	0.034860	0.965086	0.982516	763.5
0.000054	0.034833	0.965114	0.982530	763.6
0.000054	0.034805	0.965141	0.982544	763.7
0.000054	0.034777	0.965169	0.982558	763.8
0.000054	0.034749	0.965197	0.982572	763.9
0.000054	0.034722	0.965225	0.982585	764.0
0.000054	0.034694	0.965252	0.982599	764.1
0.000053	0.034667	0.965280	0.982613	764.2
0.000053	0.034639	0.965307	0.982627	764.3
0.000053	0.034612	0.965335	0.982641	764.4
0.000053	0.034584	0.965363	0.982655	764.5
0.000053	0.034557	0.965390	0.982668	764.6
0.000053	0.034529	0.965418	0.982682	764.7
0.000053	0.034502	0.965445	0.982696	764.8
0.000053	0.034474	0.965473	0.982710	764.9
0.000053	0.034447	0.965500	0.982724	765.0
0.000053	0.034420	0.965527	0.982737	765.1
0.000053	0.034392	0.965555	0.982751	765.2
0.000053	0.034365	0.965582	0.982765	765.3
0.000053	0.034338	0.965609	0.982778	765.4
0.000053	0.034311	0.965637	0.982792	765.5
0.000053	0.034283	0.965664	0.982806	765.6
0.000053	0.034256	0.965691	0.982819	765.7
0.000052	0.034229	0.965718	0.982833	765.8
0.000052	0.034202	0.965746	0.982847	765.9
0.000052	0.034175	0.965773	0.982860	766.0
0.000052	0.034148	0.965800	0.982874	766.1
0.000052	0.034121	0.965827	0.982887	766.2
0.000052	0.034094	0.965854	0.982901	766.3
0.000052	0.034067	0.965881	0.982914	766.4
0.000052	0.034040	0.965908	0.982928	766.5
0.000052	0.034013	0.965935	0.982941	766.6
0.000052	0.033986	0.965962	0.982955	766.7
0.000052	0.033959	0.965989	0.982968	766.8
0.000052	0.033933	0.966016	0.982982	766.9
0.000052	0.033906	0.966043	0.982995	767.0
0.000052	0.033879	0.966069	0.983009	767.1
0.000052	0.033852	0.966096	0.983022	767.2
0.000052	0.033826	0.966123	0.983036	767.3
0.000051	0.033799	0.966150	0.983049	767.4
0.000051	0.033772	0.966176	0.983063	767.5
0.000051	0.033746	0.966203	0.983076	767.6
0.000051	0.033719	0.966230	0.983089	767.7
0.000051	0.033692	0.966256	0.983103	767.8
0.000051	0.033666	0.966283	0.983116	767.9
0.000051	0.033639	0.966310	0.983129	768.0
0.000051	0.033613	0.966336	0.983143	768.1
0.000051	0.033586	0.966363	0.983156	768.2
0.000051	0.033560	0.966389	0.983169	768.3
0.000051	0.033533	0.966416	0.983182	768.4
0.000051	0.033507	0.966442	0.983196	768.5
0.000051	0.033481	0.966469	0.983209	768.6
0.000051	0.033454	0.966495	0.983222	768.7
0.000051	0.033428	0.966521	0.983235	768.8
0.000051	0.033402	0.966548	0.983249	768.9
0.000050	0.033375	0.966574	0.983262	769.0
0.000050	0.033349	0.966600	0.983275	769.1
0.000050	0.033323	0.966627	0.983288	769.2
0.000050	0.033297	0.966653	0.983301	769.3
0.000050	0.033271	0.966679	0.983314	769.4
0.000050	0.033245	0.966705	0.983328	769.5
0.000050	0.033218	0.966731	0.983341	769.6
0.000050	0.033192	0.966758	0.983354	769.7
0.000050	0.033166	0.966784	0.983367	769.8
0.000050	0.033140	0.966810	0.983380	769.9
0.000050	0.033114	0.966836	0.983393	770.0
0.000050	0.033088	0.966862	0.983406	770.1
0.000050	0.033062	0.966888	0.983419	770.2
0.000050	0.033037	0.966914	0.983432	770.3
0.000050	0.033011	0.966940	0.983445	770.4
0.000050	0.032985	0.966966	0.983458	770.5
0.000050	0.032959	0.966992	0.983471	770.6
0.000049	0.032933	0.967017	0.983484	770.7
0.000049	0.032907	0.967043	0.983497	770.8
0.000049	0.032882	0.967069	0.983510	770.9
0.000049	0.032856	0.967095	0.983523	771.0
0.000049	0.032830	0.967121	0.983536	771.1
0.000049	0.032805	0.967146	0.983549	771.2
0.000049	0.032779	0.967172	0.983561	771.3
0.000049	0.032753	0.967198	0.983574	771.4
0.000049	0.032728	0.967223	0.983587	771.5
0.000049	0.032702	0.967249	0.983600	771.6
0.000049	0.032677	0.967275	0.983613	771.7
0.000049	0.032651	0.967300	0.983626	771.8
0.000049	0.032625	0.967326	0.983638	771.9
0.000049	0.032600	0.967351	0.983651	772.0
0.000049	0.032575	0.967377	0.983664	772.1
0.000049	0.032549	0.967402	0.983677	772.2
0.000049	0.032524	0.967428	0.983690	772.3
0.000048	0.032498	0.967453	0.983702	772.4
0.000048	0.032473	0.967479	0.983715	772.5
0.000048	0.032448	0.967504	0.983728	772.6
0.000048	0.032422	0.967529	0.983740	772.7
0.000048	0.032397	0.967555	0.983753	772.8
0.000048	0.032372	0.967580	0.983766	772.9
0.000048	0.032347	0.967605	0.983779	773.0
0.000048	0.032322	0.967630	0.983791	773.1
0.000048	0.032296	0.967656	0.983804	773.2
0.000048	0.032271	0.967681	0.983816	773.3
0.000048	0.032246	0.967706	0.983829	773.4
0.000048	0.032221	0.967731	0.983842	773.5
0.000048	0.032196	0.967756	0.983854	773.6
0.000048	0.032171	0.967781	0.983867	773.7
0.000048	0.032146	0.967806	0.983879	773.8
0.000048	0.032121	0.967831	0.983892	773.9
0.000048	0.032096	0.967856	0.983904	774.0
0.000048	0.032071	0.967881	0.983917	774.1
0.000047	0.032046	0.967906	0.983929	774.2
0.000047	0.032021	0.967931	0.983942	774.3
0.000047	0.031996	0.967956	0.983954	774.4
0.000047	0.031972	0.967981	0.983967	774.5
0.000047	0.031947	0.968006	0.983979	774.6
0.000047	0.031922	0.968031	0.983992	774.7
0.000047	0.031897	0.968056	0.984004	774.8
0.000047	0.031872	0.968080	0.984017	774.9
0.000047	0.031848	0.968105	0.984029	775.0
0.000047	0.031823	0.968130	0.984041	775.1
0.000047	0.031798	0.968155	0.984054	775.2
0.000047	0.031774	0.968179	0.984066	775.3
0.000047	0.031749	0.968204	0.984079	775.4
0.000047	0.031725	0.968229	0.984091	775.5
0.000047	0.031700	0.968253	0.984103	775.6
0.000047	0.031676	0.968278	0.984116	775.7
0.000047	0.031651	0.968302	0.984128	775.8
0.000047	0.031627	0.968327	0.984140	775.9
0.000046	0.031602	0.968351	0.984153	776.0
0.000046	0.031578	0.968376	0.984165	776.1
0.000046	0.031553	0.968400	0.984177	776.2
0.000046	0.031529	0.968425	0.984189	776.3
0.000046	0.031504	0.968449	0.984202	776.4
0.000046	0.031480	0.968474	0.984214	776.5
0.000046	0.031456	0.968498	0.984226	776.6
0.000046	0.031432	0.968522	0.984238	776.7
0.000046	0.031407	0.968547	0.984250	776.8
0.000046	0.031383	0.968571	0.984263	776.9
0.000046	0.031359	0.968595	0.984275	777.0
0.000046	0.031335	0.968620	0.984287	777.1
0.000046	0.031310	0.968644	0.984299	777.2
0.000046	0.031286	0.968668	0.984311	777.3
0.000046	0.031262	0.968692	0.984323	777.4
0.000046	0.031238	0.968716	0.984335	777.5
0.000046	0.031214	0.968740	0.984347	777.6
0.000046	0.031190	0.968765	0.984359	777.7
0.000045	0.031166	0.968789	0.984372	777.8
0.000045	0.031142	0.968813	0.984384	777.9
0.000045	0.031118	0.968837	0.984396	778.0
0.000045	0.031094	0.968861	0.984408	778.1
0.000045	0.031070	0.968885	0.984420	778.2
0.000045	0.031046	0.968909	0.984432	778.3
0.000045	0.031022	0.968933	0.984444	778.4
0.000045	0.030998	0.968956	0.984456	778.5
0.000045	0.030975	0.968980	0.984468	778.6
0.000045	0.030951	0.969004	0.984480	778.7
0.000045	0.030927	0.969028	0.984492	778.8
0.000045	0.030903	0.969052	0.984503	778.9
0.000045	0.030880	0.969076	0.984515	779.0
0.000045	0.030856	0.969099	0.984527	779.1
0.000045	0.030832	0.969123	0.984539	779.2
0.000045	0.030808	0.969147	0.984551	779.3
0.000045	0.030785	0.969171	0.984563	779.4
0.000045	0.030761	0.969194	0.984575	779.5
0.000045	0.030738	0.969218	0.984587	779.6
0.000044	0.030714	0.969241	0.984598	779.7
0.000044	0.030690	0.969265	0.984610	779.8
0.000044	0.030667	0.969289	0.984622	779.9
0.000044	0.030643	0.969312	0.984634	780.0
0.000044	0.030620	0.969336	0.984646	780.1
0.000044	0.030597	0.969359	0.984657	780.2
0.000044	0.030573	0.969383	0.984669	780.3
0.000044	0.030550	0.969406	0.984681	780.4
0.000044	0.030526	0.969430	0.984693	780.5
0.000044	0.030503	0.969453	0.984704	780.6
0.000044	0.030480	0.969476	0.984716	780.7
0.000044	0.030456	0.969500	0.984728	780.8
0.000044	0.030433	0.969523	0.984740	780.9
0.000044	0.030410	0.969546	0.984751	781.0
0.000044	0.030387	0.969570	0.984763	781.1
0.000044	0.030363	0.969593	0.984775	781.2
0.000044	0.030340	0.969616	0.984786	781.3
0.000044	0.030317	0.969639	0.984798	781.4
0.000044	0.030294	0.969663	0.984810	781.5
0.000044	0.030271	0.969686	0.984821	781.6
0.000043	0.030248	0.969709	0.984833	781.7
0.000043	0.030224	0.969732	0.984844	781.8
0.000043	0.030201	0.969755	0.984856	781.9
0.000043	0.030178	0.969778	0.984868	782.0
0.000043	0.030155	0.969801	0.984879	782.1
0.000043	0.030132	0.969824	0.984891	782.2
0.000043	0.030109	0.969847	0.984902	782.3
0.000043	0.030086	0.969870	0.984914	782.4
0.000043	0.030064	0.969893	0.984925	782.5
0.000043	0.030041	0.969916	0.984937	782.6
0.000043	0.030018	0.969939	0.984948	782.7
0.000043	0.029995	0.969962	0.984960	782.8
0.000043	0.029972	0.969985	0.984971	782.9
0.000043	0.029949	0.970008	0.984983	783.0
0.000043	0.029926	0.970031	0.984994	783.1
0.000043	0.029904	0.970054	0.985005	783.2
0.000043	0.029881	0.970076	0.985017	783.3
0.000043	0.029858	0.970099	0.985028	783.4
0.000043	0.029836	0.970122	0.985040	783.5
0.000043	0.029813	0.970145	0.985051	783.6
0.000042	0.029790	0.970167	0.985062	783.7
0.000042	0.029768	0.970190	0.985074	783.8
0.000042	0.029745	0.970213	0.985085	783.9
0.000042	0.029722	0.970235	0.985096	784.0
0.000042	0.029700	0.970258	0.985108	784.1
0.000042	0.029677	0.970280	0.985119	784.2
0.000042	0.029655	0.970303	0.985130	784.3
0.000042	0.029632	0.970326	0.985142	784.4
0.000042	0.029610	0.970348	0.985153	784.5
0.000042	0.029587	0.970371	0.985164	784.6
0.000042	0.029565	0.970393	0.985176	784.7
0.000042	0.029543	0.970416	0.985187	784.8
0.000042	0.029520	0.970438	0.985198	784.9
0.000042	0.029498	0.970460	0.985209	785.0
0.000042	0.029475	0.970483	0.985220	785.1
0.000042	0.029453	0.970505	0.985232	785.2
0.000042	0.029431	0.970527	0.985243	785.3
0.000042	0.029409	0.970550	0.985254	785.4
0.000042	0.029386	0.970572	0.985265	785.5
0.000042	0.029364	0.970594	0.985276	785.6
0.000042	0.029342	0.970617	0.985288	785.7
0.000041	0.029320	0.970639	0.985299	785.8
0.000041	0.029298	0.970661	0.985310	785.9
0.000041	0.029275	0.970683	0.985321	786.0
0.000041	0.029253	0.970705	0.985332	786.1
0.000041	0.029231	0.970728	0.985343	786.2
0.000041	0.029209	0.970750	0.985354	786.3
0.000041	0.029187	0.970772	0.985365	786.4
0.000041	0.029165	0.970794	0.985376	786.5
0.000041	0.029143	0.970816	0.985387	786.6
0.000041	0.029121	0.970838	0.985398	786.7
0.000041	0.029099	0.970860	0.985409	786.8
0.000041	0.029077	0.970882	0.985420	786.9
0.000041	0.029055	0.970904	0.985431	787.0
0.000041	0.029033	0.970926	0.985442	787.1
0.000041	0.029011	0.970948	0.985453	787.2
0.000041	0.028990	0.970970	0.985464	787.3
0.000041	0.028968	0.970992	0.985475	787.4
0.000041	0.028946	0.971013	0.985486	787.5
0.000041	0.028924	0.971035	0.985497	787.6
0.000041	0.028902	0.971057	0.985508	787.7
0.000041	0.028881	0.971079	0.985519	787.8
0.000040	0.028859	0.971101	0.985530	787.9
0.000040	0.028837	0.971122	0.985541	788.0
0.000040	0.028815	0.971144	0.985552	788.1
0.000040	0.028794	0.971166	0.985563	788.2
0.000040	0.028772	0.971188	0.985574	788.3
0.000040	0.028751	0.971209	0.985584	788.4
0.000040	0.028729	0.971231	0.985595	788.5
0.000040	0.028707	0.971252	0.985606	788.6
0.000040	0.028686	0.971274	0.985617	788.7
0.000040	0.028664	0.971296	0.985628	788.8
0.000040	0.028643	0.971317	0.985639	788.9
0.000040	0.028621	0.971339	0.985649	789.0
0.000040	0.028600	0.971360	0.985660	789.1
0.000040	0.028578	0.971382	0.985671	789.2
0.000040	0.028557	0.971403	0.985682	789.3
0.000040	0.028535	0.971425	0.985692	789.4
0.000040	0.028514	0.971446	0.985703	789.5
0.000040	0.028493	0.971468	0.985714	789.6
0.000040	0.028471	0.971489	0.985725	789.7
0.000040	0.028450	0.971510	0.985735	789.8
0.000040	0.028429	0.971532	0.985746	789.9
0.000040	0.028407	0.971553	0.985757	790.0
0.000039	0.028386	0.971574	0.985767	790.1
0.000039	0.028365	0.971596	0.985778	790.2
0.000039	0.028344	0.971617	0.985789	790.3
0.000039	0.028322	0.971638	0.985799	790.4
0.000039	0.028301	0.971659	0.985810	790.5
0.000039	0.028280	0.971681	0.985821	790.6
0.000039	0.028259	0.971702	0.985831	790.7
0.000039	0.028238	0.971723	0.985842	790.8
0.000039	0.028217	0.971744	0.985852	790.9
0.000039	0.028196	0.971765	0.985863	791.0
0.000039	0.028175	0.971786	0.985874	791.1
0.000039	0.028154	0.971807	0.985884	791.2
0.000039	0.028133	0.971828	0.985895	791.3
0.000039	0.028112	0.971849	0.985905	791.4
0.000039	0.028091	0.971871	0.985916	791.5
0.000039	0.028070	0.971892	0.985926	791.6
0.000039	0.028049	0.971912	0.985937	791.7
0.000039	0.028028	0.971933	0.985947	791.8
0.000039	0.028007	0.971954	0.985958	791.9
0.000039	0.027986	0.971975	0.985968	792.0
0.000039	0.027965	0.971996	0.985979	792.1
0.000039	0.027944	0.972017	0.985989	792.2
0.000039	0.027924	0.972038	0.986000	792.3
0.000038	0.027903	0.972059	0.986010	792.4
0.000038	0.027882	0.972080	0.986021	792.5
0.000038	0.027861	0.972100	0.986031	792.6
0.000038	0.027840	0.972121	0.986041	792.7
0.000038	0.027820	0.972142	0.986052	792.8
0.000038	0.027799	0.972163	0.986062	792.9
0.000038	0.027778	0.972183	0.986073	793.0
0.000038	0.027758	0.972204	0.986083	793.1
0.000038	0.027737	0.972225	0.986093	793.2
0.000038	0.027717	0.972245	0.986104	793.3
0.000038	0.027696	0.972266	0.986114	793.4
0.000038	0.027675	0.972287	0.986124	793.5
0.000038	0.027655	0.972307	0.986135	793.6
0.000038	0.027634	0.972328	0.986145	793.7
0.000038	0.027614	0.972348	0.986155	793.8
0.000038	0.027593	0.972369	0.986166	793.9
0.000038	0.027573	0.972389	0.986176	794.0
0.000038	0.027552	0.972410	0.986186	794.1
0.000038	0.027532	0.972430	0.986196	794.2
0.000038	0.027512	0.972451	0.986207	794.3
0.000038	0.027491	0.972471	0.986217	794.4
0.000038	0.027471	0.972492	0.986227	794.5
0.000038	0.027450	0.972512	0.986237	794.6
0.000037	0.027430	0.972532	0.986247	794.7
0.000037	0.027410	0.972553	0.986258	794.8
0.000037	0.027389	0.972573	0.986268	794.9
0.000037	0.027369	0.972593	0.986278	795.0
0.000037	0.027349	0.972614	0.986288	795.1
0.000037	0.027329	0.972634	0.986298	795.2
0.000037	0.027309	0.972654	0.986309	795.3
0.000037	0.027288	0.972674	0.986319	795.4
0.000037	0.027268	0.972695	0.986329	795.5
0.000037	0.027248	0.972715	0.986339	795.6
0.000037	0.027228	0.972735	0.986349	795.7
0.000037	0.027208	0.972755	0.986359	795.8
0.000037	0.027188	0.972775	0.986369	795.9
0.000037	0.027168	0.972795	0.986379	796.0
0.000037	0.027147	0.972816	0.986389	796.1
0.000037	0.027127	0.972836	0.986399	796.2
0.000037	0.027107	0.972856	0.986409	796.3
0.000037	0.027087	0.972876	0.986419	796.4
0.000037	0.027067	0.972896	0.986430	796.5
0.000037	0.027047	0.972916	0.986440	796.6
0.000037	0.027028	0.972936	0.986450	796.7
0.000037	0.027008	0.972956	0.986460	796.8
0.000037	0.026988	0.972976	0.986470	796.9
0.000037	0.026968	0.972996	0.986480	797.0
0.000036	0.026948	0.973016	0.986490	797.1
0.000036	0.026928	0.973035	0.986499	797.2
0.000036	0.026908	0.973055	0.986509	797.3
0.000036	0.026889	0.973075	0.986519	797.4
0.000036	0.026869	0.973095	0.986529	797.5
0.000036	0.026849	0.973115	0.986539	797.6
0.000036	0.026829	0.973135	0.986549	797.7
0.000036	0.026809	0.973154	0.986559	797.8
0.000036	0.026790	0.973174	0.986569	797.9
0.000036	0.026770	0.973194	0.986579	798.0
0.000036	0.026750	0.973214	0.986589	798.1
0.000036	0.026731	0.973233	0.986599	798.2
0.000036	0.026711	0.973253	0.986608	798.3
0.000036	0.026691	0.973273	0.986618	798.4
0.000036	0.026672	0.973292	0.986628	798.5
0.000036	0.026652	0.973312	0.986638	798.6
0.000036	0.026633	0.973331	0.986648	798.7
0.000036	0.026613	0.973351	0.986658	798.8
0.000036	0.026594	0.973371	0.986667	798.9
0.000036	0.026574	0.973390	0.986677	799.0
0.000036	0.026555	0.973410	0.986687	799.1
0.000036	0.026535	0.973429	0.986697	799.2
0.000036	0.026516	0.973449	0.986706	799.3
0.000036	0.026496	0.973468	0.986716	799.4
0.000036	0.026477	0.973488	0.986726	799.5
0.000035	0.026458	0.973507	0.986736	799.6
0.000035	0.026438	0.973526	0.986745	799.7
0.000035	0.026419	0.973546	0.986755	799.8
0.000035	0.026400	0.973565	0.986765	799.9
