#x (SS)	#y (QS)	#z (QQ)	#c (HS)	#T (K)
1.000000	0.000000	0.000000	0.000000	0.0
1.000000	0.000000	0.000000	0.000000	0.1
1.000000	0.000000	0.000000	0.000000	0.2
1.000000	0.000000	0.000000	0.000000	0.3
1.000000	0.000000	0.000000	0.000000	0.4
1.000000	0.000000	0.000000	0.000000	0.5
1.000000	0.000000	0.000000	0.000000	0.6
1.000000	0.000000	0.000000	0.000000	0.7
1.000000	0.000000	0.000000	0.000000	0.8
1.000000	0.000000	0.000000	0.000000	0.9
1.000000	0.000000	0.000000	0.000000	1.0
1.000000	0.000000	0.000000	0.000000	1.1
1.000000	0.000000	0.000000	0.000000	1.2
1.000000	0.000000	0.000000	0.000000	1.3
1.000000	0.000000	0.000000	0.000000	1.4
1.000000	0.000000	0.000000	0.000000	1.5
1.000000	0.000000	0.000000	0.000000	1.6
1.000000	0.000000	0.000000	0.000000	1.7
1.000000	0.000000	0.000000	0.000000	1.8
1.000000	0.000000	0.000000	0.000000	1.9
1.000000	0.000000	0.000000	0.000000	2.0
1.000000	0.000000	0.000000	0.000000	2.1
1.000000	0.000000	0.000000	0.000000	2.2
1.000000	0.000000	0.000000	0.000000	2.3
1.000000	0.000000	0.000000	0.000000	2.4
1.000000	0.000000	0.000000	0.000000	2.5
1.000000	0.000000	0.000000	0.000000	2.6
1.000000	0.000000	0.000000	0.000000	2.7
1.000000	0.000000	0.000000	0.000000	2.8
1.000000	0.000000	0.000000	0.000000	2.9
1.000000	0.000000	0.000000	0.000000	3.0
1.000000	0.000000	0.000000	0.000000	3.1
1.000000	0.000000	0.000000	0.000000	3.2
1.000000	0.000000	0.000000	0.000000	3.3
1.000000	0.000000	0.000000	0.000000	3.4
1.000000	0.000000	0.000000	0.000000	3.5
1.000000	0.000000	0.000000	0.000000	3.6
1.000000	0.000000	0.000000	0.000000	3.7
1.000000	0.000000	0.000000	0.000000	3.8
1.000000	0.000000	0.000000	0.000000	3.9
1.000000	0.000000	0.000000	0.000000	4.0
1.000000	0.000000	0.000000	0.000000	4.1
1.000000	0.000000	0.000000	0.000000	4.2
1.000000	0.000000	0.000000	0.000000	4.3
1.000000	0.000000	0.000000	0.000000	4.4
1.000000	0.000000	0.000000	0.000000	4.5
1.000000	0.000000	0.000000	0.000000	4.6
1.000000	0.000000	0.000000	0.000000	4.7
1.000000	0.000000	0.000000	0.000000	4.8
1.000000	0.000000	0.000000	0.000000	4.9
1.000000	0.000000	0.000000	0.000000	5.0
1.000000	0.000000	0.000000	0.000000	5.1
1.000000	0.000000	0.000000	0.000000	5.2
1.000000	0.000000	0.000000	0.000000	5.3
1.000000	0.000000	0.000000	0.000000	5.4
1.000000	0.000000	0.000000	0.000000	5.5
1.000000	0.000000	0.000000	0.000000	5.6
1.000000	0.000000	0.000000	0.000000	5.7
1.000000	0.000000	0.000000	0.000000	5.8
1.000000	0.000000	0.000000	0.000000	5.9
1.000000	0.000000	0.000000	0.000000	6.0
1.000000	0.000000	0.000000	0.000000	6.1
1.000000	0.000000	0.000000	0.000000	6.2
1.000000	0.000000	0.000000	0.000000	6.3
1.000000	0.000000	0.000000	0.000000	6.4
1.000000	0.000000	0.000000	0.000000	6.5
1.000000	0.000000	0.000000	0.000000	6.6
1.000000	0.000000	0.000000	0.000000	6.7
1.000000	0.000000	0.000000	0.000000	6.8
1.000000	0.000000	0.000000	0.000000	6.9
1.000000	0.000000	0.000000	0.000000	7.0
1.000000	0.000000	0.000000	0.000000	7.1
1.000000	0.000000	0.000000	0.000000	7.2
1.000000	0.000000	0.000000	0.000000	7.3
1.000000	0.000000	0.000000	0.000000	7.4
1.000000	0.000000	0.000000	0.000000	7.5
1.000000	0.000000	0.000000	0.000000	7.6
1.000000	0.000000	0.000000	0.000000	7.7
1.000000	0.000000	0.000000	0.000000	7.8
1.000000	0.000000	0.000000	0.000000	7.9
1.000000	0.000000	0.000000	0.000000	8.0
1.000000	0.000000	0.000000	0.000000	8.1
1.000000	0.000000	0.000000	0.000000	8.2
1.000000	0.000000	0.000000	0.000000	8.3
1.000000	0.000000	0.000000	0.000000	8.4
1.000000	0.000000	0.000000	0.000000	8.5
1.000000	0.000000	0.000000	0.000000	8.6
1.000000	0.000000	0.000000	0.000000	8.7
1.000000	0.000000	0.000000	0.000000	8.8
1.000000	0.000000	0.000000	0.000000	8.9
1.000000	0.000000	0.000000	0.000000	9.0
1.000000	0.000000	0.000000	0.000000	9.1
1.000000	0.000000	0.000000	0.000000	9.2
1.000000	0.000000	0.000000	0.000000	9.3
1.000000	0.000000	0.000000	0.000000	9.4
1.000000	0.000000	0.000000	0.000000	9.5
1.000000	0.000000	0.000000	0.000000	9.6
1.000000	0.000000	0.000000	0.000000	9.7
1.000000	0.000000	0.000000	0.000000	9.8
1.000000	0.000000	0.000000	0.000000	9.9
1.000000	0.000000	0.000000	0.000000	10.0
1.000000	0.000000	0.000000	0.000000	10.1
1.000000	0.000000	0.000000	0.000000	10.2
1.000000	0.000000	0.000000	0.000000	10.3
1.000000	0.000000	0.000000	0.000000	10.4
1.000000	0.000000	0.000000	0.000000	10.5
1.000000	0.000000	0.000000	0.000000	10.6
1.000000	0.000000	0.000000	0.000000	10.7
1.000000	0.000000	0.000000	0.000000	10.8
1.000000	0.000000	0.000000	0.000000	10.9
1.000000	0.000000	0.000000	0.000000	11.0
1.000000	0.000000	0.000000	0.000000	11.1
1.000000	0.000000	0.000000	0.000000	11.2
1.000000	0.000000	0.000000	0.000000	11.3
1.000000	0.000000	0.000000	0.000000	11.4
1.000000	0.000000	0.000000	0.000000	11.5
1.000000	0.000000	0.000000	0.000000	11.6
1.000000	0.000000	0.000000	0.000000	11.7
1.000000	0.000000	0.000000	0.000000	11.8
1.000000	0.000000	0.000000	0.000000	11.9
1.000000	0.000000	0.000000	0.000000	12.0
1.000000	0.000000	0.000000	0.000000	12.1
1.000000	0.000000	0.000000	0.000000	12.2
1.000000	0.000000	0.000000	0.000000	12.3
1.000000	0.000000	0.000000	0.000000	12.4
1.000000	0.000000	0.000000	0.000000	12.5
1.000000	0.000000	0.000000	0.000000	12.6
1.000000	0.000000	0.000000	0.000000	12.7
1.000000	0.000000	0.000000	0.000000	12.8
1.000000	0.000000	0.000000	0.000000	12.9
1.000000	0.000000	0.000000	0.000000	13.0
1.000000	0.000000	0.000000	0.000000	13.1
1.000000	0.000000	0.000000	0.000000	13.2
1.000000	0.000000	0.000000	0.000000	13.3
1.000000	0.000000	0.000000	0.000000	13.4
1.000000	0.000000	0.000000	0.000000	13.5
1.000000	0.000000	0.000000	0.000000	13.6
1.000000	0.000000	0.000000	0.000000	13.7
1.000000	0.000000	0.000000	0.000000	13.8
1.000000	0.000000	0.000000	0.000000	13.9
1.000000	0.000000	0.000000	0.000000	14.0
1.000000	0.000000	0.000000	0.000000	14.1
1.000000	0.000000	0.000000	0.000000	14.2
1.000000	0.000000	0.000000	0.000000	14.3
1.000000	0.000000	0.000000	0.000000	14.4
1.000000	0.000000	0.000000	0.000000	14.5
1.000000	0.000000	0.000000	0.000000	14.6
1.000000	0.000000	0.000000	0.000000	14.7
1.000000	0.000000	0.000000	0.000000	14.8
1.000000	0.000000	0.000000	0.000000	14.9
1.000000	0.000000	0.000000	0.000000	15.0
1.000000	0.000000	0.000000	0.000000	15.1
1.000000	0.000000	0.000000	0.000000	15.2
1.000000	0.000000	0.000000	0.000000	15.3
1.000000	0.000000	0.000000	0.000000	15.4
1.000000	0.000000	0.000000	0.000000	15.5
1.000000	0.000000	0.000000	0.000000	15.6
1.000000	0.000000	0.000000	0.000000	15.7
1.000000	0.000000	0.000000	0.000000	15.8
1.000000	0.000000	0.000000	0.000000	15.9
1.000000	0.000000	0.000000	0.000000	16.0
1.000000	0.000000	0.000000	0.000000	16.1
1.000000	0.000000	0.000000	0.000000	16.2
1.000000	0.000000	0.000000	0.000000	16.3
1.000000	0.000000	0.000000	0.000000	16.4
1.000000	0.000000	0.000000	0.000000	16.5
1.000000	0.000000	0.000000	0.000000	16.6
1.000000	0.000000	0.000000	0.000000	16.7
1.000000	0.000000	0.000000	0.000000	16.8
1.000000	0.000000	0.000000	0.000000	16.9
1.000000	0.000000	0.000000	0.000000	17.0
1.000000	0.000000	0.000000	0.000000	17.1
1.000000	0.000000	0.000000	0.000000	17.2
1.000000	0.000000	0.000000	0.000000	17.3
1.000000	0.000000	0.000000	0.000000	17.4
1.000000	0.000000	0.000000	0.000000	17.5
1.000000	0.000000	0.000000	0.000000	17.6
1.000000	0.000000	0.000000	0.000000	17.7
1.000000	0.000000	0.000000	0.000000	17.8
1.000000	0.000000	0.000000	0.000000	17.9
1.000000	0.000000	0.000000	0.000000	18.0
1.000000	0.000000	0.000000	0.000000	18.1
1.000000	0.000000	0.000000	0.000000	18.2
1.000000	0.000000	0.000000	0.000000	18.3
1.000000	0.000000	0.000000	0.000000	18.4
1.000000	0.000000	0.000000	0.000000	18.5
1.000000	0.000000	0.000000	0.000000	18.6
1.000000	0.000000	0.000000	0.000000	18.7
1.000000	0.000000	0.000000	0.000000	18.8
1.000000	0.000000	0.000000	0.000000	18.9
1.000000	0.000000	0.000000	0.000000	19.0
1.000000	0.000000	0.000000	0.000000	19.1
1.000000	0.000000	0.000000	0.000000	19.2
1.000000	0.000000	0.000000	0.000000	19.3
1.000000	0.000000	0.000000	0.000000	19.4
1.000000	0.000000	0.000000	0.000000	19.5
1.000000	0.000000	0.000000	0.000000	19.6
1.000000	0.000000	0.000000	0.000000	19.7
1.000000	0.000000	0.000000	0.000000	19.8
1.000000	0.000000	0.000000	0.000000	19.9
1.000000	0.000000	0.000000	0.000000	20.0
1.000000	0.000000	0.000000	0.000000	20.1
1.000000	0.000000	0.000000	0.000000	20.2
1.000000	0.000000	0.000000	0.000000	20.3
1.000000	0.000000	0.000000	0.000000	20.4
1.000000	0.000000	0.000000	0.000000	20.5
1.000000	0.000000	0.000000	0.000000	20.6
1.000000	0.000000	0.000000	0.000000	20.7
1.000000	0.000000	0.000000	0.000000	20.8
1.000000	0.000000	0.000000	0.000000	20.9
1.000000	0.000000	0.000000	0.000000	21.0
1.000000	0.000000	0.000000	0.000000	21.1
1.000000	0.000000	0.000000	0.000000	21.2
1.000000	0.000000	0.000000	0.000000	21.3
1.000000	0.000000	0.000000	0.000000	21.4
1.000000	0.000000	0.000000	0.000000	21.5
1.000000	0.000000	0.000000	0.000000	21.6
1.000000	0.000000	0.000000	0.000000	21.7
1.000000	0.000000	0.000000	0.000000	21.8
1.000000	0.000000	0.000000	0.000000	21.9
1.000000	0.000000	0.000000	0.000000	22.0
1.000000	0.000000	0.000000	0.000000	22.1
1.000000	0.000000	0.000000	0.000000	22.2
1.000000	0.000000	0.000000	0.000000	22.3
1.000000	0.000000	0.000000	0.000000	22.4
1.000000	0.000000	0.000000	0.000000	22.5
1.000000	0.000000	0.000000	0.000000	22.6
1.000000	0.000000	0.000000	0.000000	22.7
1.000000	0.000000	0.000000	0.000000	22.8
1.000000	0.000000	0.000000	0.000000	22.9
1.000000	0.000000	0.000000	0.000000	23.0
1.000000	0.000000	0.000000	0.000000	23.1
1.000000	0.000000	0.000000	0.000000	23.2
1.000000	0.000000	0.000000	0.000000	23.3
1.000000	0.000000	0.000000	0.000000	23.4
1.000000	0.000000	0.000000	0.000000	23.5
1.000000	0.000000	0.000000	0.000000	23.6
1.000000	0.000000	0.000000	0.000000	23.7
1.000000	0.000000	0.000000	0.000000	23.8
1.000000	0.000000	0.000000	0.000000	23.9
1.000000	0.000000	0.000000	0.000000	24.0
1.000000	0.000000	0.000000	0.000000	24.1
1.000000	0.000000	0.000000	0.000000	24.2
1.000000	0.000000	0.000000	0.000000	24.3
1.000000	0.000000	0.000000	0.000000	24.4
1.000000	0.000000	0.000000	0.000000	24.5
1.000000	0.000000	0.000000	0.000000	24.6
1.000000	0.000000	0.000000	0.000000	24.7
1.000000	0.000000	0.000000	0.000000	24.8
1.000000	0.000000	0.000000	0.000000	24.9
1.000000	0.000000	0.000000	0.000000	25.0
1.000000	0.000000	0.000000	0.000000	25.1
1.000000	0.000000	0.000000	0.000000	25.2
1.000000	0.000000	0.000000	0.000000	25.3
1.000000	0.000000	0.000000	0.000000	25.4
1.000000	0.000000	0.000000	0.000000	25.5
1.000000	0.000000	0.000000	0.000000	25.6
1.000000	0.000000	0.000000	0.000000	25.7
1.000000	0.000000	0.000000	0.000000	25.8
1.000000	0.000000	0.000000	0.000000	25.9
1.000000	0.000000	0.000000	0.000000	26.0
1.000000	0.000000	0.000000	0.000000	26.1
1.000000	0.000000	0.000000	0.000000	26.2
1.000000	0.000000	0.000000	0.000000	26.3
1.000000	0.000000	0.000000	0.000000	26.4
1.000000	0.000000	0.000000	0.000000	26.5
1.000000	0.000000	0.000000	0.000000	26.6
1.000000	0.000000	0.000000	0.000000	26.7
1.000000	0.000000	0.000000	0.000000	26.8
1.000000	0.000000	0.000000	0.000000	26.9
1.000000	0.000000	0.000000	0.000000	27.0
1.000000	0.000000	0.000000	0.000000	27.1
1.000000	0.000000	0.000000	0.000000	27.2
1.000000	0.000000	0.000000	0.000000	27.3
1.000000	0.000000	0.000000	0.000000	27.4
1.000000	0.000000	0.000000	0.000000	27.5
1.000000	0.000000	0.000000	0.000000	27.6
1.000000	0.000000	0.000000	0.000000	27.7
1.000000	0.000000	0.000000	0.000000	27.8
1.000000	0.000000	0.000000	0.000000	27.9
1.000000	0.000000	0.000000	0.000000	28.0
1.000000	0.000000	0.000000	0.000000	28.1
1.000000	0.000000	0.000000	0.000000	28.2
1.000000	0.000000	0.000000	0.000000	28.3
1.000000	0.000000	0.000000	0.000000	28.4
1.000000	0.000000	0.000000	0.000000	28.5
1.000000	0.000000	0.000000	0.000000	28.6
1.000000	0.000000	0.000000	0.000000	28.7
1.000000	0.000000	0.000000	0.000000	28.8
1.000000	0.000000	0.000000	0.000000	28.9
1.000000	0.000000	0.000000	0.000000	29.0
1.000000	0.000000	0.000000	0.000000	29.1
1.000000	0.000000	0.000000	0.000000	29.2
1.000000	0.000000	0.000000	0.000000	29.3
1.000000	0.000000	0.000000	0.000000	29.4
1.000000	0.000000	0.000000	0.000000	29.5
1.000000	0.000000	0.000000	0.000000	29.6
1.000000	0.000000	0.000000	0.000000	29.7
1.000000	0.000000	0.000000	0.000000	29.8
1.000000	0.000000	0.000000	0.000000	29.9
1.000000	0.000000	0.000000	0.000000	30.0
1.000000	0.000000	0.000000	0.000000	30.1
1.000000	0.000000	0.000000	0.000000	30.2
1.000000	0.000000	0.000000	0.000000	30.3
1.000000	0.000000	0.000000	0.000000	30.4
1.000000	0.000000	0.000000	0.000000	30.5
1.000000	0.000000	0.000000	0.000000	30.6
1.000000	0.000000	0.000000	0.000000	30.7
1.000000	0.000000	0.000000	0.000000	30.8
1.000000	0.000000	0.000000	0.000000	30.9
1.000000	0.000000	0.000000	0.000000	31.0
1.000000	0.000000	0.000000	0.000000	31.1
1.000000	0.000000	0.000000	0.000000	31.2
1.000000	0.000000	0.000000	0.000000	31.3
1.000000	0.000000	0.000000	0.000000	31.4
1.000000	0.000000	0.000000	0.000000	31.5
1.000000	0.000000	0.000000	0.000000	31.6
1.000000	0.000000	0.000000	0.000000	31.7
1.000000	0.000000	0.000000	0.000000	31.8
1.000000	0.000000	0.000000	0.000000	31.9
1.000000	0.000000	0.000000	0.000000	32.0
1.000000	0.000000	0.000000	0.000000	32.1
1.000000	0.000000	0.000000	0.000000	32.2
1.000000	0.000000	0.000000	0.000000	32.3
1.000000	0.000000	0.000000	0.000000	32.4
1.000000	0.000000	0.000000	0.000000	32.5
1.000000	0.000000	0.000000	0.000000	32.6
1.000000	0.000000	0.000000	0.000000	32.7
1.000000	0.000000	0.000000	0.000000	32.8
1.000000	0.000000	0.000000	0.000000	32.9
1.000000	0.000000	0.000000	0.000000	33.0
1.000000	0.000000	0.000000	0.000000	33.1
1.000000	0.000000	0.000000	0.000000	33.2
1.000000	0.000000	0.000000	0.000000	33.3
1.000000	0.000000	0.000000	0.000000	33.4
1.000000	0.000000	0.000000	0.000000	33.5
1.000000	0.000000	0.000000	0.000000	33.6
1.000000	0.000000	0.000000	0.000000	33.7
1.000000	0.000000	0.000000	0.000000	33.8
1.000000	0.000000	0.000000	0.000000	33.9
1.000000	0.000000	0.000000	0.000000	34.0
1.000000	0.000000	0.000000	0.000000	34.1
1.000000	0.000000	0.000000	0.000000	34.2
1.000000	0.000000	0.000000	0.000000	34.3
1.000000	0.000000	0.000000	0.000000	34.4
1.000000	0.000000	0.000000	0.000000	34.5
1.000000	0.000000	0.000000	0.000000	34.6
1.000000	0.000000	0.000000	0.000000	34.7
1.000000	0.000000	0.000000	0.000000	34.8
1.000000	0.000000	0.000000	0.000000	34.9
1.000000	0.000000	0.000000	0.000000	35.0
1.000000	0.000000	0.000000	0.000000	35.1
1.000000	0.000000	0.000000	0.000000	35.2
1.000000	0.000000	0.000000	0.000000	35.3
1.000000	0.000000	0.000000	0.000000	35.4
1.000000	0.000000	0.000000	0.000000	35.5
1.000000	0.000000	0.000000	0.000000	35.6
1.000000	0.000000	0.000000	0.000000	35.7
1.000000	0.000000	0.000000	0.000000	35.8
1.000000	0.000000	0.000000	0.000000	35.9
1.000000	0.000000	0.000000	0.000000	36.0
1.000000	0.000000	0.000000	0.000000	36.1
1.000000	0.000000	0.000000	0.000000	36.2
1.000000	0.000000	0.000000	0.000000	36.3
1.000000	0.000000	0.000000	0.000000	36.4
1.000000	0.000000	0.000000	0.000000	36.5
1.000000	0.000000	0.000000	0.000000	36.6
1.000000	0.000000	0.000000	0.000000	36.7
1.000000	0.000000	0.000000	0.000000	36.8
1.000000	0.000000	0.000000	0.000000	36.9
1.000000	0.000000	0.000000	0.000000	37.0
1.000000	0.000000	0.000000	0.000000	37.1
1.000000	0.000000	0.000000	0.000000	37.2
1.000000	0.000000	0.000000	0.000000	37.3
1.000000	0.000000	0.000000	0.000000	37.4
1.000000	0.000000	0.000000	0.000000	37.5
1.000000	0.000000	0.000000	0.000000	37.6
1.000000	0.000000	0.000000	0.000000	37.7
1.000000	0.000000	0.000000	0.000000	37.8
1.000000	0.000000	0.000000	0.000000	37.9
1.000000	0.000000	0.000000	0.000000	38.0
1.000000	0.000000	0.000000	0.000000	38.1
1.000000	0.000000	0.000000	0.000000	38.2
1.000000	0.000000	0.000000	0.000000	38.3
1.000000	0.000000	0.000000	0.000000	38.4
1.000000	0.000000	0.000000	0.000000	38.5
1.000000	0.000000	0.000000	0.000000	38.6
1.000000	0.000000	0.000000	0.000000	38.7
1.000000	0.000000	0.000000	0.000000	38.8
1.000000	0.000000	0.000000	0.000000	38.9
1.000000	0.000000	0.000000	0.000000	39.0
1.000000	0.000000	0.000000	0.000000	39.1
1.000000	0.000000	0.000000	0.000000	39.2
1.000000	0.000000	0.000000	0.000000	39.3
1.000000	0.000000	0.000000	0.000000	39.4
1.000000	0.000000	0.000000	0.000000	39.5
1.000000	0.000000	0.000000	0.000000	39.6
1.000000	0.000000	0.000000	0.000000	39.7
1.000000	0.000000	0.000000	0.000000	39.8
1.000000	0.000000	0.000000	0.000000	39.9
1.000000	0.000000	0.000000	0.000000	40.0
1.000000	0.000000	0.000000	0.000000	40.1
1.000000	0.000000	0.000000	0.000000	40.2
1.000000	0.000000	0.000000	0.000000	40.3
1.000000	0.000000	0.000000	0.000000	40.4
1.000000	0.000000	0.000000	0.000000	40.5
1.000000	0.000000	0.000000	0.000000	40.6
1.000000	0.000000	0.000000	0.000000	40.7
1.000000	0.000000	0.000000	0.000000	40.8
1.000000	0.000000	0.000000	0.000000	40.9
1.000000	0.000000	0.000000	0.000000	41.0
1.000000	0.000000	0.000000	0.000000	41.1
1.000000	0.000000	0.000000	0.000000	41.2
1.000000	0.000000	0.000000	0.000000	41.3
1.000000	0.000000	0.000000	0.000000	41.4
1.000000	0.000000	0.000000	0.000000	41.5
1.000000	0.000000	0.000000	0.000000	41.6
1.000000	0.000000	0.000000	0.000000	41.7
1.000000	0.000000	0.000000	0.000000	41.8
1.000000	0.000000	0.000000	0.000000	41.9
1.000000	0.000000	0.000000	0.000000	42.0
1.000000	0.000000	0.000000	0.000000	42.1
1.000000	0.000000	0.000000	0.000000	42.2
1.000000	0.000000	0.000000	0.000000	42.3
1.000000	0.000000	0.000000	0.000000	42.4
1.000000	0.000000	0.000000	0.000000	42.5
1.000000	0.000000	0.000000	0.000000	42.6
1.000000	0.000000	0.000000	0.000000	42.7
1.000000	0.000000	0.000000	0.000000	42.8
1.000000	0.000000	0.000000	0.000000	42.9
1.000000	0.000000	0.000000	0.000000	43.0
1.000000	0.000000	0.000000	0.000000	43.1
1.000000	0.000000	0.000000	0.000000	43.2
1.000000	0.000000	0.000000	0.000000	43.3
1.000000	0.000000	0.000000	0.000000	43.4
1.000000	0.000000	0.000000	0.000000	43.5
1.000000	0.000000	0.000000	0.000000	43.6
1.000000	0.000000	0.000000	0.000000	43.7
1.000000	0.000000	0.000000	0.000000	43.8
1.000000	0.000000	0.000000	0.000000	43.9
1.000000	0.000000	0.000000	0.000000	44.0
1.000000	0.000000	0.000000	0.000000	44.1
1.000000	0.000000	0.000000	0.000000	44.2
1.000000	0.000000	0.000000	0.000000	44.3
1.000000	0.000000	0.000000	0.000000	44.4
1.000000	0.000000	0.000000	0.000000	44.5
1.000000	0.000000	0.000000	0.000000	44.6
1.000000	0.000000	0.000000	0.000000	44.7
1.000000	0.000000	0.000000	0.000000	44.8
1.000000	0.000000	0.000000	0.000000	44.9
1.000000	0.000000	0.000000	0.000000	45.0
1.000000	0.000000	0.000000	0.000000	45.1
1.000000	0.000000	0.000000	0.000000	45.2
1.000000	0.000000	0.000000	0.000000	45.3
1.000000	0.000000	0.000000	0.000000	45.4
1.000000	0.000000	0.000000	0.000000	45.5
1.000000	0.000000	0.000000	0.000000	45.6
1.000000	0.000000	0.000000	0.000000	45.7
1.000000	0.000000	0.000000	0.000000	45.8
1.000000	0.000000	0.000000	0.000000	45.9
1.000000	0.000000	0.000000	0.000000	46.0
1.000000	0.000000	0.000000	0.000000	46.1
1.000000	0.000000	0.000000	0.000000	46.2
1.000000	0.000000	0.000000	0.000000	46.3
1.000000	0.000000	0.000000	0.000000	46.4
1.000000	0.000000	0.000000	0.000000	46.5
1.000000	0.000000	0.000000	0.000000	46.6
1.000000	0.000000	0.000000	0.000000	46.7
1.000000	0.000000	0.000000	0.000000	46.8
1.000000	0.000000	0.000000	0.000000	46.9
1.000000	0.000000	0.000000	0.000000	47.0
1.000000	0.000000	0.000000	0.000000	47.1
1.000000	0.000000	0.000000	0.000000	47.2
1.000000	0.000000	0.000000	0.000000	47.3
1.000000	0.000000	0.000000	0.000000	47.4
1.000000	0.000000	0.000000	0.000000	47.5
1.000000	0.000000	0.000000	0.000000	47.6
1.000000	0.000000	0.000000	0.000000	47.7
1.000000	0.000000	0.000000	0.000000	47.8
1.000000	0.000000	0.000000	0.000000	47.9
1.000000	0.000000	0.000000	0.000000	48.0
1.000000	0.000000	0.000000	0.000000	48.1
1.000000	0.000000	0.000000	0.000000	48.2
1.000000	0.000000	0.000000	0.000000	48.3
1.000000	0.000000	0.000000	0.000000	48.4
1.000000	0.000000	0.000000	0.000000	48.5
1.000000	0.000000	0.000000	0.000000	48.6
1.000000	0.000000	0.000000	0.000000	48.7
1.000000	0.000000	0.000000	0.000000	48.8
1.000000	0.000000	0.000000	0.000000	48.9
1.000000	0.000000	0.000000	0.000000	49.0
1.000000	0.000000	0.000000	0.000000	49.1
1.000000	0.000000	0.000000	0.000000	49.2
1.000000	0.000000	0.000000	0.000000	49.3
1.000000	0.000000	0.000000	0.000000	49.4
1.000000	0.000000	0.000000	0.000000	49.5
1.000000	0.000000	0.000000	0.000000	49.6
1.000000	0.000000	0.000000	0.000000	49.7
1.000000	0.000000	0.000000	0.000000	49.8
1.000000	0.000000	0.000000	0.000000	49.9
1.000000	0.000000	0.000000	0.000000	50.0
1.000000	0.000000	0.000000	0.000000	50.1
1.000000	0.000000	0.000000	0.000000	50.2
1.000000	0.000000	0.000000	0.000000	50.3
1.000000	0.000000	0.000000	0.000000	50.4
1.000000	0.000000	0.000000	0.000000	50.5
1.000000	0.000000	0.000000	0.000000	50.6
1.000000	0.000000	0.000000	0.000000	50.7
1.000000	0.000000	0.000000	0.000000	50.8
1.000000	0.000000	0.000000	0.000000	50.9
1.000000	0.000000	0.000000	0.000000	51.0
1.000000	0.000000	0.000000	0.000000	51.1
1.000000	0.000000	0.000000	0.000000	51.2
1.000000	0.000000	0.000000	0.000000	51.3
1.000000	0.000000	0.000000	0.000000	51.4
1.000000	0.000000	0.000000	0.000000	51.5
1.000000	0.000000	0.000000	0.000000	51.6
1.000000	0.000000	0.000000	0.000000	51.7
1.000000	0.000000	0.000000	0.000000	51.8
1.000000	0.000000	0.000000	0.000000	51.9
1.000000	0.000000	0.000000	0.000000	52.0
1.000000	0.000000	0.000000	0.000000	52.1
1.000000	0.000000	0.000000	0.000000	52.2
1.000000	0.000000	0.000000	0.000000	52.3
1.000000	0.000000	0.000000	0.000000	52.4
1.000000	0.000000	0.000000	0.000000	52.5
1.000000	0.000000	0.000000	0.000000	52.6
1.000000	0.000000	0.000000	0.000000	52.7
1.000000	0.000000	0.000000	0.000000	52.8
1.000000	0.000000	0.000000	0.000000	52.9
1.000000	0.000000	0.000000	0.000000	53.0
1.000000	0.000000	0.000000	0.000000	53.1
1.000000	0.000000	0.000000	0.000000	53.2
1.000000	0.000000	0.000000	0.000000	53.3
1.000000	0.000000	0.000000	0.000000	53.4
1.000000	0.000000	0.000000	0.000000	53.5
1.000000	0.000000	0.000000	0.000000	53.6
1.000000	0.000000	0.000000	0.000000	53.7
1.000000	0.000000	0.000000	0.000000	53.8
1.000000	0.000000	0.000000	0.000000	53.9
1.000000	0.000000	0.000000	0.000000	54.0
1.000000	0.000000	0.000000	0.000000	54.1
1.000000	0.000000	0.000000	0.000000	54.2
1.000000	0.000000	0.000000	0.000000	54.3
1.000000	0.000000	0.000000	0.000000	54.4
1.000000	0.000000	0.000000	0.000000	54.5
1.000000	0.000000	0.000000	0.000000	54.6
1.000000	0.000000	0.000000	0.000000	54.7
1.000000	0.000000	0.000000	0.000000	54.8
1.000000	0.000000	0.000000	0.000000	54.9
1.000000	0.000000	0.000000	0.000000	55.0
1.000000	0.000000	0.000000	0.000000	55.1
1.000000	0.000000	0.000000	0.000000	55.2
1.000000	0.000000	0.000000	0.000000	55.3
1.000000	0.000000	0.000000	0.000000	55.4
1.000000	0.000000	0.000000	0.000000	55.5
1.000000	0.000000	0.000000	0.000000	55.6
1.000000	0.000000	0.000000	0.000000	55.7
1.000000	0.000000	0.000000	0.000000	55.8
1.000000	0.000000	0.000000	0.000000	55.9
1.000000	0.000000	0.000000	0.000000	56.0
1.000000	0.000000	0.000000	0.000000	56.1
1.000000	0.000000	0.000000	0.000000	56.2
1.000000	0.000000	0.000000	0.000000	56.3
1.000000	0.000000	0.000000	0.000000	56.4
1.000000	0.000000	0.000000	0.000000	56.5
1.000000	0.000000	0.000000	0.000000	56.6
1.000000	0.000000	0.000000	0.000000	56.7
1.000000	0.000000	0.000000	0.000000	56.8
1.000000	0.000000	0.000000	0.000000	56.9
1.000000	0.000000	0.000000	0.000000	57.0
1.000000	0.000000	0.000000	0.000000	57.1
1.000000	0.000000	0.000000	0.000000	57.2
1.000000	0.000000	0.000000	0.000000	57.3
1.000000	0.000000	0.000000	0.000000	57.4
1.000000	0.000000	0.000000	0.000000	57.5
1.000000	0.000000	0.000000	0.000000	57.6
1.000000	0.000000	0.000000	0.000000	57.7
1.000000	0.000000	0.000000	0.000000	57.8
1.000000	0.000000	0.000000	0.000000	57.9
1.000000	0.000000	0.000000	0.000000	58.0
1.000000	0.000000	0.000000	0.000000	58.1
1.000000	0.000000	0.000000	0.000000	58.2
1.000000	0.000000	0.000000	0.000000	58.3
1.000000	0.000000	0.000000	0.000000	58.4
1.000000	0.000000	0.000000	0.000000	58.5
1.000000	0.000000	0.000000	0.000000	58.6
1.000000	0.000000	0.000000	0.000000	58.7
1.000000	0.000000	0.000000	0.000000	58.8
1.000000	0.000000	0.000000	0.000000	58.9
1.000000	0.000000	0.000000	0.000000	59.0
1.000000	0.000000	0.000000	0.000000	59.1
1.000000	0.000000	0.000000	0.000000	59.2
1.000000	0.000000	0.000000	0.000000	59.3
1.000000	0.000000	0.000000	0.000000	59.4
1.000000	0.000000	0.000000	0.000000	59.5
1.000000	0.000000	0.000000	0.000000	59.6
1.000000	0.000000	0.000000	0.000000	59.7
1.000000	0.000000	0.000000	0.000000	59.8
1.000000	0.000000	0.000000	0.000000	59.9
1.000000	0.000000	0.000000	0.000000	60.0
1.000000	0.000000	0.000000	0.000000	60.1
1.000000	0.000000	0.000000	0.000000	60.2
1.000000	0.000000	0.000000	0.000000	60.3
1.000000	0.000000	0.000000	0.000000	60.4
1.000000	0.000000	0.000000	0.000000	60.5
1.000000	0.000000	0.000000	0.000000	60.6
1.000000	0.000000	0.000000	0.000000	60.7
1.000000	0.000000	0.000000	0.000000	60.8
1.000000	0.000000	0.000000	0.000000	60.9
1.000000	0.000000	0.000000	0.000000	61.0
1.000000	0.000000	0.000000	0.000000	61.1
1.000000	0.000000	0.000000	0.000000	61.2
1.000000	0.000000	0.000000	0.000000	61.3
1.000000	0.000000	0.000000	0.000000	61.4
1.000000	0.000000	0.000000	0.000000	61.5
1.000000	0.000000	0.000000	0.000000	61.6
1.000000	0.000000	0.000000	0.000000	61.7
1.000000	0.000000	0.000000	0.000000	61.8
1.000000	0.000000	0.000000	0.000000	61.9
1.000000	0.000000	0.000000	0.000000	62.0
1.000000	0.000000	0.000000	0.000000	62.1
1.000000	0.000000	0.000000	0.000000	62.2
1.000000	0.000000	0.000000	0.000000	62.3
1.000000	0.000000	0.000000	0.000000	62.4
1.000000	0.000000	0.000000	0.000000	62.5
1.000000	0.000000	0.000000	0.000000	62.6
1.000000	0.000000	0.000000	0.000000	62.7
1.000000	0.000000	0.000000	0.000000	62.8
1.000000	0.000000	0.000000	0.000000	62.9
1.000000	0.000000	0.000000	0.000000	63.0
1.000000	0.000000	0.000000	0.000000	63.1
1.000000	0.000000	0.000000	0.000000	63.2
1.000000	0.000000	0.000000	0.000000	63.3
1.000000	0.000000	0.000000	0.000000	63.4
1.000000	0.000000	0.000000	0.000000	63.5
1.000000	0.000000	0.000000	0.000000	63.6
1.000000	0.000000	0.000000	0.000000	63.7
1.000000	0.000000	0.000000	0.000000	63.8
1.000000	0.000000	0.000000	0.000000	63.9
1.000000	0.000000	0.000000	0.000000	64.0
1.000000	0.000000	0.000000	0.000000	64.1
1.000000	0.000000	0.000000	0.000000	64.2
1.000000	0.000000	0.000000	0.000000	64.3
1.000000	0.000000	0.000000	0.000000	64.4
1.000000	0.000000	0.000000	0.000000	64.5
1.000000	0.000000	0.000000	0.000000	64.6
1.000000	0.000000	0.000000	0.000000	64.7
1.000000	0.000000	0.000000	0.000000	64.8
1.000000	0.000000	0.000000	0.000000	64.9
1.000000	0.000000	0.000000	0.000000	65.0
1.000000	0.000000	0.000000	0.000000	65.1
1.000000	0.000000	0.000000	0.000000	65.2
1.000000	0.000000	0.000000	0.000000	65.3
1.000000	0.000000	0.000000	0.000000	65.4
1.000000	0.000000	0.000000	0.000000	65.5
1.000000	0.000000	0.000000	0.000000	65.6
1.000000	0.000000	0.000000	0.000000	65.7
1.000000	0.000000	0.000000	0.000000	65.8
1.000000	0.000000	0.000000	0.000000	65.9
1.000000	0.000000	0.000000	0.000000	66.0
1.000000	0.000000	0.000000	0.000000	66.1
1.000000	0.000000	0.000000	0.000000	66.2
1.000000	0.000000	0.000000	0.000000	66.3
1.000000	0.000000	0.000000	0.000000	66.4
1.000000	0.000000	0.000000	0.000000	66.5
1.000000	0.000000	0.000000	0.000000	66.6
1.000000	0.000000	0.000000	0.000000	66.7
1.000000	0.000000	0.000000	0.000000	66.8
1.000000	0.000000	0.000000	0.000000	66.9
1.000000	0.000000	0.000000	0.000000	67.0
1.000000	0.000000	0.000000	0.000000	67.1
1.000000	0.000000	0.000000	0.000000	67.2
1.000000	0.000000	0.000000	0.000000	67.3
1.000000	0.000000	0.000000	0.000000	67.4
1.000000	0.000000	0.000000	0.000000	67.5
1.000000	0.000000	0.000000	0.000000	67.6
1.000000	0.000000	0.000000	0.000000	67.7
1.000000	0.000000	0.000000	0.000000	67.8
1.000000	0.000000	0.000000	0.000000	67.9
1.000000	0.000000	0.000000	0.000000	68.0
1.000000	0.000000	0.000000	0.000000	68.1
1.000000	0.000000	0.000000	0.000000	68.2
1.000000	0.000000	0.000000	0.000000	68.3
1.000000	0.000000	0.000000	0.000000	68.4
1.000000	0.000000	0.000000	0.000000	68.5
1.000000	0.000000	0.000000	0.000000	68.6
1.000000	0.000000	0.000000	0.000000	68.7
1.000000	0.000000	0.000000	0.000000	68.8
1.000000	0.000000	0.000000	0.000000	68.9
1.000000	0.000000	0.000000	0.000000	69.0
1.000000	0.000000	0.000000	0.000000	69.1
1.000000	0.000000	0.000000	0.000000	69.2
1.000000	0.000000	0.000000	0.000000	69.3
1.000000	0.000000	0.000000	0.000000	69.4
1.000000	0.000000	0.000000	0.000000	69.5
1.000000	0.000000	0.000000	0.000000	69.6
1.000000	0.000000	0.000000	0.000000	69.7
1.000000	0.000000	0.000000	0.000000	69.8
1.000000	0.000000	0.000000	0.000000	69.9
1.000000	0.000000	0.000000	0.000000	70.0
1.000000	0.000000	0.000000	0.000000	70.1
1.000000	0.000000	0.000000	0.000000	70.2
1.000000	0.000000	0.000000	0.000000	70.3
1.000000	0.000000	0.000000	0.000000	70.4
1.000000	0.000000	0.000000	0.000000	70.5
1.000000	0.000000	0.000000	0.000000	70.6
1.000000	0.000000	0.000000	0.000000	70.7
1.000000	0.000000	0.000000	0.000000	70.8
1.000000	0.000000	0.000000	0.000000	70.9
1.000000	0.000000	0.000000	0.000000	71.0
1.000000	0.000000	0.000000	0.000000	71.1
1.000000	0.000000	0.000000	0.000000	71.2
1.000000	0.000000	0.000000	0.000000	71.3
1.000000	0.000000	0.000000	0.000000	71.4
1.000000	0.000000	0.000000	0.000000	71.5
1.000000	0.000000	0.000000	0.000000	71.6
1.000000	0.000000	0.000000	0.000000	71.7
1.000000	0.000000	0.000000	0.000000	71.8
1.000000	0.000000	0.000000	0.000000	71.9
1.000000	0.000000	0.000000	0.000000	72.0
1.000000	0.000000	0.000000	0.000000	72.1
1.000000	0.000000	0.000000	0.000000	72.2
1.000000	0.000000	0.000000	0.000000	72.3
1.000000	0.000000	0.000000	0.000000	72.4
1.000000	0.000000	0.000000	0.000000	72.5
1.000000	0.000000	0.000000	0.000000	72.6
1.000000	0.000000	0.000000	0.000000	72.7
1.000000	0.000000	0.000000	0.000000	72.8
1.000000	0.000000	0.000000	0.000000	72.9
1.000000	0.000000	0.000000	0.000000	73.0
1.000000	0.000000	0.000000	0.000000	73.1
1.000000	0.000000	0.000000	0.000000	73.2
1.000000	0.000000	0.000000	0.000000	73.3
1.000000	0.000000	0.000000	0.000000	73.4
1.000000	0.000000	0.000000	0.000000	73.5
1.000000	0.000000	0.000000	0.000000	73.6
1.000000	0.000000	0.000000	0.000000	73.7
1.000000	0.000000	0.000000	0.000000	73.8
1.000000	0.000000	0.000000	0.000000	73.9
1.000000	0.000000	0.000000	0.000000	74.0
1.000000	0.000000	0.000000	0.000000	74.1
1.000000	0.000000	0.000000	0.000000	74.2
1.000000	0.000000	0.000000	0.000000	74.3
1.000000	0.000000	0.000000	0.000000	74.4
1.000000	0.000000	0.000000	0.000000	74.5
1.000000	0.000000	0.000000	0.000000	74.6
1.000000	0.000000	0.000000	0.000000	74.7
1.000000	0.000000	0.000000	0.000000	74.8
1.000000	0.000000	0.000000	0.000000	74.9
1.000000	0.000000	0.000000	0.000000	75.0
1.000000	0.000000	0.000000	0.000000	75.1
1.000000	0.000000	0.000000	0.000000	75.2
1.000000	0.000000	0.000000	0.000000	75.3
1.000000	0.000000	0.000000	0.000000	75.4
1.000000	0.000000	0.000000	0.000000	75.5
1.000000	0.000000	0.000000	0.000000	75.6
1.000000	0.000000	0.000000	0.000000	75.7
1.000000	0.000000	0.000000	0.000000	75.8
1.000000	0.000000	0.000000	0.000000	75.9
1.000000	0.000000	0.000000	0.000000	76.0
1.000000	0.000000	0.000000	0.000000	76.1
1.000000	0.000000	0.000000	0.000000	76.2
1.000000	0.000000	0.000000	0.000000	76.3
1.000000	0.000000	0.000000	0.000000	76.4
1.000000	0.000000	0.000000	0.000000	76.5
1.000000	0.000000	0.000000	0.000000	76.6
1.000000	0.000000	0.000000	0.000000	76.7
1.000000	0.000000	0.000000	0.000000	76.8
1.000000	0.000000	0.000000	0.000000	76.9
1.000000	0.000000	0.000000	0.000000	77.0
1.000000	0.000000	0.000000	0.000000	77.1
1.000000	0.000000	0.000000	0.000000	77.2
1.000000	0.000000	0.000000	0.000000	77.3
1.000000	0.000000	0.000000	0.000000	77.4
1.000000	0.000000	0.000000	0.000000	77.5
1.000000	0.000000	0.000000	0.000000	77.6
1.000000	0.000000	0.000000	0.000000	77.7
1.000000	0.000000	0.000000	0.000000	77.8
1.000000	0.000000	0.000000	0.000000	77.9
1.000000	0.000000	0.000000	0.000000	78.0
1.000000	0.000000	0.000000	0.000000	78.1
1.000000	0.000000	0.000000	0.000000	78.2
1.000000	0.000000	0.000000	0.000000	78.3
1.000000	0.000000	0.000000	0.000000	78.4
1.000000	0.000000	0.000000	0.000000	78.5
1.000000	0.000000	0.000000	0.000000	78.6
1.000000	0.000000	0.000000	0.000000	78.7
1.000000	0.000000	0.000000	0.000000	78.8
1.000000	0.000000	0.000000	0.000000	78.9
1.000000	0.000000	0.000000	0.000000	79.0
1.000000	0.000000	0.000000	0.000000	79.1
1.000000	0.000000	0.000000	0.000000	79.2
1.000000	0.000000	0.000000	0.000000	79.3
1.000000	0.000000	0.000000	0.000000	79.4
1.000000	0.000000	0.000000	0.000000	79.5
1.000000	0.000000	0.000000	0.000000	79.6
1.000000	0.000000	0.000000	0.000000	79.7
1.000000	0.000000	0.000000	0.000000	79.8
1.000000	0.000000	0.000000	0.000000	79.9
1.000000	0.000000	0.000000	0.000000	80.0
1.000000	0.000000	0.000000	0.000000	80.1
1.000000	0.000000	0.000000	0.000000	80.2
1.000000	0.000000	0.000000	0.000000	80.3
1.000000	0.000000	0.000000	0.000000	80.4
1.000000	0.000000	0.000000	0.000000	80.5
1.000000	0.000000	0.000000	0.000000	80.6
1.000000	0.000000	0.000000	0.000000	80.7
1.000000	0.000000	0.000000	0.000000	80.8
1.000000	0.000000	0.000000	0.000000	80.9
1.000000	0.000000	0.000000	0.000000	81.0
1.000000	0.000000	0.000000	0.000000	81.1
1.000000	0.000000	0.000000	0.000000	81.2
1.000000	0.000000	0.000000	0.000000	81.3
1.000000	0.000000	0.000000	0.000000	81.4
1.000000	0.000000	0.000000	0.000000	81.5
1.000000	0.000000	0.000000	0.000000	81.6
1.000000	0.000000	0.000000	0.000000	81.7
1.000000	0.000000	0.000000	0.000000	81.8
1.000000	0.000000	0.000000	0.000000	81.9
1.000000	0.000000	0.000000	0.000000	82.0
1.000000	0.000000	0.000000	0.000000	82.1
1.000000	0.000000	0.000000	0.000000	82.2
1.000000	0.000000	0.000000	0.000000	82.3
1.000000	0.000000	0.000000	0.000000	82.4
1.000000	0.000000	0.000000	0.000000	82.5
1.000000	0.000000	0.000000	0.000000	82.6
1.000000	0.000000	0.000000	0.000000	82.7
1.000000	0.000000	0.000000	0.000000	82.8
1.000000	0.000000	0.000000	0.000000	82.9
1.000000	0.000000	0.000000	0.000000	83.0
1.000000	0.000000	0.000000	0.000000	83.1
1.000000	0.000000	0.000000	0.000000	83.2
1.000000	0.000000	0.000000	0.000000	83.3
1.000000	0.000000	0.000000	0.000000	83.4
1.000000	0.000000	0.000000	0.000000	83.5
1.000000	0.000000	0.000000	0.000000	83.6
1.000000	0.000000	0.000000	0.000000	83.7
1.000000	0.000000	0.000000	0.000000	83.8
1.000000	0.000000	0.000000	0.000000	83.9
1.000000	0.000000	0.000000	0.000000	84.0
1.000000	0.000000	0.000000	0.000000	84.1
1.000000	0.000000	0.000000	0.000000	84.2
1.000000	0.000000	0.000000	0.000000	84.3
1.000000	0.000000	0.000000	0.000000	84.4
1.000000	0.000000	0.000000	0.000000	84.5
1.000000	0.000000	0.000000	0.000000	84.6
1.000000	0.000000	0.000000	0.000000	84.7
1.000000	0.000000	0.000000	0.000000	84.8
1.000000	0.000000	0.000000	0.000000	84.9
1.000000	0.000000	0.000000	0.000000	85.0
1.000000	0.000000	0.000000	0.000000	85.1
1.000000	0.000000	0.000000	0.000000	85.2
1.000000	0.000000	0.000000	0.000000	85.3
1.000000	0.000000	0.000000	0.000000	85.4
1.000000	0.000000	0.000000	0.000000	85.5
1.000000	0.000000	0.000000	0.000000	85.6
1.000000	0.000000	0.000000	0.000000	85.7
1.000000	0.000000	0.000000	0.000000	85.8
1.000000	0.000000	0.000000	0.000000	85.9
1.000000	0.000000	0.000000	0.000000	86.0
1.000000	0.000000	0.000000	0.000000	86.1
1.000000	0.000000	0.000000	0.000000	86.2
1.000000	0.000000	0.000000	0.000000	86.3
1.000000	0.000000	0.000000	0.000000	86.4
1.000000	0.000000	0.000000	0.000000	86.5
1.000000	0.000000	0.000000	0.000000	86.6
1.000000	0.000000	0.000000	0.000000	86.7
1.000000	0.000000	0.000000	0.000000	86.8
1.000000	0.000000	0.000000	0.000000	86.9
1.000000	0.000000	0.000000	0.000000	87.0
1.000000	0.000000	0.000000	0.000000	87.1
1.000000	0.000000	0.000000	0.000000	87.2
1.000000	0.000000	0.000000	0.000000	87.3
1.000000	0.000000	0.000000	0.000000	87.4
1.000000	0.000000	0.000000	0.000000	87.5
1.000000	0.000000	0.000000	0.000000	87.6
1.000000	0.000000	0.000000	0.000000	87.7
1.000000	0.000000	0.000000	0.000000	87.8
1.000000	0.000000	0.000000	0.000000	87.9
1.000000	0.000000	0.000000	0.000000	88.0
1.000000	0.000000	0.000000	0.000000	88.1
1.000000	0.000000	0.000000	0.000000	88.2
1.000000	0.000000	0.000000	0.000000	88.3
1.000000	0.000000	0.000000	0.000000	88.4
1.000000	0.000000	0.000000	0.000000	88.5
1.000000	0.000000	0.000000	0.000000	88.6
1.000000	0.000000	0.000000	0.000000	88.7
1.000000	0.000000	0.000000	0.000000	88.8
1.000000	0.000000	0.000000	0.000000	88.9
1.000000	0.000000	0.000000	0.000000	89.0
1.000000	0.000000	0.000000	0.000000	89.1
1.000000	0.000000	0.000000	0.000000	89.2
1.000000	0.000000	0.000000	0.000000	89.3
1.000000	0.000000	0.000000	0.000000	89.4
1.000000	0.000000	0.000000	0.000000	89.5
1.000000	0.000000	0.000000	0.000000	89.6
1.000000	0.000000	0.000000	0.000000	89.7
1.000000	0.000000	0.000000	0.000000	89.8
1.000000	0.000000	0.000000	0.000000	89.9
1.000000	0.000000	0.000000	0.000000	90.0
1.000000	0.000000	0.000000	0.000000	90.1
1.000000	0.000000	0.000000	0.000000	90.2
1.000000	0.000000	0.000000	0.000000	90.3
1.000000	0.000000	0.000000	0.000000	90.4
1.000000	0.000000	0.000000	0.000000	90.5
1.000000	0.000000	0.000000	0.000000	90.6
1.000000	0.000000	0.000000	0.000000	90.7
1.000000	0.000000	0.000000	0.000000	90.8
1.000000	0.000000	0.000000	0.000000	90.9
1.000000	0.000000	0.000000	0.000000	91.0
1.000000	0.000000	0.000000	0.000000	91.1
1.000000	0.000000	0.000000	0.000000	91.2
1.000000	0.000000	0.000000	0.000000	91.3
1.000000	0.000000	0.000000	0.000000	91.4
1.000000	0.000000	0.000000	0.000000	91.5
1.000000	0.000000	0.000000	0.000000	91.6
1.000000	0.000000	0.000000	0.000000	91.7
1.000000	0.000000	0.000000	0.000000	91.8
1.000000	0.000000	0.000000	0.000000	91.9
1.000000	0.000000	0.000000	0.000000	92.0
1.000000	0.000000	0.000000	0.000000	92.1
1.000000	0.000000	0.000000	0.000000	92.2
1.000000	0.000000	0.000000	0.000000	92.3
1.000000	0.000000	0.000000	0.000000	92.4
1.000000	0.000000	0.000000	0.000000	92.5
1.000000	0.000000	0.000000	0.000000	92.6
1.000000	0.000000	0.000000	0.000000	92.7
1.000000	0.000000	0.000000	0.000000	92.8
1.000000	0.000000	0.000000	0.000000	92.9
1.000000	0.000000	0.000000	0.000000	93.0
1.000000	0.000000	0.000000	0.000000	93.1
1.000000	0.000000	0.000000	0.000000	93.2
1.000000	0.000000	0.000000	0.000000	93.3
1.000000	0.000000	0.000000	0.000000	93.4
1.000000	0.000000	0.000000	0.000000	93.5
1.000000	0.000000	0.000000	0.000000	93.6
1.000000	0.000000	0.000000	0.000000	93.7
1.000000	0.000000	0.000000	0.000000	93.8
1.000000	0.000000	0.000000	0.000000	93.9
1.000000	0.000000	0.000000	0.000000	94.0
1.000000	0.000000	0.000000	0.000000	94.1
1.000000	0.000000	0.000000	0.000000	94.2
1.000000	0.000000	0.000000	0.000000	94.3
1.000000	0.000000	0.000000	0.000000	94.4
1.000000	0.000000	0.000000	0.000000	94.5
1.000000	0.000000	0.000000	0.000000	94.6
1.000000	0.000000	0.000000	0.000000	94.7
1.000000	0.000000	0.000000	0.000000	94.8
1.000000	0.000000	0.000000	0.000000	94.9
1.000000	0.000000	0.000000	0.000000	95.0
1.000000	0.000000	0.000000	0.000000	95.1
1.000000	0.000000	0.000000	0.000000	95.2
1.000000	0.000000	0.000000	0.000000	95.3
1.000000	0.000000	0.000000	0.000000	95.4
1.000000	0.000000	0.000000	0.000000	95.5
1.000000	0.000000	0.000000	0.000000	95.6
1.000000	0.000000	0.000000	0.000000	95.7
1.000000	0.000000	0.000000	0.000000	95.8
1.000000	0.000000	0.000000	0.000000	95.9
1.000000	0.000000	0.000000	0.000000	96.0
1.000000	0.000000	0.000000	0.000000	96.1
1.000000	0.000000	0.000000	0.000000	96.2
1.000000	0.000000	0.000000	0.000000	96.3
1.000000	0.000000	0.000000	0.000000	96.4
1.000000	0.000000	0.000000	0.000000	96.5
1.000000	0.000000	0.000000	0.000000	96.6
1.000000	0.000000	0.000000	0.000000	96.7
1.000000	0.000000	0.000000	0.000000	96.8
1.000000	0.000000	0.000000	0.000000	96.9
1.000000	0.000000	0.000000	0.000000	97.0
1.000000	0.000000	0.000000	0.000000	97.1
1.000000	0.000000	0.000000	0.000000	97.2
1.000000	0.000000	0.000000	0.000000	97.3
1.000000	0.000000	0.000000	0.000000	97.4
1.000000	0.000000	0.000000	0.000000	97.5
1.000000	0.000000	0.000000	0.000000	97.6
1.000000	0.000000	0.000000	0.000000	97.7
1.000000	0.000000	0.000000	0.000000	97.8
1.000000	0.000000	0.000000	0.000000	97.9
1.000000	0.000000	0.000000	0.000000	98.0
1.000000	0.000000	0.000000	0.000000	98.1
1.000000	0.000000	0.000000	0.000000	98.2
1.000000	0.000000	0.000000	0.000000	98.3
1.000000	0.000000	0.000000	0.000000	98.4
1.000000	0.000000	0.000000	0.000000	98.5
1.000000	0.000000	0.000000	0.000000	98.6
1.000000	0.000000	0.000000	0.000000	98.7
1.000000	0.000000	0.000000	0.000000	98.8
1.000000	0.000000	0.000000	0.000000	98.9
1.000000	0.000000	0.000000	0.000000	99.0
1.000000	0.000000	0.000000	0.000000	99.1
1.000000	0.000000	0.000000	0.000000	99.2
1.000000	0.000000	0.000000	0.000000	99.3
1.000000	0.000000	0.000000	0.000000	99.4
1.000000	0.000000	0.000000	0.000000	99.5
1.000000	0.000000	0.000000	0.000000	99.6
1.000000	0.000000	0.000000	0.000000	99.7
1.000000	0.000000	0.000000	0.000000	99.8
1.000000	0.000000	0.000000	0.000000	99.9
1.000000	0.000000	0.000000	0.000000	100.0
1.000000	0.000000	0.000000	0.000000	100.1
1.000000	0.000000	0.000000	0.000000	100.2
1.000000	0.000000	0.000000	0.000000	100.3
1.000000	0.000000	0.000000	0.000000	100.4
1.000000	0.000000	0.000000	0.000000	100.5
1.000000	0.000000	0.000000	0.000000	100.6
1.000000	0.000000	0.000000	0.000000	100.7
1.000000	0.000000	0.000000	0.000000	100.8
1.000000	0.000000	0.000000	0.000000	100.9
1.000000	0.000000	0.000000	0.000000	101.0
1.000000	0.000000	0.000000	0.000000	101.1
1.000000	0.000000	0.000000	0.000000	101.2
1.000000	0.000000	0.000000	0.000000	101.3
1.000000	0.000000	0.000000	0.000000	101.4
1.000000	0.000000	0.000000	0.000000	101.5
1.000000	0.000000	0.000000	0.000000	101.6
1.000000	0.000000	0.000000	0.000000	101.7
1.000000	0.000000	0.000000	0.000000	101.8
1.000000	0.000000	0.000000	0.000000	101.9
1.000000	0.000000	0.000000	0.000000	102.0
1.000000	0.000000	0.000000	0.000000	102.1
1.000000	0.000000	0.000000	0.000000	102.2
1.000000	0.000000	0.000000	0.000000	102.3
1.000000	0.000000	0.000000	0.000000	102.4
1.000000	0.000000	0.000000	0.000000	102.5
1.000000	0.000000	0.000000	0.000000	102.6
1.000000	0.000000	0.000000	0.000000	102.7
1.000000	0.000000	0.000000	0.000000	102.8
1.000000	0.000000	0.000000	0.000000	102.9
1.000000	0.000000	0.000000	0.000000	103.0
1.000000	0.000000	0.000000	0.000000	103.1
1.000000	0.000000	0.000000	0.000000	103.2
1.000000	0.000000	0.000000	0.000000	103.3
1.000000	0.000000	0.000000	0.000000	103.4
1.000000	0.000000	0.000000	0.000000	103.5
1.000000	0.000000	0.000000	0.000000	103.6
1.000000	0.000000	0.000000	0.000000	103.7
1.000000	0.000000	0.000000	0.000000	103.8
1.000000	0.000000	0.000000	0.000000	103.9
1.000000	0.000000	0.000000	0.000000	104.0
1.000000	0.000000	0.000000	0.000000	104.1
1.000000	0.000000	0.000000	0.000000	104.2
1.000000	0.000000	0.000000	0.000000	104.3
1.000000	0.000000	0.000000	0.000000	104.4
1.000000	0.000000	0.000000	0.000000	104.5
1.000000	0.000000	0.000000	0.000000	104.6
1.000000	0.000000	0.000000	0.000000	104.7
1.000000	0.000000	0.000000	0.000000	104.8
1.000000	0.000000	0.000000	0.000000	104.9
1.000000	0.000000	0.000000	0.000000	105.0
1.000000	0.000000	0.000000	0.000000	105.1
1.000000	0.000000	0.000000	0.000000	105.2
1.000000	0.000000	0.000000	0.000000	105.3
1.000000	0.000000	0.000000	0.000000	105.4
1.000000	0.000000	0.000000	0.000000	105.5
1.000000	0.000000	0.000000	0.000000	105.6
1.000000	0.000000	0.000000	0.000000	105.7
1.000000	0.000000	0.000000	0.000000	105.8
1.000000	0.000000	0.000000	0.000000	105.9
1.000000	0.000000	0.000000	0.000000	106.0
1.000000	0.000000	0.000000	0.000000	106.1
1.000000	0.000000	0.000000	0.000000	106.2
1.000000	0.000000	0.000000	0.000000	106.3
1.000000	0.000000	0.000000	0.000000	106.4
1.000000	0.000000	0.000000	0.000000	106.5
1.000000	0.000000	0.000000	0.000000	106.6
1.000000	0.000000	0.000000	0.000000	106.7
1.000000	0.000000	0.000000	0.000000	106.8
1.000000	0.000000	0.000000	0.000000	106.9
1.000000	0.000000	0.000000	0.000000	107.0
1.000000	0.000000	0.000000	0.000000	107.1
1.000000	0.000000	0.000000	0.000000	107.2
1.000000	0.000000	0.000000	0.000000	107.3
1.000000	0.000000	0.000000	0.000000	107.4
1.000000	0.000000	0.000000	0.000000	107.5
1.000000	0.000000	0.000000	0.000000	107.6
1.000000	0.000000	0.000000	0.000000	107.7
1.000000	0.000000	0.000000	0.000000	107.8
1.000000	0.000000	0.000000	0.000000	107.9
1.000000	0.000000	0.000000	0.000000	108.0
1.000000	0.000000	0.000000	0.000000	108.1
1.000000	0.000000	0.000000	0.000000	108.2
1.000000	0.000000	0.000000	0.000000	108.3
1.000000	0.000000	0.000000	0.000000	108.4
1.000000	0.000000	0.000000	0.000000	108.5
1.000000	0.000000	0.000000	0.000000	108.6
1.000000	0.000000	0.000000	0.000000	108.7
1.000000	0.000000	0.000000	0.000000	108.8
1.000000	0.000000	0.000000	0.000000	108.9
1.000000	0.000000	0.000000	0.000000	109.0
1.000000	0.000000	0.000000	0.000000	109.1
1.000000	0.000000	0.000000	0.000000	109.2
1.000000	0.000000	0.000000	0.000000	109.3
1.000000	0.000000	0.000000	0.000000	109.4
1.000000	0.000000	0.000000	0.000000	109.5
1.000000	0.000000	0.000000	0.000000	109.6
1.000000	0.000000	0.000000	0.000000	109.7
1.000000	0.000000	0.000000	0.000000	109.8
1.000000	0.000000	0.000000	0.000000	109.9
1.000000	0.000000	0.000000	0.000000	110.0
1.000000	0.000000	0.000000	0.000000	110.1
1.000000	0.000000	0.000000	0.000000	110.2
1.000000	0.000000	0.000000	0.000000	110.3
1.000000	0.000000	0.000000	0.000000	110.4
1.000000	0.000000	0.000000	0.000000	110.5
1.000000	0.000000	0.000000	0.000000	110.6
1.000000	0.000000	0.000000	0.000000	110.7
1.000000	0.000000	0.000000	0.000000	110.8
1.000000	0.000000	0.000000	0.000000	110.9
1.000000	0.000000	0.000000	0.000000	111.0
1.000000	0.000000	0.000000	0.000000	111.1
1.000000	0.000000	0.000000	0.000000	111.2
1.000000	0.000000	0.000000	0.000000	111.3
1.000000	0.000000	0.000000	0.000000	111.4
1.000000	0.000000	0.000000	0.000000	111.5
1.000000	0.000000	0.000000	0.000000	111.6
1.000000	0.000000	0.000000	0.000000	111.7
1.000000	0.000000	0.000000	0.000000	111.8
1.000000	0.000000	0.000000	0.000000	111.9
1.000000	0.000000	0.000000	0.000000	112.0
1.000000	0.000000	0.000000	0.000000	112.1
1.000000	0.000000	0.000000	0.000000	112.2
1.000000	0.000000	0.000000	0.000000	112.3
1.000000	0.000000	0.000000	0.000000	112.4
1.000000	0.000000	0.000000	0.000000	112.5
1.000000	0.000000	0.000000	0.000000	112.6
1.000000	0.000000	0.000000	0.000000	112.7
1.000000	0.000000	0.000000	0.000000	112.8
1.000000	0.000000	0.000000	0.000000	112.9
1.000000	0.000000	0.000000	0.000000	113.0
1.000000	0.000000	0.000000	0.000000	113.1
1.000000	0.000000	0.000000	0.000000	113.2
1.000000	0.000000	0.000000	0.000000	113.3
1.000000	0.000000	0.000000	0.000000	113.4
1.000000	0.000000	0.000000	0.000000	113.5
1.000000	0.000000	0.000000	0.000000	113.6
1.000000	0.000000	0.000000	0.000000	113.7
1.000000	0.000000	0.000000	0.000000	113.8
1.000000	0.000000	0.000000	0.000000	113.9
1.000000	0.000000	0.000000	0.000000	114.0
1.000000	0.000000	0.000000	0.000000	114.1
1.000000	0.000000	0.000000	0.000000	114.2
1.000000	0.000000	0.000000	0.000000	114.3
1.000000	0.000000	0.000000	0.000000	114.4
1.000000	0.000000	0.000000	0.000000	114.5
1.000000	0.000000	0.000000	0.000000	114.6
1.000000	0.000000	0.000000	0.000000	114.7
1.000000	0.000000	0.000000	0.000000	114.8
1.000000	0.000000	0.000000	0.000000	114.9
1.000000	0.000000	0.000000	0.000000	115.0
1.000000	0.000000	0.000000	0.000000	115.1
1.000000	0.000000	0.000000	0.000000	115.2
1.000000	0.000000	0.000000	0.000000	115.3
1.000000	0.000000	0.000000	0.000000	115.4
1.000000	0.000000	0.000000	0.000000	115.5
1.000000	0.000000	0.000000	0.000000	115.6
1.000000	0.000000	0.000000	0.000000	115.7
1.000000	0.000000	0.000000	0.000000	115.8
1.000000	0.000000	0.000000	0.000000	115.9
1.000000	0.000000	0.000000	0.000000	116.0
1.000000	0.000000	0.000000	0.000000	116.1
1.000000	0.000000	0.000000	0.000000	116.2
1.000000	0.000000	0.000000	0.000000	116.3
1.000000	0.000000	0.000000	0.000000	116.4
1.000000	0.000000	0.000000	0.000000	116.5
1.000000	0.000000	0.000000	0.000000	116.6
1.000000	0.000000	0.000000	0.000000	116.7
1.000000	0.000000	0.000000	0.000000	116.8
1.000000	0.000000	0.000000	0.000000	116.9
1.000000	0.000000	0.000000	0.000000	117.0
1.000000	0.000000	0.000000	0.000000	117.1
1.000000	0.000000	0.000000	0.000000	117.2
1.000000	0.000000	0.000000	0.000000	117.3
1.000000	0.000000	0.000000	0.000000	117.4
1.000000	0.000000	0.000000	0.000000	117.5
1.000000	0.000000	0.000000	0.000000	117.6
1.000000	0.000000	0.000000	0.000000	117.7
1.000000	0.000000	0.000000	0.000000	117.8
1.000000	0.000000	0.000000	0.000000	117.9
1.000000	0.000000	0.000000	0.000000	118.0
1.000000	0.000000	0.000000	0.000000	118.1
1.000000	0.000000	0.000000	0.000000	118.2
1.000000	0.000000	0.000000	0.000000	118.3
1.000000	0.000000	0.000000	0.000000	118.4
1.000000	0.000000	0.000000	0.000000	118.5
1.000000	0.000000	0.000000	0.000000	118.6
1.000000	0.000000	0.000000	0.000000	118.7
1.000000	0.000000	0.000000	0.000000	118.8
1.000000	0.000000	0.000000	0.000000	118.9
1.000000	0.000000	0.000000	0.000000	119.0
1.000000	0.000000	0.000000	0.000000	119.1
1.000000	0.000000	0.000000	0.000000	119.2
1.000000	0.000000	0.000000	0.000000	119.3
1.000000	0.000000	0.000000	0.000000	119.4
1.000000	0.000000	0.000000	0.000000	119.5
1.000000	0.000000	0.000000	0.000000	119.6
1.000000	0.000000	0.000000	0.000000	119.7
1.000000	0.000000	0.000000	0.000000	119.8
1.000000	0.000000	0.000000	0.000000	119.9
1.000000	0.000000	0.000000	0.000000	120.0
1.000000	0.000000	0.000000	0.000000	120.1
1.000000	0.000000	0.000000	0.000000	120.2
1.000000	0.000000	0.000000	0.000000	120.3
1.000000	0.000000	0.000000	0.000000	120.4
1.000000	0.000000	0.000000	0.000000	120.5
1.000000	0.000000	0.000000	0.000000	120.6
1.000000	0.000000	0.000000	0.000000	120.7
1.000000	0.000000	0.000000	0.000000	120.8
1.000000	0.000000	0.000000	0.000000	120.9
1.000000	0.000000	0.000000	0.000000	121.0
1.000000	0.000000	0.000000	0.000000	121.1
1.000000	0.000000	0.000000	0.000000	121.2
1.000000	0.000000	0.000000	0.000000	121.3
1.000000	0.000000	0.000000	0.000000	121.4
1.000000	0.000000	0.000000	0.000000	121.5
1.000000	0.000000	0.000000	0.000000	121.6
1.000000	0.000000	0.000000	0.000000	121.7
1.000000	0.000000	0.000000	0.000000	121.8
1.000000	0.000000	0.000000	0.000000	121.9
1.000000	0.000000	0.000000	0.000000	122.0
1.000000	0.000000	0.000000	0.000000	122.1
1.000000	0.000000	0.000000	0.000000	122.2
1.000000	0.000000	0.000000	0.000000	122.3
1.000000	0.000000	0.000000	0.000000	122.4
1.000000	0.000000	0.000000	0.000000	122.5
1.000000	0.000000	0.000000	0.000000	122.6
1.000000	0.000000	0.000000	0.000000	122.7
1.000000	0.000000	0.000000	0.000000	122.8
1.000000	0.000000	0.000000	0.000000	122.9
1.000000	0.000000	0.000000	0.000000	123.0
1.000000	0.000000	0.000000	0.000000	123.1
1.000000	0.000000	0.000000	0.000000	123.2
1.000000	0.000000	0.000000	0.000000	123.3
1.000000	0.000000	0.000000	0.000000	123.4
1.000000	0.000000	0.000000	0.000000	123.5
1.000000	0.000000	0.000000	0.000000	123.6
1.000000	0.000000	0.000000	0.000000	123.7
1.000000	0.000000	0.000000	0.000000	123.8
1.000000	0.000000	0.000000	0.000000	123.9
1.000000	0.000000	0.000000	0.000000	124.0
1.000000	0.000000	0.000000	0.000000	124.1
1.000000	0.000000	0.000000	0.000000	124.2
1.000000	0.000000	0.000000	0.000000	124.3
1.000000	0.000000	0.000000	0.000000	124.4
1.000000	0.000000	0.000000	0.000000	124.5
1.000000	0.000000	0.000000	0.000000	124.6
1.000000	0.000000	0.000000	0.000000	124.7
1.000000	0.000000	0.000000	0.000000	124.8
1.000000	0.000000	0.000000	0.000000	124.9
1.000000	0.000000	0.000000	0.000000	125.0
1.000000	0.000000	0.000000	0.000000	125.1
1.000000	0.000000	0.000000	0.000000	125.2
1.000000	0.000000	0.000000	0.000000	125.3
1.000000	0.000000	0.000000	0.000000	125.4
1.000000	0.000000	0.000000	0.000000	125.5
1.000000	0.000000	0.000000	0.000000	125.6
1.000000	0.000000	0.000000	0.000000	125.7
1.000000	0.000000	0.000000	0.000000	125.8
1.000000	0.000000	0.000000	0.000000	125.9
1.000000	0.000000	0.000000	0.000000	126.0
1.000000	0.000000	0.000000	0.000000	126.1
1.000000	0.000000	0.000000	0.000000	126.2
1.000000	0.000000	0.000000	0.000000	126.3
1.000000	0.000000	0.000000	0.000000	126.4
1.000000	0.000000	0.000000	0.000000	126.5
1.000000	0.000000	0.000000	0.000000	126.6
1.000000	0.000000	0.000000	0.000000	126.7
1.000000	0.000000	0.000000	0.000000	126.8
1.000000	0.000000	0.000000	0.000000	126.9
1.000000	0.000000	0.000000	0.000000	127.0
1.000000	0.000000	0.000000	0.000000	127.1
1.000000	0.000000	0.000000	0.000000	127.2
1.000000	0.000000	0.000000	0.000000	127.3
1.000000	0.000000	0.000000	0.000000	127.4
1.000000	0.000000	0.000000	0.000000	127.5
1.000000	0.000000	0.000000	0.000000	127.6
1.000000	0.000000	0.000000	0.000000	127.7
1.000000	0.000000	0.000000	0.000000	127.8
1.000000	0.000000	0.000000	0.000000	127.9
1.000000	0.000000	0.000000	0.000000	128.0
1.000000	0.000000	0.000000	0.000000	128.1
1.000000	0.000000	0.000000	0.000000	128.2
1.000000	0.000000	0.000000	0.000000	128.3
1.000000	0.000000	0.000000	0.000000	128.4
1.000000	0.000000	0.000000	0.000000	128.5
1.000000	0.000000	0.000000	0.000000	128.6
1.000000	0.000000	0.000000	0.000000	128.7
1.000000	0.000000	0.000000	0.000000	128.8
1.000000	0.000000	0.000000	0.000000	128.9
1.000000	0.000000	0.000000	0.000000	129.0
1.000000	0.000000	0.000000	0.000000	129.1
1.000000	0.000000	0.000000	0.000000	129.2
1.000000	0.000000	0.000000	0.000000	129.3
1.000000	0.000000	0.000000	0.000000	129.4
1.000000	0.000000	0.000000	0.000000	129.5
1.000000	0.000000	0.000000	0.000000	129.6
1.000000	0.000000	0.000000	0.000000	129.7
1.000000	0.000000	0.000000	0.000000	129.8
1.000000	0.000000	0.000000	0.000000	129.9
1.000000	0.000000	0.000000	0.000000	130.0
1.000000	0.000000	0.000000	0.000000	130.1
1.000000	0.000000	0.000000	0.000000	130.2
1.000000	0.000000	0.000000	0.000000	130.3
1.000000	0.000000	0.000000	0.000000	130.4
1.000000	0.000000	0.000000	0.000000	130.5
1.000000	0.000000	0.000000	0.000000	130.6
1.000000	0.000000	0.000000	0.000000	130.7
1.000000	0.000000	0.000000	0.000000	130.8
1.000000	0.000000	0.000000	0.000000	130.9
1.000000	0.000000	0.000000	0.000000	131.0
1.000000	0.000000	0.000000	0.000000	131.1
1.000000	0.000000	0.000000	0.000000	131.2
1.000000	0.000000	0.000000	0.000000	131.3
1.000000	0.000000	0.000000	0.000000	131.4
1.000000	0.000000	0.000000	0.000000	131.5
1.000000	0.000000	0.000000	0.000000	131.6
1.000000	0.000000	0.000000	0.000000	131.7
1.000000	0.000000	0.000000	0.000000	131.8
1.000000	0.000000	0.000000	0.000000	131.9
1.000000	0.000000	0.000000	0.000000	132.0
1.000000	0.000000	0.000000	0.000000	132.1
1.000000	0.000000	0.000000	0.000000	132.2
1.000000	0.000000	0.000000	0.000000	132.3
1.000000	0.000000	0.000000	0.000000	132.4
1.000000	0.000000	0.000000	0.000000	132.5
1.000000	0.000000	0.000000	0.000000	132.6
1.000000	0.000000	0.000000	0.000000	132.7
1.000000	0.000000	0.000000	0.000000	132.8
1.000000	0.000000	0.000000	0.000000	132.9
1.000000	0.000000	0.000000	0.000000	133.0
1.000000	0.000000	0.000000	0.000000	133.1
1.000000	0.000000	0.000000	0.000000	133.2
1.000000	0.000000	0.000000	0.000000	133.3
1.000000	0.000000	0.000000	0.000000	133.4
1.000000	0.000000	0.000000	0.000000	133.5
1.000000	0.000000	0.000000	0.000000	133.6
1.000000	0.000000	0.000000	0.000000	133.7
1.000000	0.000000	0.000000	0.000000	133.8
1.000000	0.000000	0.000000	0.000000	133.9
1.000000	0.000000	0.000000	0.000000	134.0
1.000000	0.000000	0.000000	0.000000	134.1
1.000000	0.000000	0.000000	0.000000	134.2
1.000000	0.000000	0.000000	0.000000	134.3
1.000000	0.000000	0.000000	0.000000	134.4
1.000000	0.000000	0.000000	0.000000	134.5
1.000000	0.000000	0.000000	0.000000	134.6
1.000000	0.000000	0.000000	0.000000	134.7
1.000000	0.000000	0.000000	0.000000	134.8
1.000000	0.000000	0.000000	0.000000	134.9
1.000000	0.000000	0.000000	0.000000	135.0
1.000000	0.000000	0.000000	0.000000	135.1
1.000000	0.000000	0.000000	0.000000	135.2
1.000000	0.000000	0.000000	0.000000	135.3
1.000000	0.000000	0.000000	0.000000	135.4
1.000000	0.000000	0.000000	0.000000	135.5
1.000000	0.000000	0.000000	0.000000	135.6
1.000000	0.000000	0.000000	0.000000	135.7
1.000000	0.000000	0.000000	0.000000	135.8
1.000000	0.000000	0.000000	0.000000	135.9
1.000000	0.000000	0.000000	0.000000	136.0
1.000000	0.000000	0.000000	0.000000	136.1
1.000000	0.000000	0.000000	0.000000	136.2
1.000000	0.000000	0.000000	0.000000	136.3
1.000000	0.000000	0.000000	0.000000	136.4
1.000000	0.000000	0.000000	0.000000	136.5
1.000000	0.000000	0.000000	0.000000	136.6
1.000000	0.000000	0.000000	0.000000	136.7
1.000000	0.000000	0.000000	0.000000	136.8
1.000000	0.000000	0.000000	0.000000	136.9
1.000000	0.000000	0.000000	0.000000	137.0
1.000000	0.000000	0.000000	0.000000	137.1
1.000000	0.000000	0.000000	0.000000	137.2
1.000000	0.000000	0.000000	0.000000	137.3
1.000000	0.000000	0.000000	0.000000	137.4
1.000000	0.000000	0.000000	0.000000	137.5
1.000000	0.000000	0.000000	0.000000	137.6
1.000000	0.000000	0.000000	0.000000	137.7
1.000000	0.000000	0.000000	0.000000	137.8
1.000000	0.000000	0.000000	0.000000	137.9
1.000000	0.000000	0.000000	0.000000	138.0
1.000000	0.000000	0.000000	0.000000	138.1
1.000000	0.000000	0.000000	0.000000	138.2
1.000000	0.000000	0.000000	0.000000	138.3
1.000000	0.000000	0.000000	0.000000	138.4
1.000000	0.000000	0.000000	0.000000	138.5
1.000000	0.000000	0.000000	0.000000	138.6
1.000000	0.000000	0.000000	0.000000	138.7
1.000000	0.000000	0.000000	0.000000	138.8
1.000000	0.000000	0.000000	0.000000	138.9
1.000000	0.000000	0.000000	0.000000	139.0
1.000000	0.000000	0.000000	0.000000	139.1
1.000000	0.000000	0.000000	0.000000	139.2
1.000000	0.000000	0.000000	0.000000	139.3
1.000000	0.000000	0.000000	0.000000	139.4
1.000000	0.000000	0.000000	0.000000	139.5
1.000000	0.000000	0.000000	0.000000	139.6
1.000000	0.000000	0.000000	0.000000	139.7
1.000000	0.000000	0.000000	0.000000	139.8
1.000000	0.000000	0.000000	0.000000	139.9
1.000000	0.000000	0.000000	0.000000	140.0
1.000000	0.000000	0.000000	0.000000	140.1
1.000000	0.000000	0.000000	0.000000	140.2
1.000000	0.000000	0.000000	0.000000	140.3
1.000000	0.000000	0.000000	0.000000	140.4
1.000000	0.000000	0.000000	0.000000	140.5
1.000000	0.000000	0.000000	0.000000	140.6
1.000000	0.000000	0.000000	0.000000	140.7
1.000000	0.000000	0.000000	0.000000	140.8
1.000000	0.000000	0.000000	0.000000	140.9
1.000000	0.000000	0.000000	0.000000	141.0
1.000000	0.000000	0.000000	0.000000	141.1
1.000000	0.000000	0.000000	0.000000	141.2
1.000000	0.000000	0.000000	0.000000	141.3
1.000000	0.000000	0.000000	0.000000	141.4
1.000000	0.000000	0.000000	0.000000	141.5
1.000000	0.000000	0.000000	0.000000	141.6
1.000000	0.000000	0.000000	0.000000	141.7
1.000000	0.000000	0.000000	0.000000	141.8
1.000000	0.000000	0.000000	0.000000	141.9
1.000000	0.000000	0.000000	0.000000	142.0
1.000000	0.000000	0.000000	0.000000	142.1
1.000000	0.000000	0.000000	0.000000	142.2
1.000000	0.000000	0.000000	0.000000	142.3
1.000000	0.000000	0.000000	0.000000	142.4
1.000000	0.000000	0.000000	0.000000	142.5
1.000000	0.000000	0.000000	0.000000	142.6
1.000000	0.000000	0.000000	0.000000	142.7
1.000000	0.000000	0.000000	0.000000	142.8
1.000000	0.000000	0.000000	0.000000	142.9
1.000000	0.000000	0.000000	0.000000	143.0
1.000000	0.000000	0.000000	0.000000	143.1
1.000000	0.000000	0.000000	0.000000	143.2
1.000000	0.000000	0.000000	0.000000	143.3
1.000000	0.000000	0.000000	0.000000	143.4
1.000000	0.000000	0.000000	0.000000	143.5
1.000000	0.000000	0.000000	0.000000	143.6
1.000000	0.000000	0.000000	0.000000	143.7
1.000000	0.000000	0.000000	0.000000	143.8
1.000000	0.000000	0.000000	0.000000	143.9
1.000000	0.000000	0.000000	0.000000	144.0
1.000000	0.000000	0.000000	0.000000	144.1
1.000000	0.000000	0.000000	0.000000	144.2
1.000000	0.000000	0.000000	0.000000	144.3
1.000000	0.000000	0.000000	0.000000	144.4
1.000000	0.000000	0.000000	0.000000	144.5
1.000000	0.000000	0.000000	0.000000	144.6
1.000000	0.000000	0.000000	0.000000	144.7
1.000000	0.000000	0.000000	0.000000	144.8
1.000000	0.000000	0.000000	0.000000	144.9
1.000000	0.000000	0.000000	0.000000	145.0
1.000000	0.000000	0.000000	0.000000	145.1
1.000000	0.000000	0.000000	0.000000	145.2
1.000000	0.000000	0.000000	0.000000	145.3
1.000000	0.000000	0.000000	0.000000	145.4
1.000000	0.000000	0.000000	0.000000	145.5
1.000000	0.000000	0.000000	0.000000	145.6
1.000000	0.000000	0.000000	0.000000	145.7
1.000000	0.000000	0.000000	0.000000	145.8
1.000000	0.000000	0.000000	0.000000	145.9
1.000000	0.000000	0.000000	0.000000	146.0
1.000000	0.000000	0.000000	0.000000	146.1
1.000000	0.000000	0.000000	0.000000	146.2
1.000000	0.000000	0.000000	0.000000	146.3
1.000000	0.000000	0.000000	0.000000	146.4
1.000000	0.000000	0.000000	0.000000	146.5
1.000000	0.000000	0.000000	0.000000	146.6
1.000000	0.000000	0.000000	0.000000	146.7
1.000000	0.000000	0.000000	0.000000	146.8
1.000000	0.000000	0.000000	0.000000	146.9
1.000000	0.000000	0.000000	0.000000	147.0
1.000000	0.000000	0.000000	0.000000	147.1
1.000000	0.000000	0.000000	0.000000	147.2
1.000000	0.000000	0.000000	0.000000	147.3
1.000000	0.000000	0.000000	0.000000	147.4
1.000000	0.000000	0.000000	0.000000	147.5
1.000000	0.000000	0.000000	0.000000	147.6
1.000000	0.000000	0.000000	0.000000	147.7
1.000000	0.000000	0.000000	0.000000	147.8
1.000000	0.000000	0.000000	0.000000	147.9
1.000000	0.000000	0.000000	0.000000	148.0
1.000000	0.000000	0.000000	0.000000	148.1
1.000000	0.000000	0.000000	0.000000	148.2
1.000000	0.000000	0.000000	0.000000	148.3
1.000000	0.000000	0.000000	0.000000	148.4
1.000000	0.000000	0.000000	0.000000	148.5
1.000000	0.000000	0.000000	0.000000	148.6
1.000000	0.000000	0.000000	0.000000	148.7
1.000000	0.000000	0.000000	0.000000	148.8
1.000000	0.000000	0.000000	0.000000	148.9
1.000000	0.000000	0.000000	0.000000	149.0
1.000000	0.000000	0.000000	0.000000	149.1
1.000000	0.000000	0.000000	0.000000	149.2
1.000000	0.000000	0.000000	0.000000	149.3
1.000000	0.000000	0.000000	0.000000	149.4
1.000000	0.000000	0.000000	0.000000	149.5
1.000000	0.000000	0.000000	0.000000	149.6
1.000000	0.000000	0.000000	0.000000	149.7
1.000000	0.000000	0.000000	0.000000	149.8
1.000000	0.000000	0.000000	0.000000	149.9
1.000000	0.000000	0.000000	0.000000	150.0
1.000000	0.000000	0.000000	0.000000	150.1
1.000000	0.000000	0.000000	0.000000	150.2
1.000000	0.000000	0.000000	0.000000	150.3
1.000000	0.000000	0.000000	0.000000	150.4
1.000000	0.000000	0.000000	0.000000	150.5
1.000000	0.000000	0.000000	0.000000	150.6
1.000000	0.000000	0.000000	0.000000	150.7
1.000000	0.000000	0.000000	0.000000	150.8
1.000000	0.000000	0.000000	0.000000	150.9
1.000000	0.000000	0.000000	0.000000	151.0
1.000000	0.000000	0.000000	0.000000	151.1
1.000000	0.000000	0.000000	0.000000	151.2
1.000000	0.000000	0.000000	0.000000	151.3
1.000000	0.000000	0.000000	0.000000	151.4
1.000000	0.000000	0.000000	0.000000	151.5
1.000000	0.000000	0.000000	0.000000	151.6
1.000000	0.000000	0.000000	0.000000	151.7
1.000000	0.000000	0.000000	0.000000	151.8
1.000000	0.000000	0.000000	0.000000	151.9
1.000000	0.000000	0.000000	0.000000	152.0
1.000000	0.000000	0.000000	0.000000	152.1
1.000000	0.000000	0.000000	0.000000	152.2
1.000000	0.000000	0.000000	0.000000	152.3
1.000000	0.000000	0.000000	0.000000	152.4
1.000000	0.000000	0.000000	0.000000	152.5
1.000000	0.000000	0.000000	0.000000	152.6
1.000000	0.000000	0.000000	0.000000	152.7
1.000000	0.000000	0.000000	0.000000	152.8
1.000000	0.000000	0.000000	0.000000	152.9
1.000000	0.000000	0.000000	0.000000	153.0
1.000000	0.000000	0.000000	0.000000	153.1
1.000000	0.000000	0.000000	0.000000	153.2
1.000000	0.000000	0.000000	0.000000	153.3
1.000000	0.000000	0.000000	0.000000	153.4
1.000000	0.000000	0.000000	0.000000	153.5
1.000000	0.000000	0.000000	0.000000	153.6
1.000000	0.000000	0.000000	0.000000	153.7
1.000000	0.000000	0.000000	0.000000	153.8
1.000000	0.000000	0.000000	0.000000	153.9
1.000000	0.000000	0.000000	0.000000	154.0
1.000000	0.000000	0.000000	0.000000	154.1
1.000000	0.000000	0.000000	0.000000	154.2
1.000000	0.000000	0.000000	0.000000	154.3
1.000000	0.000000	0.000000	0.000000	154.4
1.000000	0.000000	0.000000	0.000000	154.5
1.000000	0.000000	0.000000	0.000000	154.6
1.000000	0.000000	0.000000	0.000000	154.7
1.000000	0.000000	0.000000	0.000000	154.8
1.000000	0.000000	0.000000	0.000000	154.9
1.000000	0.000000	0.000000	0.000000	155.0
1.000000	0.000000	0.000000	0.000000	155.1
1.000000	0.000000	0.000000	0.000000	155.2
1.000000	0.000000	0.000000	0.000000	155.3
1.000000	0.000000	0.000000	0.000000	155.4
1.000000	0.000000	0.000000	0.000000	155.5
1.000000	0.000000	0.000000	0.000000	155.6
1.000000	0.000000	0.000000	0.000000	155.7
1.000000	0.000000	0.000000	0.000000	155.8
1.000000	0.000000	0.000000	0.000000	155.9
1.000000	0.000000	0.000000	0.000000	156.0
1.000000	0.000000	0.000000	0.000000	156.1
1.000000	0.000000	0.000000	0.000000	156.2
1.000000	0.000000	0.000000	0.000000	156.3
1.000000	0.000000	0.000000	0.000000	156.4
1.000000	0.000000	0.000000	0.000000	156.5
1.000000	0.000000	0.000000	0.000000	156.6
1.000000	0.000000	0.000000	0.000000	156.7
1.000000	0.000000	0.000000	0.000000	156.8
1.000000	0.000000	0.000000	0.000000	156.9
1.000000	0.000000	0.000000	0.000000	157.0
1.000000	0.000000	0.000000	0.000000	157.1
1.000000	0.000000	0.000000	0.000000	157.2
1.000000	0.000000	0.000000	0.000000	157.3
1.000000	0.000000	0.000000	0.000000	157.4
1.000000	0.000000	0.000000	0.000000	157.5
1.000000	0.000000	0.000000	0.000000	157.6
1.000000	0.000000	0.000000	0.000000	157.7
1.000000	0.000000	0.000000	0.000000	157.8
1.000000	0.000000	0.000000	0.000000	157.9
1.000000	0.000000	0.000000	0.000000	158.0
1.000000	0.000000	0.000000	0.000000	158.1
1.000000	0.000000	0.000000	0.000000	158.2
1.000000	0.000000	0.000000	0.000000	158.3
1.000000	0.000000	0.000000	0.000000	158.4
1.000000	0.000000	0.000000	0.000000	158.5
1.000000	0.000000	0.000000	0.000000	158.6
1.000000	0.000000	0.000000	0.000000	158.7
1.000000	0.000000	0.000000	0.000000	158.8
1.000000	0.000000	0.000000	0.000000	158.9
1.000000	0.000000	0.000000	0.000000	159.0
1.000000	0.000000	0.000000	0.000000	159.1
1.000000	0.000000	0.000000	0.000000	159.2
1.000000	0.000000	0.000000	0.000000	159.3
1.000000	0.000000	0.000000	0.000000	159.4
1.000000	0.000000	0.000000	0.000000	159.5
1.000000	0.000000	0.000000	0.000000	159.6
1.000000	0.000000	0.000000	0.000000	159.7
1.000000	0.000000	0.000000	0.000000	159.8
1.000000	0.000000	0.000000	0.000000	159.9
1.000000	0.000000	0.000000	0.000000	160.0
1.000000	0.000000	0.000000	0.000000	160.1
1.000000	0.000000	0.000000	0.000000	160.2
1.000000	0.000000	0.000000	0.000000	160.3
1.000000	0.000000	0.000000	0.000000	160.4
1.000000	0.000000	0.000000	0.000000	160.5
1.000000	0.000000	0.000000	0.000000	160.6
1.000000	0.000000	0.000000	0.000000	160.7
1.000000	0.000000	0.000000	0.000000	160.8
1.000000	0.000000	0.000000	0.000000	160.9
1.000000	0.000000	0.000000	0.000000	161.0
1.000000	0.000000	0.000000	0.000000	161.1
1.000000	0.000000	0.000000	0.000000	161.2
1.000000	0.000000	0.000000	0.000000	161.3
1.000000	0.000000	0.000000	0.000000	161.4
1.000000	0.000000	0.000000	0.000000	161.5
1.000000	0.000000	0.000000	0.000000	161.6
1.000000	0.000000	0.000000	0.000000	161.7
1.000000	0.000000	0.000000	0.000000	161.8
1.000000	0.000000	0.000000	0.000000	161.9
1.000000	0.000000	0.000000	0.000000	162.0
1.000000	0.000000	0.000000	0.000000	162.1
1.000000	0.000000	0.000000	0.000000	162.2
1.000000	0.000000	0.000000	0.000000	162.3
1.000000	0.000000	0.000000	0.000000	162.4
1.000000	0.000000	0.000000	0.000000	162.5
1.000000	0.000000	0.000000	0.000000	162.6
1.000000	0.000000	0.000000	0.000000	162.7
1.000000	0.000000	0.000000	0.000000	162.8
1.000000	0.000000	0.000000	0.000000	162.9
1.000000	0.000000	0.000000	0.000000	163.0
1.000000	0.000000	0.000000	0.000000	163.1
1.000000	0.000000	0.000000	0.000000	163.2
1.000000	0.000000	0.000000	0.000000	163.3
1.000000	0.000000	0.000000	0.000000	163.4
1.000000	0.000000	0.000000	0.000000	163.5
1.000000	0.000000	0.000000	0.000000	163.6
1.000000	0.000000	0.000000	0.000000	163.7
1.000000	0.000000	0.000000	0.000000	163.8
1.000000	0.000000	0.000000	0.000000	163.9
1.000000	0.000000	0.000000	0.000000	164.0
1.000000	0.000000	0.000000	0.000000	164.1
1.000000	0.000000	0.000000	0.000000	164.2
1.000000	0.000000	0.000000	0.000000	164.3
1.000000	0.000000	0.000000	0.000000	164.4
1.000000	0.000000	0.000000	0.000000	164.5
1.000000	0.000000	0.000000	0.000000	164.6
1.000000	0.000000	0.000000	0.000000	164.7
1.000000	0.000000	0.000000	0.000000	164.8
1.000000	0.000000	0.000000	0.000000	164.9
1.000000	0.000000	0.000000	0.000000	165.0
1.000000	0.000000	0.000000	0.000000	165.1
1.000000	0.000000	0.000000	0.000000	165.2
1.000000	0.000000	0.000000	0.000000	165.3
1.000000	0.000000	0.000000	0.000000	165.4
1.000000	0.000000	0.000000	0.000000	165.5
1.000000	0.000000	0.000000	0.000000	165.6
1.000000	0.000000	0.000000	0.000000	165.7
1.000000	0.000000	0.000000	0.000000	165.8
1.000000	0.000000	0.000000	0.000000	165.9
1.000000	0.000000	0.000000	0.000000	166.0
1.000000	0.000000	0.000000	0.000000	166.1
1.000000	0.000000	0.000000	0.000000	166.2
1.000000	0.000000	0.000000	0.000000	166.3
1.000000	0.000000	0.000000	0.000000	166.4
1.000000	0.000000	0.000000	0.000000	166.5
1.000000	0.000000	0.000000	0.000000	166.6
1.000000	0.000000	0.000000	0.000000	166.7
1.000000	0.000000	0.000000	0.000000	166.8
1.000000	0.000000	0.000000	0.000000	166.9
1.000000	0.000000	0.000000	0.000000	167.0
1.000000	0.000000	0.000000	0.000000	167.1
1.000000	0.000000	0.000000	0.000000	167.2
1.000000	0.000000	0.000000	0.000000	167.3
1.000000	0.000000	0.000000	0.000000	167.4
1.000000	0.000000	0.000000	0.000000	167.5
1.000000	0.000000	0.000000	0.000000	167.6
1.000000	0.000000	0.000000	0.000000	167.7
1.000000	0.000000	0.000000	0.000000	167.8
1.000000	0.000000	0.000000	0.000000	167.9
1.000000	0.000000	0.000000	0.000000	168.0
1.000000	0.000000	0.000000	0.000000	168.1
1.000000	0.000000	0.000000	0.000000	168.2
1.000000	0.000000	0.000000	0.000000	168.3
1.000000	0.000000	0.000000	0.000000	168.4
1.000000	0.000000	0.000000	0.000000	168.5
1.000000	0.000000	0.000000	0.000000	168.6
1.000000	0.000000	0.000000	0.000000	168.7
1.000000	0.000000	0.000000	0.000000	168.8
1.000000	0.000000	0.000000	0.000000	168.9
1.000000	0.000000	0.000000	0.000000	169.0
1.000000	0.000000	0.000000	0.000000	169.1
1.000000	0.000000	0.000000	0.000000	169.2
1.000000	0.000000	0.000000	0.000000	169.3
1.000000	0.000000	0.000000	0.000000	169.4
1.000000	0.000000	0.000000	0.000000	169.5
1.000000	0.000000	0.000000	0.000000	169.6
1.000000	0.000000	0.000000	0.000000	169.7
1.000000	0.000000	0.000000	0.000000	169.8
1.000000	0.000000	0.000000	0.000000	169.9
1.000000	0.000000	0.000000	0.000000	170.0
1.000000	0.000000	0.000000	0.000000	170.1
1.000000	0.000000	0.000000	0.000000	170.2
1.000000	0.000000	0.000000	0.000000	170.3
1.000000	0.000000	0.000000	0.000000	170.4
1.000000	0.000000	0.000000	0.000000	170.5
1.000000	0.000000	0.000000	0.000000	170.6
1.000000	0.000000	0.000000	0.000000	170.7
1.000000	0.000000	0.000000	0.000000	170.8
1.000000	0.000000	0.000000	0.000000	170.9
1.000000	0.000000	0.000000	0.000000	171.0
1.000000	0.000000	0.000000	0.000000	171.1
1.000000	0.000000	0.000000	0.000000	171.2
1.000000	0.000000	0.000000	0.000000	171.3
1.000000	0.000000	0.000000	0.000000	171.4
1.000000	0.000000	0.000000	0.000000	171.5
1.000000	0.000000	0.000000	0.000000	171.6
1.000000	0.000000	0.000000	0.000000	171.7
1.000000	0.000000	0.000000	0.000000	171.8
1.000000	0.000000	0.000000	0.000000	171.9
1.000000	0.000000	0.000000	0.000000	172.0
1.000000	0.000000	0.000000	0.000000	172.1
1.000000	0.000000	0.000000	0.000000	172.2
1.000000	0.000000	0.000000	0.000000	172.3
1.000000	0.000000	0.000000	0.000000	172.4
1.000000	0.000000	0.000000	0.000000	172.5
1.000000	0.000000	0.000000	0.000000	172.6
1.000000	0.000000	0.000000	0.000000	172.7
1.000000	0.000000	0.000000	0.000000	172.8
1.000000	0.000000	0.000000	0.000000	172.9
1.000000	0.000000	0.000000	0.000000	173.0
1.000000	0.000000	0.000000	0.000000	173.1
1.000000	0.000000	0.000000	0.000000	173.2
1.000000	0.000000	0.000000	0.000000	173.3
1.000000	0.000000	0.000000	0.000000	173.4
1.000000	0.000000	0.000000	0.000000	173.5
1.000000	0.000000	0.000000	0.000000	173.6
1.000000	0.000000	0.000000	0.000000	173.7
1.000000	0.000000	0.000000	0.000000	173.8
1.000000	0.000000	0.000000	0.000000	173.9
1.000000	0.000000	0.000000	0.000000	174.0
1.000000	0.000000	0.000000	0.000000	174.1
1.000000	0.000000	0.000000	0.000000	174.2
1.000000	0.000000	0.000000	0.000000	174.3
1.000000	0.000000	0.000000	0.000000	174.4
1.000000	0.000000	0.000000	0.000000	174.5
1.000000	0.000000	0.000000	0.000000	174.6
1.000000	0.000000	0.000000	0.000000	174.7
1.000000	0.000000	0.000000	0.000000	174.8
1.000000	0.000000	0.000000	0.000000	174.9
1.000000	0.000000	0.000000	0.000000	175.0
1.000000	0.000000	0.000000	0.000000	175.1
1.000000	0.000000	0.000000	0.000000	175.2
1.000000	0.000000	0.000000	0.000000	175.3
1.000000	0.000000	0.000000	0.000000	175.4
1.000000	0.000000	0.000000	0.000000	175.5
1.000000	0.000000	0.000000	0.000000	175.6
1.000000	0.000000	0.000000	0.000000	175.7
1.000000	0.000000	0.000000	0.000000	175.8
1.000000	0.000000	0.000000	0.000000	175.9
1.000000	0.000000	0.000000	0.000000	176.0
1.000000	0.000000	0.000000	0.000000	176.1
1.000000	0.000000	0.000000	0.000000	176.2
1.000000	0.000000	0.000000	0.000000	176.3
1.000000	0.000000	0.000000	0.000000	176.4
1.000000	0.000000	0.000000	0.000000	176.5
1.000000	0.000000	0.000000	0.000000	176.6
1.000000	0.000000	0.000000	0.000000	176.7
1.000000	0.000000	0.000000	0.000000	176.8
1.000000	0.000000	0.000000	0.000000	176.9
1.000000	0.000000	0.000000	0.000000	177.0
1.000000	0.000000	0.000000	0.000000	177.1
1.000000	0.000000	0.000000	0.000000	177.2
1.000000	0.000000	0.000000	0.000000	177.3
1.000000	0.000000	0.000000	0.000000	177.4
1.000000	0.000000	0.000000	0.000000	177.5
1.000000	0.000000	0.000000	0.000000	177.6
1.000000	0.000000	0.000000	0.000000	177.7
1.000000	0.000000	0.000000	0.000000	177.8
1.000000	0.000000	0.000000	0.000000	177.9
1.000000	0.000000	0.000000	0.000000	178.0
1.000000	0.000000	0.000000	0.000000	178.1
1.000000	0.000000	0.000000	0.000000	178.2
1.000000	0.000000	0.000000	0.000000	178.3
1.000000	0.000000	0.000000	0.000000	178.4
1.000000	0.000000	0.000000	0.000000	178.5
1.000000	0.000000	0.000000	0.000000	178.6
1.000000	0.000000	0.000000	0.000000	178.7
1.000000	0.000000	0.000000	0.000000	178.8
1.000000	0.000000	0.000000	0.000000	178.9
1.000000	0.000000	0.000000	0.000000	179.0
1.000000	0.000000	0.000000	0.000000	179.1
1.000000	0.000000	0.000000	0.000000	179.2
1.000000	0.000000	0.000000	0.000000	179.3
1.000000	0.000000	0.000000	0.000000	179.4
1.000000	0.000000	0.000000	0.000000	179.5
1.000000	0.000000	0.000000	0.000000	179.6
1.000000	0.000000	0.000000	0.000000	179.7
1.000000	0.000000	0.000000	0.000000	179.8
1.000000	0.000000	0.000000	0.000000	179.9
1.000000	0.000000	0.000000	0.000000	180.0
1.000000	0.000000	0.000000	0.000000	180.1
1.000000	0.000000	0.000000	0.000000	180.2
1.000000	0.000000	0.000000	0.000000	180.3
1.000000	0.000000	0.000000	0.000000	180.4
1.000000	0.000000	0.000000	0.000000	180.5
1.000000	0.000000	0.000000	0.000000	180.6
1.000000	0.000000	0.000000	0.000000	180.7
1.000000	0.000000	0.000000	0.000000	180.8
1.000000	0.000000	0.000000	0.000000	180.9
1.000000	0.000000	0.000000	0.000000	181.0
1.000000	0.000000	0.000000	0.000000	181.1
1.000000	0.000000	0.000000	0.000000	181.2
1.000000	0.000000	0.000000	0.000000	181.3
1.000000	0.000000	0.000000	0.000000	181.4
1.000000	0.000000	0.000000	0.000000	181.5
1.000000	0.000000	0.000000	0.000000	181.6
1.000000	0.000000	0.000000	0.000000	181.7
1.000000	0.000000	0.000000	0.000000	181.8
1.000000	0.000000	0.000000	0.000000	181.9
1.000000	0.000000	0.000000	0.000000	182.0
1.000000	0.000000	0.000000	0.000000	182.1
1.000000	0.000000	0.000000	0.000000	182.2
1.000000	0.000000	0.000000	0.000000	182.3
1.000000	0.000000	0.000000	0.000000	182.4
1.000000	0.000000	0.000000	0.000000	182.5
1.000000	0.000000	0.000000	0.000000	182.6
1.000000	0.000000	0.000000	0.000000	182.7
1.000000	0.000000	0.000000	0.000000	182.8
1.000000	0.000000	0.000000	0.000000	182.9
1.000000	0.000000	0.000000	0.000000	183.0
1.000000	0.000000	0.000000	0.000000	183.1
1.000000	0.000000	0.000000	0.000000	183.2
1.000000	0.000000	0.000000	0.000000	183.3
1.000000	0.000000	0.000000	0.000000	183.4
1.000000	0.000000	0.000000	0.000000	183.5
1.000000	0.000000	0.000000	0.000000	183.6
1.000000	0.000000	0.000000	0.000000	183.7
1.000000	0.000000	0.000000	0.000000	183.8
1.000000	0.000000	0.000000	0.000000	183.9
1.000000	0.000000	0.000000	0.000000	184.0
1.000000	0.000000	0.000000	0.000000	184.1
1.000000	0.000000	0.000000	0.000000	184.2
1.000000	0.000000	0.000000	0.000000	184.3
1.000000	0.000000	0.000000	0.000000	184.4
1.000000	0.000000	0.000000	0.000000	184.5
1.000000	0.000000	0.000000	0.000000	184.6
1.000000	0.000000	0.000000	0.000000	184.7
1.000000	0.000000	0.000000	0.000000	184.8
1.000000	0.000000	0.000000	0.000000	184.9
1.000000	0.000000	0.000000	0.000000	185.0
1.000000	0.000000	0.000000	0.000000	185.1
1.000000	0.000000	0.000000	0.000000	185.2
1.000000	0.000000	0.000000	0.000000	185.3
1.000000	0.000000	0.000000	0.000000	185.4
1.000000	0.000000	0.000000	0.000000	185.5
1.000000	0.000000	0.000000	0.000000	185.6
1.000000	0.000000	0.000000	0.000000	185.7
1.000000	0.000000	0.000000	0.000000	185.8
1.000000	0.000000	0.000000	0.000000	185.9
1.000000	0.000000	0.000000	0.000000	186.0
1.000000	0.000000	0.000000	0.000000	186.1
1.000000	0.000000	0.000000	0.000000	186.2
1.000000	0.000000	0.000000	0.000000	186.3
1.000000	0.000000	0.000000	0.000000	186.4
1.000000	0.000000	0.000000	0.000000	186.5
1.000000	0.000000	0.000000	0.000000	186.6
1.000000	0.000000	0.000000	0.000000	186.7
1.000000	0.000000	0.000000	0.000000	186.8
1.000000	0.000000	0.000000	0.000000	186.9
1.000000	0.000000	0.000000	0.000000	187.0
1.000000	0.000000	0.000000	0.000000	187.1
1.000000	0.000000	0.000000	0.000000	187.2
1.000000	0.000000	0.000000	0.000000	187.3
1.000000	0.000000	0.000000	0.000000	187.4
1.000000	0.000000	0.000000	0.000000	187.5
1.000000	0.000000	0.000000	0.000000	187.6
1.000000	0.000000	0.000000	0.000000	187.7
1.000000	0.000000	0.000000	0.000000	187.8
1.000000	0.000000	0.000000	0.000000	187.9
1.000000	0.000000	0.000000	0.000000	188.0
1.000000	0.000000	0.000000	0.000000	188.1
1.000000	0.000000	0.000000	0.000000	188.2
1.000000	0.000000	0.000000	0.000000	188.3
1.000000	0.000000	0.000000	0.000000	188.4
1.000000	0.000000	0.000000	0.000000	188.5
1.000000	0.000000	0.000000	0.000000	188.6
1.000000	0.000000	0.000000	0.000000	188.7
1.000000	0.000000	0.000000	0.000000	188.8
1.000000	0.000000	0.000000	0.000000	188.9
1.000000	0.000000	0.000000	0.000000	189.0
1.000000	0.000000	0.000000	0.000000	189.1
1.000000	0.000000	0.000000	0.000000	189.2
1.000000	0.000000	0.000000	0.000000	189.3
1.000000	0.000000	0.000000	0.000000	189.4
1.000000	0.000000	0.000000	0.000000	189.5
1.000000	0.000000	0.000000	0.000000	189.6
1.000000	0.000000	0.000000	0.000000	189.7
1.000000	0.000000	0.000000	0.000000	189.8
1.000000	0.000000	0.000000	0.000000	189.9
1.000000	0.000000	0.000000	0.000000	190.0
1.000000	0.000000	0.000000	0.000000	190.1
1.000000	0.000000	0.000000	0.000000	190.2
1.000000	0.000000	0.000000	0.000000	190.3
1.000000	0.000000	0.000000	0.000000	190.4
1.000000	0.000000	0.000000	0.000000	190.5
1.000000	0.000000	0.000000	0.000000	190.6
1.000000	0.000000	0.000000	0.000000	190.7
1.000000	0.000000	0.000000	0.000000	190.8
1.000000	0.000000	0.000000	0.000000	190.9
1.000000	0.000000	0.000000	0.000000	191.0
1.000000	0.000000	0.000000	0.000000	191.1
1.000000	0.000000	0.000000	0.000000	191.2
1.000000	0.000000	0.000000	0.000000	191.3
1.000000	0.000000	0.000000	0.000000	191.4
1.000000	0.000000	0.000000	0.000000	191.5
1.000000	0.000000	0.000000	0.000000	191.6
1.000000	0.000000	0.000000	0.000000	191.7
1.000000	0.000000	0.000000	0.000000	191.8
1.000000	0.000000	0.000000	0.000000	191.9
1.000000	0.000000	0.000000	0.000000	192.0
1.000000	0.000000	0.000000	0.000000	192.1
1.000000	0.000000	0.000000	0.000000	192.2
1.000000	0.000000	0.000000	0.000000	192.3
1.000000	0.000000	0.000000	0.000000	192.4
1.000000	0.000000	0.000000	0.000000	192.5
1.000000	0.000000	0.000000	0.000000	192.6
1.000000	0.000000	0.000000	0.000000	192.7
1.000000	0.000000	0.000000	0.000000	192.8
1.000000	0.000000	0.000000	0.000000	192.9
1.000000	0.000000	0.000000	0.000000	193.0
1.000000	0.000000	0.000000	0.000000	193.1
1.000000	0.000000	0.000000	0.000000	193.2
1.000000	0.000000	0.000000	0.000000	193.3
1.000000	0.000000	0.000000	0.000000	193.4
1.000000	0.000000	0.000000	0.000000	193.5
1.000000	0.000000	0.000000	0.000000	193.6
1.000000	0.000000	0.000000	0.000000	193.7
1.000000	0.000000	0.000000	0.000000	193.8
1.000000	0.000000	0.000000	0.000000	193.9
1.000000	0.000000	0.000000	0.000000	194.0
1.000000	0.000000	0.000000	0.000000	194.1
1.000000	0.000000	0.000000	0.000000	194.2
1.000000	0.000000	0.000000	0.000000	194.3
1.000000	0.000000	0.000000	0.000000	194.4
1.000000	0.000000	0.000000	0.000000	194.5
1.000000	0.000000	0.000000	0.000000	194.6
1.000000	0.000000	0.000000	0.000000	194.7
1.000000	0.000000	0.000000	0.000000	194.8
1.000000	0.000000	0.000000	0.000000	194.9
1.000000	0.000000	0.000000	0.000000	195.0
1.000000	0.000000	0.000000	0.000000	195.1
1.000000	0.000000	0.000000	0.000000	195.2
1.000000	0.000000	0.000000	0.000000	195.3
1.000000	0.000000	0.000000	0.000000	195.4
1.000000	0.000000	0.000000	0.000000	195.5
1.000000	0.000000	0.000000	0.000000	195.6
1.000000	0.000000	0.000000	0.000000	195.7
1.000000	0.000000	0.000000	0.000000	195.8
1.000000	0.000000	0.000000	0.000000	195.9
1.000000	0.000000	0.000000	0.000000	196.0
1.000000	0.000000	0.000000	0.000000	196.1
1.000000	0.000000	0.000000	0.000000	196.2
1.000000	0.000000	0.000000	0.000000	196.3
1.000000	0.000000	0.000000	0.000000	196.4
1.000000	0.000000	0.000000	0.000000	196.5
1.000000	0.000000	0.000000	0.000000	196.6
1.000000	0.000000	0.000000	0.000000	196.7
1.000000	0.000000	0.000000	0.000000	196.8
1.000000	0.000000	0.000000	0.000000	196.9
1.000000	0.000000	0.000000	0.000000	197.0
1.000000	0.000000	0.000000	0.000000	197.1
1.000000	0.000000	0.000000	0.000000	197.2
1.000000	0.000000	0.000000	0.000000	197.3
1.000000	0.000000	0.000000	0.000000	197.4
1.000000	0.000000	0.000000	0.000000	197.5
1.000000	0.000000	0.000000	0.000000	197.6
1.000000	0.000000	0.000000	0.000000	197.7
1.000000	0.000000	0.000000	0.000000	197.8
1.000000	0.000000	0.000000	0.000000	197.9
1.000000	0.000000	0.000000	0.000000	198.0
1.000000	0.000000	0.000000	0.000000	198.1
1.000000	0.000000	0.000000	0.000000	198.2
1.000000	0.000000	0.000000	0.000000	198.3
1.000000	0.000000	0.000000	0.000000	198.4
1.000000	0.000000	0.000000	0.000000	198.5
1.000000	0.000000	0.000000	0.000000	198.6
1.000000	0.000000	0.000000	0.000000	198.7
1.000000	0.000000	0.000000	0.000000	198.8
1.000000	0.000000	0.000000	0.000000	198.9
1.000000	0.000000	0.000000	0.000000	199.0
1.000000	0.000000	0.000000	0.000000	199.1
1.000000	0.000000	0.000000	0.000000	199.2
1.000000	0.000000	0.000000	0.000000	199.3
1.000000	0.000000	0.000000	0.000000	199.4
1.000000	0.000000	0.000000	0.000000	199.5
1.000000	0.000000	0.000000	0.000000	199.6
1.000000	0.000000	0.000000	0.000000	199.7
1.000000	0.000000	0.000000	0.000000	199.8
1.000000	0.000000	0.000000	0.000000	199.9
1.000000	0.000000	0.000000	0.000000	200.0
1.000000	0.000000	0.000000	0.000000	200.1
1.000000	0.000000	0.000000	0.000000	200.2
1.000000	0.000000	0.000000	0.000000	200.3
1.000000	0.000000	0.000000	0.000000	200.4
1.000000	0.000000	0.000000	0.000000	200.5
1.000000	0.000000	0.000000	0.000000	200.6
1.000000	0.000000	0.000000	0.000000	200.7
1.000000	0.000000	0.000000	0.000000	200.8
1.000000	0.000000	0.000000	0.000000	200.9
1.000000	0.000000	0.000000	0.000000	201.0
1.000000	0.000000	0.000000	0.000000	201.1
1.000000	0.000000	0.000000	0.000000	201.2
1.000000	0.000000	0.000000	0.000000	201.3
1.000000	0.000000	0.000000	0.000000	201.4
1.000000	0.000000	0.000000	0.000000	201.5
1.000000	0.000000	0.000000	0.000000	201.6
1.000000	0.000000	0.000000	0.000000	201.7
1.000000	0.000000	0.000000	0.000000	201.8
1.000000	0.000000	0.000000	0.000000	201.9
1.000000	0.000000	0.000000	0.000000	202.0
1.000000	0.000000	0.000000	0.000000	202.1
1.000000	0.000000	0.000000	0.000000	202.2
1.000000	0.000000	0.000000	0.000000	202.3
1.000000	0.000000	0.000000	0.000000	202.4
1.000000	0.000000	0.000000	0.000000	202.5
1.000000	0.000000	0.000000	0.000000	202.6
1.000000	0.000000	0.000000	0.000000	202.7
1.000000	0.000000	0.000000	0.000000	202.8
1.000000	0.000000	0.000000	0.000000	202.9
1.000000	0.000000	0.000000	0.000000	203.0
1.000000	0.000000	0.000000	0.000000	203.1
1.000000	0.000000	0.000000	0.000000	203.2
1.000000	0.000000	0.000000	0.000000	203.3
1.000000	0.000000	0.000000	0.000000	203.4
1.000000	0.000000	0.000000	0.000000	203.5
1.000000	0.000000	0.000000	0.000000	203.6
1.000000	0.000000	0.000000	0.000000	203.7
1.000000	0.000000	0.000000	0.000000	203.8
1.000000	0.000000	0.000000	0.000000	203.9
1.000000	0.000000	0.000000	0.000000	204.0
1.000000	0.000000	0.000000	0.000000	204.1
1.000000	0.000000	0.000000	0.000000	204.2
1.000000	0.000000	0.000000	0.000000	204.3
1.000000	0.000000	0.000000	0.000000	204.4
1.000000	0.000000	0.000000	0.000000	204.5
1.000000	0.000000	0.000000	0.000000	204.6
1.000000	0.000000	0.000000	0.000000	204.7
1.000000	0.000000	0.000000	0.000000	204.8
1.000000	0.000000	0.000000	0.000000	204.9
1.000000	0.000000	0.000000	0.000000	205.0
1.000000	0.000000	0.000000	0.000000	205.1
1.000000	0.000000	0.000000	0.000000	205.2
1.000000	0.000000	0.000000	0.000000	205.3
1.000000	0.000000	0.000000	0.000000	205.4
1.000000	0.000000	0.000000	0.000000	205.5
1.000000	0.000000	0.000000	0.000000	205.6
1.000000	0.000000	0.000000	0.000000	205.7
1.000000	0.000000	0.000000	0.000000	205.8
1.000000	0.000000	0.000000	0.000000	205.9
1.000000	0.000000	0.000000	0.000000	206.0
1.000000	0.000000	0.000000	0.000000	206.1
1.000000	0.000000	0.000000	0.000000	206.2
1.000000	0.000000	0.000000	0.000000	206.3
1.000000	0.000000	0.000000	0.000000	206.4
1.000000	0.000000	0.000000	0.000000	206.5
1.000000	0.000000	0.000000	0.000000	206.6
1.000000	0.000000	0.000000	0.000000	206.7
1.000000	0.000000	0.000000	0.000000	206.8
1.000000	0.000000	0.000000	0.000000	206.9
1.000000	0.000000	0.000000	0.000000	207.0
1.000000	0.000000	0.000000	0.000000	207.1
1.000000	0.000000	0.000000	0.000000	207.2
1.000000	0.000000	0.000000	0.000000	207.3
1.000000	0.000000	0.000000	0.000000	207.4
1.000000	0.000000	0.000000	0.000000	207.5
1.000000	0.000000	0.000000	0.000000	207.6
1.000000	0.000000	0.000000	0.000000	207.7
1.000000	0.000000	0.000000	0.000000	207.8
1.000000	0.000000	0.000000	0.000000	207.9
1.000000	0.000000	0.000000	0.000000	208.0
1.000000	0.000000	0.000000	0.000000	208.1
1.000000	0.000000	0.000000	0.000000	208.2
1.000000	0.000000	0.000000	0.000000	208.3
1.000000	0.000000	0.000000	0.000000	208.4
1.000000	0.000000	0.000000	0.000000	208.5
1.000000	0.000000	0.000000	0.000000	208.6
1.000000	0.000000	0.000000	0.000000	208.7
1.000000	0.000000	0.000000	0.000000	208.8
1.000000	0.000000	0.000000	0.000000	208.9
1.000000	0.000000	0.000000	0.000000	209.0
1.000000	0.000000	0.000000	0.000000	209.1
1.000000	0.000000	0.000000	0.000000	209.2
1.000000	0.000000	0.000000	0.000000	209.3
1.000000	0.000000	0.000000	0.000000	209.4
1.000000	0.000000	0.000000	0.000000	209.5
1.000000	0.000000	0.000000	0.000000	209.6
1.000000	0.000000	0.000000	0.000000	209.7
1.000000	0.000000	0.000000	0.000000	209.8
1.000000	0.000000	0.000000	0.000000	209.9
1.000000	0.000000	0.000000	0.000000	210.0
1.000000	0.000000	0.000000	0.000000	210.1
1.000000	0.000000	0.000000	0.000000	210.2
1.000000	0.000000	0.000000	0.000000	210.3
1.000000	0.000000	0.000000	0.000000	210.4
1.000000	0.000000	0.000000	0.000000	210.5
1.000000	0.000000	0.000000	0.000000	210.6
1.000000	0.000000	0.000000	0.000000	210.7
1.000000	0.000000	0.000000	0.000000	210.8
1.000000	0.000000	0.000000	0.000000	210.9
1.000000	0.000000	0.000000	0.000000	211.0
1.000000	0.000000	0.000000	0.000000	211.1
1.000000	0.000000	0.000000	0.000000	211.2
1.000000	0.000000	0.000000	0.000000	211.3
1.000000	0.000000	0.000000	0.000000	211.4
1.000000	0.000000	0.000000	0.000000	211.5
1.000000	0.000000	0.000000	0.000000	211.6
1.000000	0.000000	0.000000	0.000000	211.7
1.000000	0.000000	0.000000	0.000000	211.8
1.000000	0.000000	0.000000	0.000000	211.9
1.000000	0.000000	0.000000	0.000000	212.0
1.000000	0.000000	0.000000	0.000000	212.1
1.000000	0.000000	0.000000	0.000000	212.2
1.000000	0.000000	0.000000	0.000000	212.3
1.000000	0.000000	0.000000	0.000000	212.4
1.000000	0.000000	0.000000	0.000000	212.5
1.000000	0.000000	0.000000	0.000000	212.6
1.000000	0.000000	0.000000	0.000000	212.7
1.000000	0.000000	0.000000	0.000000	212.8
1.000000	0.000000	0.000000	0.000000	212.9
1.000000	0.000000	0.000000	0.000000	213.0
1.000000	0.000000	0.000000	0.000000	213.1
1.000000	0.000000	0.000000	0.000000	213.2
1.000000	0.000000	0.000000	0.000000	213.3
1.000000	0.000000	0.000000	0.000000	213.4
1.000000	0.000000	0.000000	0.000000	213.5
1.000000	0.000000	0.000000	0.000000	213.6
1.000000	0.000000	0.000000	0.000000	213.7
1.000000	0.000000	0.000000	0.000000	213.8
1.000000	0.000000	0.000000	0.000000	213.9
1.000000	0.000000	0.000000	0.000000	214.0
1.000000	0.000000	0.000000	0.000000	214.1
1.000000	0.000000	0.000000	0.000000	214.2
1.000000	0.000000	0.000000	0.000000	214.3
1.000000	0.000000	0.000000	0.000000	214.4
1.000000	0.000000	0.000000	0.000000	214.5
1.000000	0.000000	0.000000	0.000000	214.6
1.000000	0.000000	0.000000	0.000000	214.7
1.000000	0.000000	0.000000	0.000000	214.8
1.000000	0.000000	0.000000	0.000000	214.9
1.000000	0.000000	0.000000	0.000000	215.0
1.000000	0.000000	0.000000	0.000000	215.1
1.000000	0.000000	0.000000	0.000000	215.2
1.000000	0.000000	0.000000	0.000000	215.3
1.000000	0.000000	0.000000	0.000000	215.4
1.000000	0.000000	0.000000	0.000000	215.5
1.000000	0.000000	0.000000	0.000000	215.6
1.000000	0.000000	0.000000	0.000000	215.7
1.000000	0.000000	0.000000	0.000000	215.8
1.000000	0.000000	0.000000	0.000000	215.9
1.000000	0.000000	0.000000	0.000000	216.0
1.000000	0.000000	0.000000	0.000000	216.1
1.000000	0.000000	0.000000	0.000000	216.2
1.000000	0.000000	0.000000	0.000000	216.3
1.000000	0.000000	0.000000	0.000000	216.4
1.000000	0.000000	0.000000	0.000000	216.5
1.000000	0.000000	0.000000	0.000000	216.6
1.000000	0.000000	0.000000	0.000000	216.7
1.000000	0.000000	0.000000	0.000000	216.8
1.000000	0.000000	0.000000	0.000000	216.9
1.000000	0.000000	0.000000	0.000000	217.0
1.000000	0.000000	0.000000	0.000000	217.1
1.000000	0.000000	0.000000	0.000000	217.2
1.000000	0.000000	0.000000	0.000000	217.3
1.000000	0.000000	0.000000	0.000000	217.4
1.000000	0.000000	0.000000	0.000000	217.5
1.000000	0.000000	0.000000	0.000000	217.6
1.000000	0.000000	0.000000	0.000000	217.7
1.000000	0.000000	0.000000	0.000000	217.8
1.000000	0.000000	0.000000	0.000000	217.9
1.000000	0.000000	0.000000	0.000000	218.0
1.000000	0.000000	0.000000	0.000000	218.1
1.000000	0.000000	0.000000	0.000000	218.2
1.000000	0.000000	0.000000	0.000000	218.3
1.000000	0.000000	0.000000	0.000000	218.4
1.000000	0.000000	0.000000	0.000000	218.5
1.000000	0.000000	0.000000	0.000000	218.6
1.000000	0.000000	0.000000	0.000000	218.7
1.000000	0.000000	0.000000	0.000000	218.8
1.000000	0.000000	0.000000	0.000000	218.9
1.000000	0.000000	0.000000	0.000000	219.0
1.000000	0.000000	0.000000	0.000000	219.1
1.000000	0.000000	0.000000	0.000000	219.2
1.000000	0.000000	0.000000	0.000000	219.3
1.000000	0.000000	0.000000	0.000000	219.4
1.000000	0.000000	0.000000	0.000000	219.5
1.000000	0.000000	0.000000	0.000000	219.6
1.000000	0.000000	0.000000	0.000000	219.7
1.000000	0.000000	0.000000	0.000000	219.8
1.000000	0.000000	0.000000	0.000000	219.9
1.000000	0.000000	0.000000	0.000000	220.0
1.000000	0.000000	0.000000	0.000000	220.1
1.000000	0.000000	0.000000	0.000000	220.2
1.000000	0.000000	0.000000	0.000000	220.3
1.000000	0.000000	0.000000	0.000000	220.4
1.000000	0.000000	0.000000	0.000000	220.5
1.000000	0.000000	0.000000	0.000000	220.6
1.000000	0.000000	0.000000	0.000000	220.7
1.000000	0.000000	0.000000	0.000000	220.8
1.000000	0.000000	0.000000	0.000000	220.9
1.000000	0.000000	0.000000	0.000000	221.0
1.000000	0.000000	0.000000	0.000000	221.1
1.000000	0.000000	0.000000	0.000000	221.2
1.000000	0.000000	0.000000	0.000000	221.3
1.000000	0.000000	0.000000	0.000000	221.4
1.000000	0.000000	0.000000	0.000000	221.5
1.000000	0.000000	0.000000	0.000000	221.6
1.000000	0.000000	0.000000	0.000000	221.7
1.000000	0.000000	0.000000	0.000000	221.8
1.000000	0.000000	0.000000	0.000000	221.9
1.000000	0.000000	0.000000	0.000000	222.0
1.000000	0.000000	0.000000	0.000000	222.1
1.000000	0.000000	0.000000	0.000000	222.2
1.000000	0.000000	0.000000	0.000000	222.3
1.000000	0.000000	0.000000	0.000000	222.4
1.000000	0.000000	0.000000	0.000000	222.5
1.000000	0.000000	0.000000	0.000000	222.6
1.000000	0.000000	0.000000	0.000000	222.7
1.000000	0.000000	0.000000	0.000000	222.8
1.000000	0.000000	0.000000	0.000000	222.9
1.000000	0.000000	0.000000	0.000000	223.0
1.000000	0.000000	0.000000	0.000000	223.1
1.000000	0.000000	0.000000	0.000000	223.2
1.000000	0.000000	0.000000	0.000000	223.3
1.000000	0.000000	0.000000	0.000000	223.4
1.000000	0.000000	0.000000	0.000000	223.5
1.000000	0.000000	0.000000	0.000000	223.6
1.000000	0.000000	0.000000	0.000000	223.7
1.000000	0.000000	0.000000	0.000000	223.8
1.000000	0.000000	0.000000	0.000000	223.9
1.000000	0.000000	0.000000	0.000000	224.0
1.000000	0.000000	0.000000	0.000000	224.1
1.000000	0.000000	0.000000	0.000000	224.2
1.000000	0.000000	0.000000	0.000000	224.3
1.000000	0.000000	0.000000	0.000000	224.4
1.000000	0.000000	0.000000	0.000000	224.5
1.000000	0.000000	0.000000	0.000000	224.6
1.000000	0.000000	0.000000	0.000000	224.7
1.000000	0.000000	0.000000	0.000000	224.8
1.000000	0.000000	0.000000	0.000000	224.9
1.000000	0.000000	0.000000	0.000000	225.0
1.000000	0.000000	0.000000	0.000000	225.1
1.000000	0.000000	0.000000	0.000000	225.2
1.000000	0.000000	0.000000	0.000000	225.3
1.000000	0.000000	0.000000	0.000000	225.4
1.000000	0.000000	0.000000	0.000000	225.5
1.000000	0.000000	0.000000	0.000000	225.6
1.000000	0.000000	0.000000	0.000000	225.7
1.000000	0.000000	0.000000	0.000000	225.8
1.000000	0.000000	0.000000	0.000000	225.9
1.000000	0.000000	0.000000	0.000000	226.0
1.000000	0.000000	0.000000	0.000000	226.1
1.000000	0.000000	0.000000	0.000000	226.2
1.000000	0.000000	0.000000	0.000000	226.3
1.000000	0.000000	0.000000	0.000000	226.4
1.000000	0.000000	0.000000	0.000000	226.5
1.000000	0.000000	0.000000	0.000000	226.6
1.000000	0.000000	0.000000	0.000000	226.7
1.000000	0.000000	0.000000	0.000000	226.8
1.000000	0.000000	0.000000	0.000000	226.9
1.000000	0.000000	0.000000	0.000000	227.0
1.000000	0.000000	0.000000	0.000000	227.1
1.000000	0.000000	0.000000	0.000000	227.2
1.000000	0.000000	0.000000	0.000000	227.3
1.000000	0.000000	0.000000	0.000000	227.4
1.000000	0.000000	0.000000	0.000000	227.5
1.000000	0.000000	0.000000	0.000000	227.6
1.000000	0.000000	0.000000	0.000000	227.7
1.000000	0.000000	0.000000	0.000000	227.8
1.000000	0.000000	0.000000	0.000000	227.9
1.000000	0.000000	0.000000	0.000000	228.0
1.000000	0.000000	0.000000	0.000000	228.1
1.000000	0.000000	0.000000	0.000000	228.2
1.000000	0.000000	0.000000	0.000000	228.3
1.000000	0.000000	0.000000	0.000000	228.4
1.000000	0.000000	0.000000	0.000000	228.5
1.000000	0.000000	0.000000	0.000000	228.6
1.000000	0.000000	0.000000	0.000000	228.7
1.000000	0.000000	0.000000	0.000000	228.8
1.000000	0.000000	0.000000	0.000000	228.9
1.000000	0.000000	0.000000	0.000000	229.0
1.000000	0.000000	0.000000	0.000000	229.1
1.000000	0.000000	0.000000	0.000000	229.2
1.000000	0.000000	0.000000	0.000000	229.3
1.000000	0.000000	0.000000	0.000000	229.4
1.000000	0.000000	0.000000	0.000000	229.5
1.000000	0.000000	0.000000	0.000000	229.6
1.000000	0.000000	0.000000	0.000000	229.7
1.000000	0.000000	0.000000	0.000000	229.8
1.000000	0.000000	0.000000	0.000000	229.9
1.000000	0.000000	0.000000	0.000000	230.0
1.000000	0.000000	0.000000	0.000000	230.1
1.000000	0.000000	0.000000	0.000000	230.2
1.000000	0.000000	0.000000	0.000000	230.3
1.000000	0.000000	0.000000	0.000000	230.4
1.000000	0.000000	0.000000	0.000000	230.5
1.000000	0.000000	0.000000	0.000000	230.6
1.000000	0.000000	0.000000	0.000000	230.7
1.000000	0.000000	0.000000	0.000000	230.8
1.000000	0.000000	0.000000	0.000000	230.9
1.000000	0.000000	0.000000	0.000000	231.0
0.999986	0.000014	0.000000	0.000007	231.1
0.999986	0.000014	0.000000	0.000007	231.2
0.999986	0.000014	0.000000	0.000007	231.3
0.999986	0.000014	0.000000	0.000007	231.4
0.999986	0.000014	0.000000	0.000007	231.5
0.999986	0.000014	0.000000	0.000007	231.6
0.999986	0.000014	0.000000	0.000007	231.7
0.999985	0.000015	0.000000	0.000007	231.8
0.999985	0.000015	0.000000	0.000007	231.9
0.999985	0.000015	0.000000	0.000007	232.0
0.999985	0.000015	0.000000	0.000008	232.1
0.999985	0.000015	0.000000	0.000008	232.2
0.999985	0.000015	0.000000	0.000008	232.3
0.999985	0.000015	0.000000	0.000008	232.4
0.999984	0.000016	0.000000	0.000008	232.5
0.999984	0.000016	0.000000	0.000008	232.6
0.999984	0.000016	0.000000	0.000008	232.7
0.999984	0.000016	0.000000	0.000008	232.8
0.999984	0.000016	0.000000	0.000008	232.9
0.999984	0.000016	0.000000	0.000008	233.0
0.999984	0.000016	0.000000	0.000008	233.1
0.999983	0.000017	0.000000	0.000008	233.2
0.999983	0.000017	0.000000	0.000008	233.3
0.999983	0.000017	0.000000	0.000008	233.4
0.999983	0.000017	0.000000	0.000008	233.5
0.999983	0.000017	0.000000	0.000009	233.6
0.999983	0.000017	0.000000	0.000009	233.7
0.999983	0.000017	0.000000	0.000009	233.8
0.999982	0.000018	0.000000	0.000009	233.9
0.999982	0.000018	0.000000	0.000009	234.0
0.999982	0.000018	0.000000	0.000009	234.1
0.999982	0.000018	0.000000	0.000009	234.2
0.999982	0.000018	0.000000	0.000009	234.3
0.999982	0.000018	0.000000	0.000009	234.4
0.999981	0.000019	0.000000	0.000009	234.5
0.999981	0.000019	0.000000	0.000009	234.6
0.999981	0.000019	0.000000	0.000009	234.7
0.999981	0.000019	0.000000	0.000010	234.8
0.999981	0.000019	0.000000	0.000010	234.9
0.999981	0.000019	0.000000	0.000010	235.0
0.999980	0.000020	0.000000	0.000010	235.1
0.999980	0.000020	0.000000	0.000010	235.2
0.999980	0.000020	0.000000	0.000010	235.3
0.999980	0.000020	0.000000	0.000010	235.4
0.999980	0.000020	0.000000	0.000010	235.5
0.999980	0.000020	0.000000	0.000010	235.6
0.999979	0.000021	0.000000	0.000010	235.7
0.999979	0.000021	0.000000	0.000010	235.8
0.999979	0.000021	0.000000	0.000010	235.9
0.999979	0.000021	0.000000	0.000011	236.0
0.999979	0.000021	0.000000	0.000011	236.1
0.999978	0.000022	0.000000	0.000011	236.2
0.999978	0.000022	0.000000	0.000011	236.3
0.999978	0.000022	0.000000	0.000011	236.4
0.999978	0.000022	0.000000	0.000011	236.5
0.999978	0.000022	0.000000	0.000011	236.6
0.999978	0.000022	0.000000	0.000011	236.7
0.999977	0.000023	0.000000	0.000011	236.8
0.999977	0.000023	0.000000	0.000011	236.9
0.999977	0.000023	0.000000	0.000012	237.0
0.999977	0.000023	0.000000	0.000012	237.1
0.999977	0.000023	0.000000	0.000012	237.2
0.999976	0.000024	0.000000	0.000012	237.3
0.999976	0.000024	0.000000	0.000012	237.4
0.999976	0.000024	0.000000	0.000012	237.5
0.999976	0.000024	0.000000	0.000012	237.6
0.999976	0.000024	0.000000	0.000012	237.7
0.999975	0.000025	0.000000	0.000012	237.8
0.999975	0.000025	0.000000	0.000012	237.9
0.999975	0.000025	0.000000	0.000013	238.0
0.999975	0.000025	0.000000	0.000013	238.1
0.999974	0.000026	0.000000	0.000013	238.2
0.999974	0.000026	0.000000	0.000013	238.3
0.999974	0.000026	0.000000	0.000013	238.4
0.999974	0.000026	0.000000	0.000013	238.5
0.999974	0.000026	0.000000	0.000013	238.6
0.999973	0.000027	0.000000	0.000013	238.7
0.999973	0.000027	0.000000	0.000013	238.8
0.999973	0.000027	0.000000	0.000014	238.9
0.999973	0.000027	0.000000	0.000014	239.0
0.999972	0.000028	0.000000	0.000014	239.1
0.999972	0.000028	0.000000	0.000014	239.2
0.999972	0.000028	0.000000	0.000014	239.3
0.999972	0.000028	0.000000	0.000014	239.4
0.999972	0.000028	0.000000	0.000014	239.5
0.999971	0.000029	0.000000	0.000014	239.6
0.999971	0.000029	0.000000	0.000014	239.7
0.999971	0.000029	0.000000	0.000015	239.8
0.999971	0.000029	0.000000	0.000015	239.9
0.999970	0.000030	0.000000	0.000015	240.0
0.999970	0.000030	0.000000	0.000015	240.1
0.999970	0.000030	0.000000	0.000015	240.2
0.999970	0.000030	0.000000	0.000015	240.3
0.999969	0.000031	0.000000	0.000015	240.4
0.999969	0.000031	0.000000	0.000015	240.5
0.999969	0.000031	0.000000	0.000016	240.6
0.999969	0.000031	0.000000	0.000016	240.7
0.999968	0.000032	0.000000	0.000016	240.8
0.999968	0.000032	0.000000	0.000016	240.9
0.999968	0.000032	0.000000	0.000016	241.0
0.999967	0.000033	0.000000	0.000016	241.1
0.999967	0.000033	0.000000	0.000016	241.2
0.999967	0.000033	0.000000	0.000017	241.3
0.999967	0.000033	0.000000	0.000017	241.4
0.999966	0.000034	0.000000	0.000017	241.5
0.999966	0.000034	0.000000	0.000017	241.6
0.999966	0.000034	0.000000	0.000017	241.7
0.999966	0.000034	0.000000	0.000017	241.8
0.999965	0.000035	0.000000	0.000017	241.9
0.999965	0.000035	0.000000	0.000018	242.0
0.999965	0.000035	0.000000	0.000018	242.1
0.999964	0.000036	0.000000	0.000018	242.2
0.999964	0.000036	0.000000	0.000018	242.3
0.999964	0.000036	0.000000	0.000018	242.4
0.999963	0.000037	0.000000	0.000018	242.5
0.999963	0.000037	0.000000	0.000018	242.6
0.999963	0.000037	0.000000	0.000019	242.7
0.999963	0.000037	0.000000	0.000019	242.8
0.999962	0.000038	0.000000	0.000019	242.9
0.999962	0.000038	0.000000	0.000019	243.0
0.999962	0.000038	0.000000	0.000019	243.1
0.999961	0.000039	0.000000	0.000019	243.2
0.999961	0.000039	0.000000	0.000019	243.3
0.999961	0.000039	0.000000	0.000020	243.4
0.999960	0.000040	0.000000	0.000020	243.5
0.999960	0.000040	0.000000	0.000020	243.6
0.999960	0.000040	0.000000	0.000020	243.7
0.999959	0.000041	0.000000	0.000020	243.8
0.999959	0.000041	0.000000	0.000020	243.9
0.999959	0.000041	0.000000	0.000021	244.0
0.999958	0.000042	0.000000	0.000021	244.1
0.999958	0.000042	0.000000	0.000021	244.2
0.999958	0.000042	0.000000	0.000021	244.3
0.999957	0.000043	0.000000	0.000021	244.4
0.999957	0.000043	0.000000	0.000021	244.5
0.999957	0.000043	0.000000	0.000022	244.6
0.999956	0.000044	0.000000	0.000022	244.7
0.999956	0.000044	0.000000	0.000022	244.8
0.999956	0.000044	0.000000	0.000022	244.9
0.999955	0.000045	0.000000	0.000022	245.0
0.999955	0.000045	0.000000	0.000023	245.1
0.999955	0.000045	0.000000	0.000023	245.2
0.999954	0.000046	0.000000	0.000023	245.3
0.999954	0.000046	0.000000	0.000023	245.4
0.999953	0.000047	0.000000	0.000023	245.5
0.999953	0.000047	0.000000	0.000023	245.6
0.999953	0.000047	0.000000	0.000024	245.7
0.999952	0.000048	0.000000	0.000024	245.8
0.999952	0.000048	0.000000	0.000024	245.9
0.999952	0.000048	0.000000	0.000024	246.0
0.999951	0.000049	0.000000	0.000024	246.1
0.999951	0.000049	0.000000	0.000025	246.2
0.999950	0.000050	0.000000	0.000025	246.3
0.999950	0.000050	0.000000	0.000025	246.4
0.999950	0.000050	0.000000	0.000025	246.5
0.999949	0.000051	0.000000	0.000025	246.6
0.999949	0.000051	0.000000	0.000026	246.7
0.999948	0.000052	0.000000	0.000026	246.8
0.999948	0.000052	0.000000	0.000026	246.9
0.999948	0.000052	0.000000	0.000026	247.0
0.999947	0.000053	0.000000	0.000026	247.1
0.999947	0.000053	0.000000	0.000027	247.2
0.999946	0.000054	0.000000	0.000027	247.3
0.999946	0.000054	0.000000	0.000027	247.4
0.999945	0.000055	0.000000	0.000027	247.5
0.999945	0.000055	0.000000	0.000027	247.6
0.999945	0.000055	0.000000	0.000028	247.7
0.999944	0.000056	0.000000	0.000028	247.8
0.999944	0.000056	0.000000	0.000028	247.9
0.999943	0.000057	0.000000	0.000028	248.0
0.999943	0.000057	0.000000	0.000029	248.1
0.999942	0.000058	0.000000	0.000029	248.2
0.999942	0.000058	0.000000	0.000029	248.3
0.999942	0.000058	0.000000	0.000029	248.4
0.999941	0.000059	0.000000	0.000029	248.5
0.999941	0.000059	0.000000	0.000030	248.6
0.999940	0.000060	0.000000	0.000030	248.7
0.999940	0.000060	0.000000	0.000030	248.8
0.999939	0.000061	0.000000	0.000030	248.9
0.999939	0.000061	0.000000	0.000031	249.0
0.999938	0.000062	0.000000	0.000031	249.1
0.999938	0.000062	0.000000	0.000031	249.2
0.999937	0.000063	0.000000	0.000031	249.3
0.999937	0.000063	0.000000	0.000032	249.4
0.999936	0.000064	0.000000	0.000032	249.5
0.999936	0.000064	0.000000	0.000032	249.6
0.999935	0.000065	0.000000	0.000032	249.7
0.999935	0.000065	0.000000	0.000033	249.8
0.999934	0.000066	0.000000	0.000033	249.9
0.999934	0.000066	0.000000	0.000033	250.0
0.999933	0.000067	0.000000	0.000033	250.1
0.999933	0.000067	0.000000	0.000034	250.2
0.999932	0.000068	0.000000	0.000034	250.3
0.999932	0.000068	0.000000	0.000034	250.4
0.999931	0.000069	0.000000	0.000034	250.5
0.999931	0.000069	0.000000	0.000035	250.6
0.999930	0.000070	0.000000	0.000035	250.7
0.999930	0.000070	0.000000	0.000035	250.8
0.999929	0.000071	0.000000	0.000035	250.9
0.999929	0.000071	0.000000	0.000036	251.0
0.999928	0.000072	0.000000	0.000036	251.1
0.999927	0.000073	0.000000	0.000036	251.2
0.999927	0.000073	0.000000	0.000037	251.3
0.999926	0.000074	0.000000	0.000037	251.4
0.999926	0.000074	0.000000	0.000037	251.5
0.999925	0.000075	0.000000	0.000037	251.6
0.999925	0.000075	0.000000	0.000038	251.7
0.999924	0.000076	0.000000	0.000038	251.8
0.999923	0.000077	0.000000	0.000038	251.9
0.999923	0.000077	0.000000	0.000039	252.0
0.999922	0.000078	0.000000	0.000039	252.1
0.999922	0.000078	0.000000	0.000039	252.2
0.999921	0.000079	0.000000	0.000039	252.3
0.999921	0.000079	0.000000	0.000040	252.4
0.999920	0.000080	0.000000	0.000040	252.5
0.999919	0.000081	0.000000	0.000040	252.6
0.999919	0.000081	0.000000	0.000041	252.7
0.999918	0.000082	0.000000	0.000041	252.8
0.999917	0.000083	0.000000	0.000041	252.9
0.999917	0.000083	0.000000	0.000042	253.0
0.999916	0.000084	0.000000	0.000042	253.1
0.999916	0.000084	0.000000	0.000042	253.2
0.999915	0.000085	0.000000	0.000043	253.3
0.999914	0.000086	0.000000	0.000043	253.4
0.999914	0.000086	0.000000	0.000043	253.5
0.999913	0.000087	0.000000	0.000044	253.6
0.999912	0.000088	0.000000	0.000044	253.7
0.999912	0.000088	0.000000	0.000044	253.8
0.999911	0.000089	0.000000	0.000044	253.9
0.999910	0.000090	0.000000	0.000045	254.0
0.999910	0.000090	0.000000	0.000045	254.1
0.999909	0.000091	0.000000	0.000045	254.2
0.999908	0.000092	0.000000	0.000046	254.3
0.999908	0.000092	0.000000	0.000046	254.4
0.999907	0.000093	0.000000	0.000047	254.5
0.999906	0.000094	0.000000	0.000047	254.6
0.999906	0.000094	0.000000	0.000047	254.7
0.999905	0.000095	0.000000	0.000048	254.8
0.999904	0.000096	0.000000	0.000048	254.9
0.999903	0.000097	0.000000	0.000048	255.0
0.999903	0.000097	0.000000	0.000049	255.1
0.999902	0.000098	0.000000	0.000049	255.2
0.999901	0.000099	0.000000	0.000049	255.3
0.999901	0.000099	0.000000	0.000050	255.4
0.999900	0.000100	0.000000	0.000050	255.5
0.999899	0.000101	0.000000	0.000050	255.6
0.999898	0.000102	0.000000	0.000051	255.7
0.999898	0.000102	0.000000	0.000051	255.8
0.999897	0.000103	0.000000	0.000052	255.9
0.999896	0.000104	0.000000	0.000052	256.0
0.999895	0.000105	0.000000	0.000052	256.1
0.999895	0.000105	0.000000	0.000053	256.2
0.999894	0.000106	0.000000	0.000053	256.3
0.999893	0.000107	0.000000	0.000054	256.4
0.999892	0.000108	0.000000	0.000054	256.5
0.999891	0.000109	0.000000	0.000054	256.6
0.999891	0.000109	0.000000	0.000055	256.7
0.999890	0.000110	0.000000	0.000055	256.8
0.999889	0.000111	0.000000	0.000056	256.9
0.999888	0.000112	0.000000	0.000056	257.0
0.999887	0.000113	0.000000	0.000056	257.1
0.999887	0.000113	0.000000	0.000057	257.2
0.999886	0.000114	0.000000	0.000057	257.3
0.999885	0.000115	0.000000	0.000058	257.4
0.999884	0.000116	0.000000	0.000058	257.5
0.999883	0.000117	0.000000	0.000058	257.6
0.999882	0.000118	0.000000	0.000059	257.7
0.999881	0.000118	0.000000	0.000059	257.8
0.999881	0.000119	0.000000	0.000060	257.9
0.999880	0.000120	0.000000	0.000060	258.0
0.999879	0.000121	0.000000	0.000061	258.1
0.999878	0.000122	0.000000	0.000061	258.2
0.999877	0.000123	0.000000	0.000061	258.3
0.999876	0.000124	0.000000	0.000062	258.4
0.999875	0.000125	0.000000	0.000062	258.5
0.999874	0.000126	0.000000	0.000063	258.6
0.999874	0.000126	0.000000	0.000063	258.7
0.999873	0.000127	0.000000	0.000064	258.8
0.999872	0.000128	0.000000	0.000064	258.9
0.999871	0.000129	0.000000	0.000065	259.0
0.999870	0.000130	0.000000	0.000065	259.1
0.999869	0.000131	0.000000	0.000066	259.2
0.999868	0.000132	0.000000	0.000066	259.3
0.999867	0.000133	0.000000	0.000066	259.4
0.999866	0.000134	0.000000	0.000067	259.5
0.999865	0.000135	0.000000	0.000067	259.6
0.999864	0.000136	0.000000	0.000068	259.7
0.999863	0.000137	0.000000	0.000068	259.8
0.999862	0.000138	0.000000	0.000069	259.9
0.999861	0.000139	0.000000	0.000069	260.0
0.999860	0.000140	0.000000	0.000070	260.1
0.999859	0.000141	0.000000	0.000070	260.2
0.999858	0.000142	0.000000	0.000071	260.3
0.999857	0.000143	0.000000	0.000071	260.4
0.999856	0.000144	0.000000	0.000072	260.5
0.999855	0.000145	0.000000	0.000072	260.6
0.999854	0.000146	0.000000	0.000073	260.7
0.999853	0.000147	0.000000	0.000073	260.8
0.999852	0.000148	0.000000	0.000074	260.9
0.999851	0.000149	0.000000	0.000075	261.0
0.999850	0.000150	0.000000	0.000075	261.1
0.999849	0.000151	0.000000	0.000076	261.2
0.999848	0.000152	0.000000	0.000076	261.3
0.999847	0.000153	0.000000	0.000077	261.4
0.999846	0.000154	0.000000	0.000077	261.5
0.999845	0.000155	0.000000	0.000078	261.6
0.999843	0.000156	0.000000	0.000078	261.7
0.999842	0.000158	0.000000	0.000079	261.8
0.999841	0.000159	0.000000	0.000079	261.9
0.999840	0.000160	0.000000	0.000080	262.0
0.999839	0.000161	0.000000	0.000080	262.1
0.999838	0.000162	0.000000	0.000081	262.2
0.999837	0.000163	0.000000	0.000082	262.3
0.999836	0.000164	0.000000	0.000082	262.4
0.999834	0.000166	0.000000	0.000083	262.5
0.999833	0.000167	0.000000	0.000083	262.6
0.999832	0.000168	0.000000	0.000084	262.7
0.999831	0.000169	0.000000	0.000085	262.8
0.999830	0.000170	0.000000	0.000085	262.9
0.999829	0.000171	0.000000	0.000086	263.0
0.999827	0.000173	0.000000	0.000086	263.1
0.999826	0.000174	0.000000	0.000087	263.2
0.999825	0.000175	0.000000	0.000088	263.3
0.999824	0.000176	0.000000	0.000088	263.4
0.999823	0.000177	0.000000	0.000089	263.5
0.999821	0.000179	0.000000	0.000089	263.6
0.999820	0.000180	0.000000	0.000090	263.7
0.999819	0.000181	0.000000	0.000091	263.8
0.999818	0.000182	0.000000	0.000091	263.9
0.999816	0.000184	0.000000	0.000092	264.0
0.999815	0.000185	0.000000	0.000093	264.1
0.999814	0.000186	0.000000	0.000093	264.2
0.999812	0.000188	0.000000	0.000094	264.3
0.999811	0.000189	0.000000	0.000094	264.4
0.999810	0.000190	0.000000	0.000095	264.5
0.999809	0.000191	0.000000	0.000096	264.6
0.999807	0.000193	0.000000	0.000096	264.7
0.999806	0.000194	0.000000	0.000097	264.8
0.999805	0.000195	0.000000	0.000098	264.9
0.999803	0.000197	0.000000	0.000098	265.0
0.999802	0.000198	0.000000	0.000099	265.1
0.999801	0.000199	0.000000	0.000100	265.2
0.999799	0.000201	0.000000	0.000100	265.3
0.999798	0.000202	0.000000	0.000101	265.4
0.999796	0.000204	0.000000	0.000102	265.5
0.999795	0.000205	0.000000	0.000103	265.6
0.999794	0.000206	0.000000	0.000103	265.7
0.999792	0.000208	0.000000	0.000104	265.8
0.999791	0.000209	0.000000	0.000105	265.9
0.999789	0.000211	0.000000	0.000105	266.0
0.999788	0.000212	0.000000	0.000106	266.1
0.999786	0.000214	0.000000	0.000107	266.2
0.999785	0.000215	0.000000	0.000108	266.3
0.999784	0.000216	0.000000	0.000108	266.4
0.999782	0.000218	0.000000	0.000109	266.5
0.999781	0.000219	0.000000	0.000110	266.6
0.999779	0.000221	0.000000	0.000110	266.7
0.999778	0.000222	0.000000	0.000111	266.8
0.999776	0.000224	0.000000	0.000112	266.9
0.999775	0.000225	0.000000	0.000113	267.0
0.999773	0.000227	0.000000	0.000114	267.1
0.999771	0.000228	0.000000	0.000114	267.2
0.999770	0.000230	0.000000	0.000115	267.3
0.999768	0.000232	0.000000	0.000116	267.4
0.999767	0.000233	0.000000	0.000117	267.5
0.999765	0.000235	0.000000	0.000117	267.6
0.999764	0.000236	0.000000	0.000118	267.7
0.999762	0.000238	0.000000	0.000119	267.8
0.999760	0.000239	0.000000	0.000120	267.9
0.999759	0.000241	0.000000	0.000121	268.0
0.999757	0.000243	0.000000	0.000121	268.1
0.999756	0.000244	0.000000	0.000122	268.2
0.999754	0.000246	0.000000	0.000123	268.3
0.999752	0.000248	0.000000	0.000124	268.4
0.999751	0.000249	0.000000	0.000125	268.5
0.999749	0.000251	0.000000	0.000126	268.6
0.999747	0.000253	0.000000	0.000126	268.7
0.999746	0.000254	0.000000	0.000127	268.8
0.999744	0.000256	0.000000	0.000128	268.9
0.999742	0.000258	0.000000	0.000129	269.0
0.999741	0.000259	0.000000	0.000130	269.1
0.999739	0.000261	0.000000	0.000131	269.2
0.999737	0.000263	0.000000	0.000132	269.3
0.999735	0.000265	0.000000	0.000132	269.4
0.999734	0.000266	0.000000	0.000133	269.5
0.999732	0.000268	0.000000	0.000134	269.6
0.999730	0.000270	0.000000	0.000135	269.7
0.999728	0.000272	0.000000	0.000136	269.8
0.999726	0.000274	0.000000	0.000137	269.9
0.999725	0.000275	0.000000	0.000138	270.0
0.999723	0.000277	0.000000	0.000139	270.1
0.999721	0.000279	0.000000	0.000140	270.2
0.999719	0.000281	0.000000	0.000140	270.3
0.999717	0.000283	0.000000	0.000141	270.4
0.999715	0.000285	0.000000	0.000142	270.5
0.999713	0.000286	0.000000	0.000143	270.6
0.999712	0.000288	0.000000	0.000144	270.7
0.999710	0.000290	0.000000	0.000145	270.8
0.999708	0.000292	0.000000	0.000146	270.9
0.999706	0.000294	0.000000	0.000147	271.0
0.999704	0.000296	0.000000	0.000148	271.1
0.999702	0.000298	0.000000	0.000149	271.2
0.999700	0.000300	0.000000	0.000150	271.3
0.999698	0.000302	0.000000	0.000151	271.4
0.999696	0.000304	0.000000	0.000152	271.5
0.999694	0.000306	0.000000	0.000153	271.6
0.999692	0.000308	0.000000	0.000154	271.7
0.999690	0.000310	0.000000	0.000155	271.8
0.999688	0.000312	0.000000	0.000156	271.9
0.999686	0.000314	0.000000	0.000157	272.0
0.999684	0.000316	0.000000	0.000158	272.1
0.999682	0.000318	0.000000	0.000159	272.2
0.999680	0.000320	0.000000	0.000160	272.3
0.999678	0.000322	0.000000	0.000161	272.4
0.999676	0.000324	0.000000	0.000162	272.5
0.999674	0.000326	0.000000	0.000163	272.6
0.999671	0.000328	0.000000	0.000164	272.7
0.999669	0.000331	0.000000	0.000165	272.8
0.999667	0.000333	0.000000	0.000166	272.9
0.999665	0.000335	0.000000	0.000168	273.0
0.999663	0.000337	0.000000	0.000169	273.1
0.999661	0.000339	0.000000	0.000170	273.2
0.999658	0.000341	0.000000	0.000171	273.3
0.999656	0.000344	0.000000	0.000172	273.4
0.999654	0.000346	0.000000	0.000173	273.5
0.999652	0.000348	0.000000	0.000174	273.6
0.999650	0.000350	0.000000	0.000175	273.7
0.999647	0.000353	0.000000	0.000176	273.8
0.999645	0.000355	0.000000	0.000178	273.9
0.999643	0.000357	0.000000	0.000179	274.0
0.999640	0.000359	0.000000	0.000180	274.1
0.999638	0.000362	0.000000	0.000181	274.2
0.999636	0.000364	0.000000	0.000182	274.3
0.999633	0.000366	0.000000	0.000183	274.4
0.999631	0.000369	0.000000	0.000184	274.5
0.999629	0.000371	0.000000	0.000186	274.6
0.999626	0.000373	0.000000	0.000187	274.7
0.999624	0.000376	0.000000	0.000188	274.8
0.999622	0.000378	0.000000	0.000189	274.9
0.999619	0.000381	0.000000	0.000190	275.0
0.999617	0.000383	0.000000	0.000192	275.1
0.999614	0.000386	0.000000	0.000193	275.2
0.999612	0.000388	0.000000	0.000194	275.3
0.999609	0.000390	0.000000	0.000195	275.4
0.999607	0.000393	0.000000	0.000197	275.5
0.999604	0.000395	0.000000	0.000198	275.6
0.999602	0.000398	0.000000	0.000199	275.7
0.999599	0.000400	0.000000	0.000200	275.8
0.999597	0.000403	0.000000	0.000202	275.9
0.999594	0.000406	0.000000	0.000203	276.0
0.999592	0.000408	0.000000	0.000204	276.1
0.999589	0.000411	0.000000	0.000206	276.2
0.999587	0.000413	0.000000	0.000207	276.3
0.999584	0.000416	0.000000	0.000208	276.4
0.999581	0.000419	0.000000	0.000209	276.5
0.999579	0.000421	0.000000	0.000211	276.6
0.999576	0.000424	0.000000	0.000212	276.7
0.999573	0.000426	0.000000	0.000213	276.8
0.999571	0.000429	0.000000	0.000215	276.9
0.999568	0.000432	0.000000	0.000216	277.0
0.999565	0.000435	0.000000	0.000217	277.1
0.999562	0.000437	0.000000	0.000219	277.2
0.999560	0.000440	0.000000	0.000220	277.3
0.999557	0.000443	0.000000	0.000222	277.4
0.999554	0.000446	0.000000	0.000223	277.5
0.999551	0.000448	0.000000	0.000224	277.6
0.999549	0.000451	0.000000	0.000226	277.7
0.999546	0.000454	0.000000	0.000227	277.8
0.999543	0.000457	0.000000	0.000229	277.9
0.999540	0.000460	0.000000	0.000230	278.0
0.999537	0.000463	0.000000	0.000232	278.1
0.999534	0.000465	0.000000	0.000233	278.2
0.999531	0.000468	0.000000	0.000234	278.3
0.999528	0.000471	0.000000	0.000236	278.4
0.999526	0.000474	0.000000	0.000237	278.5
0.999523	0.000477	0.000000	0.000239	278.6
0.999520	0.000480	0.000000	0.000240	278.7
0.999517	0.000483	0.000000	0.000242	278.8
0.999514	0.000486	0.000000	0.000243	278.9
0.999511	0.000489	0.000000	0.000245	279.0
0.999508	0.000492	0.000000	0.000246	279.1
0.999505	0.000495	0.000000	0.000248	279.2
0.999501	0.000498	0.000000	0.000249	279.3
0.999498	0.000501	0.000000	0.000251	279.4
0.999495	0.000504	0.000000	0.000252	279.5
0.999492	0.000508	0.000000	0.000254	279.6
0.999489	0.000511	0.000000	0.000256	279.7
0.999486	0.000514	0.000000	0.000257	279.8
0.999483	0.000517	0.000000	0.000259	279.9
0.999480	0.000520	0.000000	0.000260	280.0
0.999476	0.000523	0.000000	0.000262	280.1
0.999473	0.000527	0.000000	0.000264	280.2
0.999470	0.000530	0.000000	0.000265	280.3
0.999467	0.000533	0.000000	0.000267	280.4
0.999463	0.000536	0.000000	0.000268	280.5
0.999460	0.000540	0.000000	0.000270	280.6
0.999457	0.000543	0.000000	0.000272	280.7
0.999453	0.000546	0.000000	0.000273	280.8
0.999450	0.000550	0.000000	0.000275	280.9
0.999447	0.000553	0.000000	0.000277	281.0
0.999443	0.000556	0.000000	0.000278	281.1
0.999440	0.000560	0.000000	0.000280	281.2
0.999437	0.000563	0.000000	0.000282	281.3
0.999433	0.000567	0.000000	0.000284	281.4
0.999430	0.000570	0.000000	0.000285	281.5
0.999426	0.000573	0.000000	0.000287	281.6
0.999423	0.000577	0.000000	0.000289	281.7
0.999419	0.000580	0.000000	0.000291	281.8
0.999416	0.000584	0.000000	0.000292	281.9
0.999412	0.000588	0.000000	0.000294	282.0
0.999409	0.000591	0.000000	0.000296	282.1
0.999405	0.000595	0.000000	0.000298	282.2
0.999401	0.000598	0.000000	0.000300	282.3
0.999398	0.000602	0.000000	0.000301	282.4
0.999394	0.000606	0.000000	0.000303	282.5
0.999390	0.000609	0.000000	0.000305	282.6
0.999387	0.000613	0.000000	0.000307	282.7
0.999383	0.000617	0.000000	0.000309	282.8
0.999379	0.000620	0.000000	0.000311	282.9
0.999376	0.000624	0.000000	0.000312	283.0
0.999372	0.000628	0.000000	0.000314	283.1
0.999368	0.000632	0.000000	0.000316	283.2
0.999364	0.000635	0.000000	0.000318	283.3
0.999360	0.000639	0.000000	0.000320	283.4
0.999357	0.000643	0.000000	0.000322	283.5
0.999353	0.000647	0.000000	0.000324	283.6
0.999349	0.000651	0.000000	0.000326	283.7
0.999345	0.000655	0.000000	0.000328	283.8
0.999341	0.000659	0.000000	0.000330	283.9
0.999337	0.000663	0.000000	0.000332	284.0
0.999333	0.000666	0.000000	0.000334	284.1
0.999329	0.000670	0.000000	0.000336	284.2
0.999325	0.000674	0.000000	0.000338	284.3
0.999321	0.000678	0.000000	0.000340	284.4
0.999317	0.000683	0.000000	0.000342	284.5
0.999313	0.000687	0.000000	0.000344	284.6
0.999309	0.000691	0.000000	0.000346	284.7
0.999305	0.000695	0.000000	0.000348	284.8
0.999301	0.000699	0.000000	0.000350	284.9
0.999296	0.000703	0.000000	0.000352	285.0
0.999292	0.000707	0.000001	0.000354	285.1
0.999288	0.000711	0.000001	0.000356	285.2
0.999284	0.000716	0.000001	0.000358	285.3
0.999280	0.000720	0.000001	0.000360	285.4
0.999275	0.000724	0.000001	0.000363	285.5
0.999271	0.000728	0.000001	0.000365	285.6
0.999267	0.000733	0.000001	0.000367	285.7
0.999262	0.000737	0.000001	0.000369	285.8
0.999258	0.000741	0.000001	0.000371	285.9
0.999254	0.000746	0.000001	0.000373	286.0
0.999249	0.000750	0.000001	0.000376	286.1
0.999245	0.000755	0.000001	0.000378	286.2
0.999240	0.000759	0.000001	0.000380	286.3
0.999236	0.000763	0.000001	0.000382	286.4
0.999231	0.000768	0.000001	0.000385	286.5
0.999227	0.000772	0.000001	0.000387	286.6
0.999222	0.000777	0.000001	0.000389	286.7
0.999218	0.000782	0.000001	0.000391	286.8
0.999213	0.000786	0.000001	0.000394	286.9
0.999209	0.000791	0.000001	0.000396	287.0
0.999204	0.000795	0.000001	0.000398	287.1
0.999199	0.000800	0.000001	0.000401	287.2
0.999195	0.000805	0.000001	0.000403	287.3
0.999190	0.000809	0.000001	0.000405	287.4
0.999185	0.000814	0.000001	0.000408	287.5
0.999180	0.000819	0.000001	0.000410	287.6
0.999176	0.000824	0.000001	0.000413	287.7
0.999171	0.000828	0.000001	0.000415	287.8
0.999166	0.000833	0.000001	0.000417	287.9
0.999161	0.000838	0.000001	0.000420	288.0
0.999156	0.000843	0.000001	0.000422	288.1
0.999151	0.000848	0.000001	0.000425	288.2
0.999146	0.000853	0.000001	0.000427	288.3
0.999142	0.000858	0.000001	0.000430	288.4
0.999137	0.000863	0.000001	0.000432	288.5
0.999132	0.000868	0.000001	0.000435	288.6
0.999127	0.000873	0.000001	0.000437	288.7
0.999121	0.000878	0.000001	0.000440	288.8
0.999116	0.000883	0.000001	0.000442	288.9
0.999111	0.000888	0.000001	0.000445	289.0
0.999106	0.000893	0.000001	0.000447	289.1
0.999101	0.000898	0.000001	0.000450	289.2
0.999096	0.000903	0.000001	0.000453	289.3
0.999091	0.000909	0.000001	0.000455	289.4
0.999085	0.000914	0.000001	0.000458	289.5
0.999080	0.000919	0.000001	0.000460	289.6
0.999075	0.000924	0.000001	0.000463	289.7
0.999069	0.000930	0.000001	0.000466	289.8
0.999064	0.000935	0.000001	0.000468	289.9
0.999059	0.000940	0.000001	0.000471	290.0
0.999053	0.000946	0.000001	0.000474	290.1
0.999048	0.000951	0.000001	0.000476	290.2
0.999042	0.000957	0.000001	0.000479	290.3
0.999037	0.000962	0.000001	0.000482	290.4
0.999031	0.000968	0.000001	0.000485	290.5
0.999026	0.000973	0.000001	0.000487	290.6
0.999020	0.000979	0.000001	0.000490	290.7
0.999015	0.000984	0.000001	0.000493	290.8
0.999009	0.000990	0.000001	0.000496	290.9
0.999004	0.000995	0.000001	0.000499	291.0
0.998998	0.001001	0.000001	0.000502	291.1
0.998992	0.001007	0.000001	0.000504	291.2
0.998986	0.001013	0.000001	0.000507	291.3
0.998981	0.001018	0.000001	0.000510	291.4
0.998975	0.001024	0.000001	0.000513	291.5
0.998969	0.001030	0.000001	0.000516	291.6
0.998963	0.001036	0.000001	0.000519	291.7
0.998957	0.001042	0.000001	0.000522	291.8
0.998951	0.001047	0.000001	0.000525	291.9
0.998945	0.001053	0.000001	0.000528	292.0
0.998940	0.001059	0.000001	0.000531	292.1
0.998934	0.001065	0.000001	0.000534	292.2
0.998927	0.001071	0.000001	0.000537	292.3
0.998921	0.001077	0.000001	0.000540	292.4
0.998915	0.001083	0.000001	0.000543	292.5
0.998909	0.001090	0.000001	0.000546	292.6
0.998903	0.001096	0.000001	0.000549	292.7
0.998897	0.001102	0.000001	0.000552	292.8
0.998891	0.001108	0.000001	0.000555	292.9
0.998884	0.001114	0.000001	0.000558	293.0
0.998878	0.001121	0.000001	0.000562	293.1
0.998872	0.001127	0.000001	0.000565	293.2
0.998866	0.001133	0.000001	0.000568	293.3
0.998859	0.001139	0.000001	0.000571	293.4
0.998853	0.001146	0.000001	0.000574	293.5
0.998846	0.001152	0.000001	0.000577	293.6
0.998840	0.001159	0.000001	0.000581	293.7
0.998833	0.001165	0.000001	0.000584	293.8
0.998827	0.001172	0.000001	0.000587	293.9
0.998820	0.001178	0.000001	0.000590	294.0
0.998814	0.001185	0.000001	0.000594	294.1
0.998807	0.001191	0.000001	0.000597	294.2
0.998801	0.001198	0.000001	0.000600	294.3
0.998794	0.001205	0.000001	0.000604	294.4
0.998787	0.001211	0.000001	0.000607	294.5
0.998780	0.001218	0.000001	0.000611	294.6
0.998774	0.001225	0.000002	0.000614	294.7
0.998767	0.001232	0.000002	0.000617	294.8
0.998760	0.001238	0.000002	0.000621	294.9
0.998753	0.001245	0.000002	0.000624	295.0
0.998746	0.001252	0.000002	0.000628	295.1
0.998739	0.001259	0.000002	0.000631	295.2
0.998732	0.001266	0.000002	0.000635	295.3
0.998725	0.001273	0.000002	0.000638	295.4
0.998718	0.001280	0.000002	0.000642	295.5
0.998711	0.001287	0.000002	0.000645	295.6
0.998704	0.001294	0.000002	0.000649	295.7
0.998697	0.001301	0.000002	0.000652	295.8
0.998690	0.001309	0.000002	0.000656	295.9
0.998682	0.001316	0.000002	0.000660	296.0
0.998675	0.001323	0.000002	0.000663	296.1
0.998668	0.001330	0.000002	0.000667	296.2
0.998661	0.001338	0.000002	0.000671	296.3
0.998653	0.001345	0.000002	0.000674	296.4
0.998646	0.001352	0.000002	0.000678	296.5
0.998638	0.001360	0.000002	0.000682	296.6
0.998631	0.001367	0.000002	0.000685	296.7
0.998623	0.001375	0.000002	0.000689	296.8
0.998616	0.001382	0.000002	0.000693	296.9
0.998608	0.001390	0.000002	0.000697	297.0
0.998601	0.001397	0.000002	0.000701	297.1
0.998593	0.001405	0.000002	0.000704	297.2
0.998585	0.001413	0.000002	0.000708	297.3
0.998578	0.001420	0.000002	0.000712	297.4
0.998570	0.001428	0.000002	0.000716	297.5
0.998562	0.001436	0.000002	0.000720	297.6
0.998554	0.001444	0.000002	0.000724	297.7
0.998546	0.001451	0.000002	0.000728	297.8
0.998539	0.001459	0.000002	0.000732	297.9
0.998531	0.001467	0.000002	0.000736	298.0
0.998523	0.001475	0.000002	0.000740	298.1
0.998515	0.001483	0.000002	0.000744	298.2
0.998507	0.001491	0.000002	0.000748	298.3
0.998498	0.001499	0.000002	0.000752	298.4
0.998490	0.001507	0.000002	0.000756	298.5
0.998482	0.001516	0.000002	0.000760	298.6
0.998474	0.001524	0.000002	0.000764	298.7
0.998466	0.001532	0.000002	0.000768	298.8
0.998457	0.001540	0.000002	0.000772	298.9
0.998449	0.001548	0.000002	0.000777	299.0
0.998441	0.001557	0.000002	0.000781	299.1
0.998432	0.001565	0.000002	0.000785	299.2
0.998424	0.001574	0.000002	0.000789	299.3
0.998415	0.001582	0.000003	0.000794	299.4
0.998407	0.001591	0.000003	0.000798	299.5
0.998398	0.001599	0.000003	0.000802	299.6
0.998390	0.001608	0.000003	0.000806	299.7
0.998381	0.001616	0.000003	0.000811	299.8
0.998372	0.001625	0.000003	0.000815	299.9
0.998364	0.001634	0.000003	0.000820	300.0
0.998355	0.001642	0.000003	0.000824	300.1
0.998346	0.001651	0.000003	0.000828	300.2
0.998337	0.001660	0.000003	0.000833	300.3
0.998328	0.001669	0.000003	0.000837	300.4
0.998319	0.001678	0.000003	0.000842	300.5
0.998310	0.001687	0.000003	0.000846	300.6
0.998301	0.001696	0.000003	0.000851	300.7
0.998292	0.001705	0.000003	0.000855	300.8
0.998283	0.001714	0.000003	0.000860	300.9
0.998274	0.001723	0.000003	0.000864	301.0
0.998265	0.001732	0.000003	0.000869	301.1
0.998256	0.001741	0.000003	0.000874	301.2
0.998246	0.001751	0.000003	0.000878	301.3
0.998237	0.001760	0.000003	0.000883	301.4
0.998228	0.001769	0.000003	0.000888	301.5
0.998218	0.001778	0.000003	0.000892	301.6
0.998209	0.001788	0.000003	0.000897	301.7
0.998199	0.001797	0.000003	0.000902	301.8
0.998190	0.001807	0.000003	0.000907	301.9
0.998180	0.001816	0.000003	0.000912	302.0
0.998171	0.001826	0.000003	0.000916	302.1
0.998161	0.001836	0.000003	0.000921	302.2
0.998151	0.001845	0.000003	0.000926	302.3
0.998142	0.001855	0.000003	0.000931	302.4
0.998132	0.001865	0.000003	0.000936	302.5
0.998122	0.001875	0.000004	0.000941	302.6
0.998112	0.001884	0.000004	0.000946	302.7
0.998102	0.001894	0.000004	0.000951	302.8
0.998092	0.001904	0.000004	0.000956	302.9
0.998082	0.001914	0.000004	0.000961	303.0
0.998072	0.001924	0.000004	0.000966	303.1
0.998062	0.001934	0.000004	0.000971	303.2
0.998052	0.001945	0.000004	0.000976	303.3
0.998041	0.001955	0.000004	0.000981	303.4
0.998031	0.001965	0.000004	0.000986	303.5
0.998021	0.001975	0.000004	0.000992	303.6
0.998011	0.001985	0.000004	0.000997	303.7
0.998000	0.001996	0.000004	0.001002	303.8
0.997990	0.002006	0.000004	0.001007	303.9
0.997979	0.002017	0.000004	0.001012	304.0
0.997969	0.002027	0.000004	0.001018	304.1
0.997958	0.002038	0.000004	0.001023	304.2
0.997947	0.002048	0.000004	0.001028	304.3
0.997937	0.002059	0.000004	0.001034	304.4
0.997926	0.002070	0.000004	0.001039	304.5
0.997915	0.002080	0.000004	0.001045	304.6
0.997904	0.002091	0.000004	0.001050	304.7
0.997893	0.002102	0.000004	0.001055	304.8
0.997883	0.002113	0.000004	0.001061	304.9
0.997872	0.002124	0.000005	0.001066	305.0
0.997861	0.002135	0.000005	0.001072	305.1
0.997849	0.002146	0.000005	0.001078	305.2
0.997838	0.002157	0.000005	0.001083	305.3
0.997827	0.002168	0.000005	0.001089	305.4
0.997816	0.002179	0.000005	0.001094	305.5
0.997805	0.002191	0.000005	0.001100	305.6
0.997793	0.002202	0.000005	0.001106	305.7
0.997782	0.002213	0.000005	0.001112	305.8
0.997770	0.002225	0.000005	0.001117	305.9
0.997759	0.002236	0.000005	0.001123	306.0
0.997747	0.002247	0.000005	0.001129	306.1
0.997736	0.002259	0.000005	0.001135	306.2
0.997724	0.002271	0.000005	0.001140	306.3
0.997713	0.002282	0.000005	0.001146	306.4
0.997701	0.002294	0.000005	0.001152	306.5
0.997689	0.002306	0.000005	0.001158	306.6
0.997677	0.002318	0.000005	0.001164	306.7
0.997665	0.002329	0.000005	0.001170	306.8
0.997653	0.002341	0.000005	0.001176	306.9
0.997641	0.002353	0.000006	0.001182	307.0
0.997629	0.002365	0.000006	0.001188	307.1
0.997617	0.002377	0.000006	0.001194	307.2
0.997605	0.002389	0.000006	0.001200	307.3
0.997593	0.002402	0.000006	0.001207	307.4
0.997580	0.002414	0.000006	0.001213	307.5
0.997568	0.002426	0.000006	0.001219	307.6
0.997556	0.002438	0.000006	0.001225	307.7
0.997543	0.002451	0.000006	0.001231	307.8
0.997531	0.002463	0.000006	0.001238	307.9
0.997518	0.002476	0.000006	0.001244	308.0
0.997505	0.002488	0.000006	0.001250	308.1
0.997493	0.002501	0.000006	0.001257	308.2
0.997480	0.002514	0.000006	0.001263	308.3
0.997467	0.002526	0.000006	0.001270	308.4
0.997454	0.002539	0.000006	0.001276	308.5
0.997442	0.002552	0.000007	0.001282	308.6
0.997429	0.002565	0.000007	0.001289	308.7
0.997416	0.002578	0.000007	0.001296	308.8
0.997403	0.002591	0.000007	0.001302	308.9
0.997389	0.002604	0.000007	0.001309	309.0
0.997376	0.002617	0.000007	0.001315	309.1
0.997363	0.002630	0.000007	0.001322	309.2
0.997350	0.002643	0.000007	0.001329	309.3
0.997336	0.002657	0.000007	0.001335	309.4
0.997323	0.002670	0.000007	0.001342	309.5
0.997309	0.002683	0.000007	0.001349	309.6
0.997296	0.002697	0.000007	0.001356	309.7
0.997282	0.002710	0.000007	0.001363	309.8
0.997269	0.002724	0.000007	0.001369	309.9
0.997255	0.002738	0.000008	0.001376	310.0
0.997241	0.002751	0.000008	0.001383	310.1
0.997227	0.002765	0.000008	0.001390	310.2
0.997213	0.002779	0.000008	0.001397	310.3
0.997199	0.002793	0.000008	0.001404	310.4
0.997185	0.002807	0.000008	0.001411	310.5
0.997171	0.002821	0.000008	0.001418	310.6
0.997157	0.002835	0.000008	0.001425	310.7
0.997143	0.002849	0.000008	0.001433	310.8
0.997129	0.002863	0.000008	0.001440	310.9
0.997114	0.002877	0.000008	0.001447	311.0
0.997100	0.002892	0.000008	0.001454	311.1
0.997086	0.002906	0.000008	0.001461	311.2
0.997071	0.002920	0.000009	0.001469	311.3
0.997057	0.002935	0.000009	0.001476	311.4
0.997042	0.002949	0.000009	0.001483	311.5
0.997027	0.002964	0.000009	0.001491	311.6
0.997012	0.002979	0.000009	0.001498	311.7
0.996998	0.002993	0.000009	0.001506	311.8
0.996983	0.003008	0.000009	0.001513	311.9
0.996968	0.003023	0.000009	0.001521	312.0
0.996953	0.003038	0.000009	0.001528	312.1
0.996938	0.003053	0.000009	0.001536	312.2
0.996923	0.003068	0.000009	0.001543	312.3
0.996907	0.003083	0.000010	0.001551	312.4
0.996892	0.003098	0.000010	0.001559	312.5
0.996877	0.003114	0.000010	0.001567	312.6
0.996861	0.003129	0.000010	0.001574	312.7
0.996846	0.003144	0.000010	0.001582	312.8
0.996830	0.003160	0.000010	0.001590	312.9
0.996815	0.003175	0.000010	0.001598	313.0
0.996799	0.003191	0.000010	0.001606	313.1
0.996783	0.003206	0.000010	0.001614	313.2
0.996767	0.003222	0.000010	0.001621	313.3
0.996752	0.003238	0.000011	0.001629	313.4
0.996736	0.003254	0.000011	0.001638	313.5
0.996720	0.003270	0.000011	0.001646	313.6
0.996703	0.003286	0.000011	0.001654	313.7
0.996687	0.003302	0.000011	0.001662	313.8
0.996671	0.003318	0.000011	0.001670	313.9
0.996655	0.003334	0.000011	0.001678	314.0
0.996638	0.003350	0.000011	0.001686	314.1
0.996622	0.003367	0.000011	0.001695	314.2
0.996606	0.003383	0.000011	0.001703	314.3
0.996589	0.003399	0.000012	0.001711	314.4
0.996572	0.003416	0.000012	0.001720	314.5
0.996556	0.003433	0.000012	0.001728	314.6
0.996539	0.003449	0.000012	0.001737	314.7
0.996522	0.003466	0.000012	0.001745	314.8
0.996505	0.003483	0.000012	0.001754	314.9
0.996488	0.003500	0.000012	0.001762	315.0
0.996471	0.003517	0.000012	0.001771	315.1
0.996454	0.003534	0.000013	0.001779	315.2
0.996437	0.003551	0.000013	0.001788	315.3
0.996419	0.003568	0.000013	0.001797	315.4
0.996402	0.003585	0.000013	0.001805	315.5
0.996385	0.003602	0.000013	0.001814	315.6
0.996367	0.003620	0.000013	0.001823	315.7
0.996350	0.003637	0.000013	0.001832	315.8
0.996332	0.003655	0.000013	0.001841	315.9
0.996314	0.003672	0.000014	0.001850	316.0
0.996296	0.003690	0.000014	0.001859	316.1
0.996279	0.003708	0.000014	0.001868	316.2
0.996261	0.003725	0.000014	0.001877	316.3
0.996243	0.003743	0.000014	0.001886	316.4
0.996224	0.003761	0.000014	0.001895	316.5
0.996206	0.003779	0.000014	0.001904	316.6
0.996188	0.003797	0.000014	0.001913	316.7
0.996170	0.003816	0.000015	0.001922	316.8
0.996151	0.003834	0.000015	0.001932	316.9
0.996133	0.003852	0.000015	0.001941	317.0
0.996114	0.003871	0.000015	0.001950	317.1
0.996096	0.003889	0.000015	0.001960	317.2
0.996077	0.003908	0.000015	0.001969	317.3
0.996058	0.003926	0.000015	0.001979	317.4
0.996039	0.003945	0.000016	0.001988	317.5
0.996020	0.003964	0.000016	0.001998	317.6
0.996001	0.003983	0.000016	0.002007	317.7
0.995982	0.004002	0.000016	0.002017	317.8
0.995963	0.004021	0.000016	0.002027	317.9
0.995944	0.004040	0.000016	0.002036	318.0
0.995924	0.004059	0.000017	0.002046	318.1
0.995905	0.004078	0.000017	0.002056	318.2
0.995886	0.004098	0.000017	0.002066	318.3
0.995866	0.004117	0.000017	0.002076	318.4
0.995846	0.004137	0.000017	0.002085	318.5
0.995827	0.004156	0.000017	0.002095	318.6
0.995807	0.004176	0.000018	0.002105	318.7
0.995787	0.004195	0.000018	0.002115	318.8
0.995767	0.004215	0.000018	0.002125	318.9
0.995747	0.004235	0.000018	0.002136	319.0
0.995727	0.004255	0.000018	0.002146	319.1
0.995706	0.004275	0.000018	0.002156	319.2
0.995686	0.004295	0.000019	0.002166	319.3
0.995666	0.004316	0.000019	0.002177	319.4
0.995645	0.004336	0.000019	0.002187	319.5
0.995625	0.004356	0.000019	0.002197	319.6
0.995604	0.004377	0.000019	0.002208	319.7
0.995583	0.004397	0.000019	0.002218	319.8
0.995562	0.004418	0.000020	0.002229	319.9
0.995542	0.004439	0.000020	0.002239	320.0
0.995521	0.004459	0.000020	0.002250	320.1
0.995499	0.004480	0.000020	0.002260	320.2
0.995478	0.004501	0.000020	0.002271	320.3
0.995457	0.004522	0.000021	0.002282	320.4
0.995436	0.004544	0.000021	0.002293	320.5
0.995414	0.004565	0.000021	0.002303	320.6
0.995393	0.004586	0.000021	0.002314	320.7
0.995371	0.004607	0.000021	0.002325	320.8
0.995350	0.004629	0.000022	0.002336	320.9
0.995328	0.004651	0.000022	0.002347	321.0
0.995306	0.004672	0.000022	0.002358	321.1
0.995284	0.004694	0.000022	0.002369	321.2
0.995262	0.004716	0.000022	0.002380	321.3
0.995240	0.004738	0.000023	0.002391	321.4
0.995218	0.004760	0.000023	0.002403	321.5
0.995195	0.004782	0.000023	0.002414	321.6
0.995173	0.004804	0.000023	0.002425	321.7
0.995150	0.004826	0.000023	0.002437	321.8
0.995128	0.004849	0.000024	0.002448	321.9
0.995105	0.004871	0.000024	0.002459	322.0
0.995082	0.004894	0.000024	0.002471	322.1
0.995060	0.004916	0.000024	0.002482	322.2
0.995037	0.004939	0.000025	0.002494	322.3
0.995014	0.004962	0.000025	0.002506	322.4
0.994990	0.004985	0.000025	0.002517	322.5
0.994967	0.005008	0.000025	0.002529	322.6
0.994944	0.005031	0.000025	0.002541	322.7
0.994920	0.005054	0.000026	0.002553	322.8
0.994897	0.005077	0.000026	0.002564	322.9
0.994873	0.005100	0.000026	0.002576	323.0
0.994850	0.005124	0.000026	0.002588	323.1
0.994826	0.005147	0.000027	0.002600	323.2
0.994802	0.005171	0.000027	0.002612	323.3
0.994778	0.005195	0.000027	0.002625	323.4
0.994754	0.005219	0.000027	0.002637	323.5
0.994730	0.005243	0.000028	0.002649	323.6
0.994706	0.005267	0.000028	0.002661	323.7
0.994681	0.005291	0.000028	0.002673	323.8
0.994657	0.005315	0.000028	0.002686	323.9
0.994632	0.005339	0.000029	0.002698	324.0
0.994608	0.005364	0.000029	0.002711	324.1
0.994583	0.005388	0.000029	0.002723	324.2
0.994558	0.005413	0.000029	0.002736	324.3
0.994533	0.005437	0.000030	0.002748	324.4
0.994508	0.005462	0.000030	0.002761	324.5
0.994483	0.005487	0.000030	0.002774	324.6
0.994458	0.005512	0.000031	0.002786	324.7
0.994432	0.005537	0.000031	0.002799	324.8
0.994407	0.005562	0.000031	0.002812	324.9
0.994381	0.005587	0.000031	0.002825	325.0
0.994356	0.005613	0.000032	0.002838	325.1
0.994330	0.005638	0.000032	0.002851	325.2
0.994304	0.005664	0.000032	0.002864	325.3
0.994278	0.005689	0.000033	0.002877	325.4
0.994252	0.005715	0.000033	0.002890	325.5
0.994226	0.005741	0.000033	0.002904	325.6
0.994200	0.005767	0.000033	0.002917	325.7
0.994173	0.005793	0.000034	0.002930	325.8
0.994147	0.005819	0.000034	0.002944	325.9
0.994120	0.005845	0.000034	0.002957	326.0
0.994094	0.005872	0.000035	0.002971	326.1
0.994067	0.005898	0.000035	0.002984	326.2
0.994040	0.005925	0.000035	0.002998	326.3
0.994013	0.005951	0.000036	0.003011	326.4
0.993986	0.005978	0.000036	0.003025	326.5
0.993959	0.006005	0.000036	0.003039	326.6
0.993931	0.006032	0.000037	0.003053	326.7
0.993904	0.006059	0.000037	0.003066	326.8
0.993876	0.006086	0.000037	0.003080	326.9
0.993849	0.006114	0.000038	0.003094	327.0
0.993821	0.006141	0.000038	0.003108	327.1
0.993793	0.006168	0.000038	0.003123	327.2
0.993765	0.006196	0.000039	0.003137	327.3
0.993737	0.006224	0.000039	0.003151	327.4
0.993709	0.006252	0.000039	0.003165	327.5
0.993681	0.006279	0.000040	0.003179	327.6
0.993652	0.006308	0.000040	0.003194	327.7
0.993624	0.006336	0.000040	0.003208	327.8
0.993595	0.006364	0.000041	0.003223	327.9
0.993567	0.006392	0.000041	0.003237	328.0
0.993538	0.006421	0.000042	0.003252	328.1
0.993509	0.006449	0.000042	0.003267	328.2
0.993480	0.006478	0.000042	0.003281	328.3
0.993451	0.006507	0.000043	0.003296	328.4
0.993421	0.006536	0.000043	0.003311	328.5
0.993392	0.006565	0.000043	0.003326	328.6
0.993363	0.006594	0.000044	0.003341	328.7
0.993333	0.006623	0.000044	0.003356	328.8
0.993303	0.006652	0.000045	0.003371	328.9
0.993273	0.006682	0.000045	0.003386	329.0
0.993243	0.006711	0.000045	0.003401	329.1
0.993213	0.006741	0.000046	0.003416	329.2
0.993183	0.006771	0.000046	0.003432	329.3
0.993153	0.006801	0.000047	0.003447	329.4
0.993122	0.006831	0.000047	0.003462	329.5
0.993092	0.006861	0.000047	0.003478	329.6
0.993061	0.006891	0.000048	0.003493	329.7
0.993030	0.006921	0.000048	0.003509	329.8
0.993000	0.006952	0.000049	0.003525	329.9
0.992969	0.006982	0.000049	0.003540	330.0
0.992937	0.007013	0.000050	0.003556	330.1
0.992906	0.007044	0.000050	0.003572	330.2
0.992875	0.007075	0.000050	0.003588	330.3
0.992843	0.007106	0.000051	0.003604	330.4
0.992812	0.007137	0.000051	0.003620	330.5
0.992780	0.007168	0.000052	0.003636	330.6
0.992748	0.007200	0.000052	0.003652	330.7
0.992716	0.007231	0.000053	0.003668	330.8
0.992684	0.007263	0.000053	0.003684	330.9
0.992652	0.007294	0.000054	0.003701	331.0
0.992620	0.007326	0.000054	0.003717	331.1
0.992587	0.007358	0.000055	0.003734	331.2
0.992555	0.007390	0.000055	0.003750	331.3
0.992522	0.007423	0.000056	0.003767	331.4
0.992489	0.007455	0.000056	0.003783	331.5
0.992456	0.007487	0.000057	0.003800	331.6
0.992423	0.007520	0.000057	0.003817	331.7
0.992390	0.007553	0.000057	0.003834	331.8
0.992357	0.007585	0.000058	0.003851	331.9
0.992323	0.007618	0.000059	0.003868	332.0
0.992290	0.007651	0.000059	0.003885	332.1
0.992256	0.007685	0.000060	0.003902	332.2
0.992222	0.007718	0.000060	0.003919	332.3
0.992188	0.007751	0.000061	0.003936	332.4
0.992154	0.007785	0.000061	0.003954	332.5
0.992120	0.007819	0.000062	0.003971	332.6
0.992085	0.007852	0.000062	0.003988	332.7
0.992051	0.007886	0.000063	0.004006	332.8
0.992016	0.007920	0.000063	0.004023	332.9
0.991982	0.007954	0.000064	0.004041	333.0
0.991947	0.007989	0.000064	0.004059	333.1
0.991912	0.008023	0.000065	0.004077	333.2
0.991877	0.008058	0.000065	0.004094	333.3
0.991842	0.008092	0.000066	0.004112	333.4
0.991806	0.008127	0.000067	0.004130	333.5
0.991771	0.008162	0.000067	0.004148	333.6
0.991735	0.008197	0.000068	0.004166	333.7
0.991699	0.008232	0.000068	0.004185	333.8
0.991663	0.008268	0.000069	0.004203	333.9
0.991627	0.008303	0.000070	0.004221	334.0
0.991591	0.008339	0.000070	0.004240	334.1
0.991555	0.008374	0.000071	0.004258	334.2
0.991518	0.008410	0.000071	0.004276	334.3
0.991482	0.008446	0.000072	0.004295	334.4
0.991445	0.008482	0.000073	0.004314	334.5
0.991408	0.008519	0.000073	0.004332	334.6
0.991371	0.008555	0.000074	0.004351	334.7
0.991334	0.008591	0.000074	0.004370	334.8
0.991297	0.008628	0.000075	0.004389	334.9
0.991259	0.008665	0.000076	0.004408	335.0
0.991222	0.008702	0.000076	0.004427	335.1
0.991184	0.008739	0.000077	0.004446	335.2
0.991146	0.008776	0.000078	0.004466	335.3
0.991109	0.008813	0.000078	0.004485	335.4
0.991070	0.008851	0.000079	0.004504	335.5
0.991032	0.008888	0.000080	0.004524	335.6
0.990994	0.008926	0.000080	0.004543	335.7
0.990955	0.008964	0.000081	0.004563	335.8
0.990917	0.009002	0.000082	0.004583	335.9
0.990878	0.009040	0.000082	0.004602	336.0
0.990839	0.009078	0.000083	0.004622	336.1
0.990800	0.009116	0.000084	0.004642	336.2
0.990761	0.009155	0.000085	0.004662	336.3
0.990721	0.009193	0.000085	0.004682	336.4
0.990682	0.009232	0.000086	0.004702	336.5
0.990642	0.009271	0.000087	0.004722	336.6
0.990602	0.009310	0.000088	0.004743	336.7
0.990562	0.009349	0.000088	0.004763	336.8
0.990522	0.009389	0.000089	0.004783	336.9
0.990482	0.009428	0.000090	0.004804	337.0
0.990442	0.009468	0.000091	0.004824	337.1
0.990401	0.009508	0.000091	0.004845	337.2
0.990360	0.009548	0.000092	0.004866	337.3
0.990319	0.009588	0.000093	0.004887	337.4
0.990279	0.009628	0.000094	0.004908	337.5
0.990237	0.009668	0.000094	0.004929	337.6
0.990196	0.009709	0.000095	0.004950	337.7
0.990155	0.009749	0.000096	0.004971	337.8
0.990113	0.009790	0.000097	0.004992	337.9
0.990071	0.009831	0.000098	0.005013	338.0
0.990029	0.009872	0.000098	0.005034	338.1
0.989987	0.009913	0.000099	0.005056	338.2
0.989945	0.009955	0.000100	0.005077	338.3
0.989903	0.009996	0.000101	0.005099	338.4
0.989860	0.010038	0.000102	0.005121	338.5
0.989818	0.010080	0.000103	0.005142	338.6
0.989775	0.010121	0.000104	0.005164	338.7
0.989732	0.010164	0.000104	0.005186	338.8
0.989689	0.010206	0.000105	0.005208	338.9
0.989646	0.010248	0.000106	0.005230	339.0
0.989602	0.010291	0.000107	0.005252	339.1
0.989559	0.010333	0.000108	0.005275	339.2
0.989515	0.010376	0.000109	0.005297	339.3
0.989471	0.010419	0.000110	0.005319	339.4
0.989427	0.010462	0.000111	0.005342	339.5
0.989383	0.010506	0.000112	0.005364	339.6
0.989338	0.010549	0.000113	0.005387	339.7
0.989294	0.010593	0.000113	0.005410	339.8
0.989249	0.010636	0.000114	0.005433	339.9
0.989204	0.010680	0.000115	0.005455	340.0
0.989159	0.010724	0.000116	0.005478	340.1
0.989114	0.010768	0.000117	0.005502	340.2
0.989069	0.010813	0.000118	0.005525	340.3
0.989023	0.010857	0.000119	0.005548	340.4
0.988978	0.010902	0.000120	0.005571	340.5
0.988932	0.010947	0.000121	0.005595	340.6
0.988886	0.010992	0.000122	0.005618	340.7
0.988840	0.011037	0.000123	0.005642	340.8
0.988794	0.011082	0.000124	0.005665	340.9
0.988747	0.011128	0.000125	0.005689	341.0
0.988700	0.011173	0.000126	0.005713	341.1
0.988654	0.011219	0.000127	0.005737	341.2
0.988607	0.011265	0.000128	0.005761	341.3
0.988560	0.011311	0.000129	0.005785	341.4
0.988512	0.011357	0.000131	0.005809	341.5
0.988465	0.011404	0.000132	0.005833	341.6
0.988417	0.011450	0.000133	0.005858	341.7
0.988369	0.011497	0.000134	0.005882	341.8
0.988321	0.011544	0.000135	0.005907	341.9
0.988273	0.011591	0.000136	0.005931	342.0
0.988225	0.011638	0.000137	0.005956	342.1
0.988176	0.011685	0.000138	0.005981	342.2
0.988128	0.011733	0.000139	0.006006	342.3
0.988079	0.011780	0.000141	0.006031	342.4
0.988030	0.011828	0.000142	0.006056	342.5
0.987981	0.011876	0.000143	0.006081	342.6
0.987932	0.011925	0.000144	0.006106	342.7
0.987882	0.011973	0.000145	0.006132	342.8
0.987832	0.012021	0.000146	0.006157	342.9
0.987782	0.012070	0.000148	0.006183	343.0
0.987732	0.012119	0.000149	0.006208	343.1
0.987682	0.012168	0.000150	0.006234	343.2
0.987632	0.012217	0.000151	0.006260	343.3
0.987581	0.012266	0.000152	0.006286	343.4
0.987530	0.012316	0.000154	0.006312	343.5
0.987480	0.012366	0.000155	0.006338	343.6
0.987428	0.012415	0.000156	0.006364	343.7
0.987377	0.012465	0.000157	0.006390	343.8
0.987326	0.012516	0.000159	0.006416	343.9
0.987274	0.012566	0.000160	0.006443	344.0
0.987222	0.012616	0.000161	0.006469	344.1
0.987170	0.012667	0.000163	0.006496	344.2
0.987118	0.012718	0.000164	0.006523	344.3
0.987066	0.012769	0.000165	0.006550	344.4
0.987013	0.012820	0.000167	0.006577	344.5
0.986961	0.012872	0.000168	0.006604	344.6
0.986908	0.012923	0.000169	0.006631	344.7
0.986855	0.012975	0.000171	0.006658	344.8
0.986801	0.013027	0.000172	0.006685	344.9
0.986748	0.013079	0.000173	0.006713	345.0
0.986694	0.013131	0.000175	0.006740	345.1
0.986640	0.013183	0.000176	0.006768	345.2
0.986586	0.013236	0.000178	0.006796	345.3
0.986532	0.013289	0.000179	0.006823	345.4
0.986478	0.013342	0.000181	0.006851	345.5
0.986423	0.013395	0.000182	0.006879	345.6
0.986368	0.013448	0.000183	0.006908	345.7
0.986313	0.013502	0.000185	0.006936	345.8
0.986258	0.013555	0.000186	0.006964	345.9
0.986203	0.013609	0.000188	0.006992	346.0
0.986147	0.013663	0.000189	0.007021	346.1
0.986092	0.013717	0.000191	0.007050	346.2
0.986036	0.013772	0.000192	0.007078	346.3
0.985980	0.013826	0.000194	0.007107	346.4
0.985923	0.013881	0.000196	0.007136	346.5
0.985867	0.013936	0.000197	0.007165	346.6
0.985810	0.013991	0.000199	0.007194	346.7
0.985753	0.014046	0.000200	0.007223	346.8
0.985696	0.014102	0.000202	0.007253	346.9
0.985639	0.014158	0.000203	0.007282	347.0
0.985582	0.014213	0.000205	0.007312	347.1
0.985524	0.014269	0.000207	0.007341	347.2
0.985466	0.014326	0.000208	0.007371	347.3
0.985408	0.014382	0.000210	0.007401	347.4
0.985350	0.014439	0.000212	0.007431	347.5
0.985291	0.014495	0.000213	0.007461	347.6
0.985233	0.014552	0.000215	0.007491	347.7
0.985174	0.014609	0.000217	0.007521	347.8
0.985115	0.014667	0.000218	0.007552	347.9
0.985056	0.014724	0.000220	0.007582	348.0
0.984996	0.014782	0.000222	0.007613	348.1
0.984936	0.014840	0.000224	0.007644	348.2
0.984877	0.014898	0.000225	0.007674	348.3
0.984817	0.014956	0.000227	0.007705	348.4
0.984756	0.015015	0.000229	0.007736	348.5
0.984696	0.015073	0.000231	0.007767	348.6
0.984635	0.015132	0.000233	0.007799	348.7
0.984574	0.015191	0.000234	0.007830	348.8
0.984513	0.015250	0.000236	0.007862	348.9
0.984452	0.015310	0.000238	0.007893	349.0
0.984390	0.015370	0.000240	0.007925	349.1
0.984329	0.015429	0.000242	0.007957	349.2
0.984267	0.015489	0.000244	0.007989	349.3
0.984205	0.015550	0.000246	0.008021	349.4
0.984142	0.015610	0.000248	0.008053	349.5
0.984080	0.015671	0.000250	0.008085	349.6
0.984017	0.015731	0.000252	0.008117	349.7
0.983954	0.015792	0.000254	0.008150	349.8
0.983891	0.015853	0.000256	0.008182	349.9
0.983828	0.015915	0.000258	0.008215	350.0
0.983764	0.015976	0.000260	0.008248	350.1
0.983700	0.016038	0.000262	0.008281	350.2
0.983636	0.016100	0.000264	0.008314	350.3
0.983572	0.016162	0.000266	0.008347	350.4
0.983507	0.016225	0.000268	0.008380	350.5
0.983443	0.016287	0.000270	0.008414	350.6
0.983378	0.016350	0.000272	0.008447	350.7
0.983313	0.016413	0.000274	0.008481	350.8
0.983248	0.016476	0.000276	0.008514	350.9
0.983182	0.016540	0.000278	0.008548	351.0
0.983116	0.016603	0.000280	0.008582	351.1
0.983050	0.016667	0.000283	0.008616	351.2
0.982984	0.016731	0.000285	0.008650	351.3
0.982918	0.016795	0.000287	0.008685	351.4
0.982851	0.016860	0.000289	0.008719	351.5
0.982784	0.016924	0.000292	0.008754	351.6
0.982717	0.016989	0.000294	0.008788	351.7
0.982650	0.017054	0.000296	0.008823	351.8
0.982582	0.017119	0.000298	0.008858	351.9
0.982515	0.017185	0.000301	0.008893	352.0
0.982447	0.017250	0.000303	0.008928	352.1
0.982378	0.017316	0.000305	0.008963	352.2
0.982310	0.017382	0.000308	0.008999	352.3
0.982241	0.017449	0.000310	0.009034	352.4
0.982172	0.017515	0.000312	0.009070	352.5
0.982103	0.017582	0.000315	0.009106	352.6
0.982034	0.017649	0.000317	0.009142	352.7
0.981964	0.017716	0.000320	0.009178	352.8
0.981895	0.017783	0.000322	0.009214	352.9
0.981825	0.017851	0.000325	0.009250	353.0
0.981754	0.017918	0.000327	0.009286	353.1
0.981684	0.017986	0.000330	0.009323	353.2
0.981613	0.018055	0.000332	0.009359	353.3
0.981542	0.018123	0.000335	0.009396	353.4
0.981471	0.018192	0.000337	0.009433	353.5
0.981400	0.018260	0.000340	0.009470	353.6
0.981328	0.018329	0.000342	0.009507	353.7
0.981256	0.018399	0.000345	0.009544	353.8
0.981184	0.018468	0.000348	0.009582	353.9
0.981112	0.018538	0.000350	0.009619	354.0
0.981039	0.018608	0.000353	0.009657	354.1
0.980966	0.018678	0.000356	0.009695	354.2
0.980893	0.018748	0.000358	0.009733	354.3
0.980820	0.018819	0.000361	0.009771	354.4
0.980746	0.018890	0.000364	0.009809	354.5
0.980673	0.018961	0.000367	0.009847	354.6
0.980599	0.019032	0.000370	0.009885	354.7
0.980524	0.019103	0.000372	0.009924	354.8
0.980450	0.019175	0.000375	0.009963	354.9
0.980375	0.019247	0.000378	0.010001	355.0
0.980300	0.019319	0.000381	0.010040	355.1
0.980225	0.019391	0.000384	0.010079	355.2
0.980149	0.019464	0.000387	0.010119	355.3
0.980074	0.019537	0.000390	0.010158	355.4
0.979998	0.019610	0.000393	0.010197	355.5
0.979921	0.019683	0.000395	0.010237	355.6
0.979845	0.019756	0.000398	0.010277	355.7
0.979768	0.019830	0.000401	0.010317	355.8
0.979691	0.019904	0.000405	0.010357	355.9
0.979614	0.019978	0.000408	0.010397	356.0
0.979537	0.020053	0.000411	0.010437	356.1
0.979459	0.020127	0.000414	0.010477	356.2
0.979381	0.020202	0.000417	0.010518	356.3
0.979303	0.020277	0.000420	0.010559	356.4
0.979224	0.020352	0.000423	0.010599	356.5
0.979146	0.020428	0.000426	0.010640	356.6
0.979067	0.020504	0.000430	0.010681	356.7
0.978987	0.020580	0.000433	0.010723	356.8
0.978908	0.020656	0.000436	0.010764	356.9
0.978828	0.020732	0.000439	0.010805	357.0
0.978748	0.020809	0.000443	0.010847	357.1
0.978668	0.020886	0.000446	0.010889	357.2
0.978588	0.020963	0.000449	0.010931	357.3
0.978507	0.021041	0.000453	0.010973	357.4
0.978426	0.021118	0.000456	0.011015	357.5
0.978345	0.021196	0.000459	0.011057	357.6
0.978263	0.021274	0.000463	0.011100	357.7
0.978181	0.021353	0.000466	0.011143	357.8
0.978099	0.021431	0.000470	0.011185	357.9
0.978017	0.021510	0.000473	0.011228	358.0
0.977934	0.021589	0.000477	0.011271	358.1
0.977851	0.021668	0.000480	0.011314	358.2
0.977768	0.021748	0.000484	0.011358	358.3
0.977685	0.021828	0.000487	0.011401	358.4
0.977601	0.021908	0.000491	0.011445	358.5
0.977517	0.021988	0.000495	0.011489	358.6
0.977433	0.022068	0.000498	0.011533	358.7
0.977349	0.022149	0.000502	0.011577	358.8
0.977264	0.022230	0.000506	0.011621	358.9
0.977179	0.022311	0.000510	0.011665	359.0
0.977094	0.022393	0.000513	0.011710	359.1
0.977008	0.022474	0.000517	0.011754	359.2
0.976923	0.022556	0.000521	0.011799	359.3
0.976837	0.022639	0.000525	0.011844	359.4
0.976750	0.022721	0.000529	0.011889	359.5
0.976664	0.022804	0.000533	0.011935	359.6
0.976577	0.022887	0.000537	0.011980	359.7
0.976490	0.022970	0.000541	0.012025	359.8
0.976402	0.023053	0.000544	0.012071	359.9
0.976314	0.023137	0.000548	0.012117	360.0
0.976226	0.023221	0.000553	0.012163	360.1
0.976138	0.023305	0.000557	0.012209	360.2
0.976050	0.023390	0.000561	0.012255	360.3
0.975961	0.023474	0.000565	0.012302	360.4
0.975872	0.023559	0.000569	0.012349	360.5
0.975782	0.023644	0.000573	0.012395	360.6
0.975693	0.023730	0.000577	0.012442	360.7
0.975603	0.023816	0.000582	0.012489	360.8
0.975513	0.023902	0.000586	0.012537	360.9
0.975422	0.023988	0.000590	0.012584	361.0
0.975331	0.024074	0.000594	0.012632	361.1
0.975240	0.024161	0.000599	0.012679	361.2
0.975149	0.024248	0.000603	0.012727	361.3
0.975057	0.024335	0.000608	0.012775	361.4
0.974965	0.024423	0.000612	0.012823	361.5
0.974873	0.024510	0.000616	0.012872	361.6
0.974781	0.024598	0.000621	0.012920	361.7
0.974688	0.024687	0.000625	0.012969	361.8
0.974595	0.024775	0.000630	0.013018	361.9
0.974502	0.024864	0.000635	0.013067	362.0
0.974408	0.024953	0.000639	0.013116	362.1
0.974314	0.025042	0.000644	0.013165	362.2
0.974220	0.025132	0.000649	0.013214	362.3
0.974125	0.025222	0.000653	0.013264	362.4
0.974030	0.025312	0.000658	0.013314	362.5
0.973935	0.025402	0.000663	0.013364	362.6
0.973840	0.025493	0.000668	0.013414	362.7
0.973744	0.025583	0.000672	0.013464	362.8
0.973648	0.025675	0.000677	0.013515	362.9
0.973552	0.025766	0.000682	0.013565	363.0
0.973455	0.025858	0.000687	0.013616	363.1
0.973358	0.025950	0.000692	0.013667	363.2
0.973261	0.026042	0.000697	0.013718	363.3
0.973164	0.026134	0.000702	0.013769	363.4
0.973066	0.026227	0.000707	0.013821	363.5
0.972968	0.026320	0.000712	0.013872	363.6
0.972869	0.026413	0.000717	0.013924	363.7
0.972771	0.026507	0.000723	0.013976	363.8
0.972672	0.026601	0.000728	0.014028	363.9
0.972572	0.026695	0.000733	0.014080	364.0
0.972473	0.026789	0.000738	0.014133	364.1
0.972373	0.026884	0.000744	0.014185	364.2
0.972273	0.026978	0.000749	0.014238	364.3
0.972172	0.027074	0.000754	0.014291	364.4
0.972071	0.027169	0.000760	0.014344	364.5
0.971970	0.027265	0.000765	0.014397	364.6
0.971869	0.027361	0.000771	0.014451	364.7
0.971767	0.027457	0.000776	0.014504	364.8
0.971665	0.027553	0.000782	0.014558	364.9
0.971563	0.027650	0.000787	0.014612	365.0
0.971460	0.027747	0.000793	0.014666	365.1
0.971357	0.027845	0.000798	0.014721	365.2
0.971254	0.027942	0.000804	0.014775	365.3
0.971150	0.028040	0.000810	0.014830	365.4
0.971046	0.028138	0.000816	0.014885	365.5
0.970942	0.028237	0.000821	0.014940	365.6
0.970837	0.028336	0.000827	0.014995	365.7
0.970732	0.028435	0.000833	0.015050	365.8
0.970627	0.028534	0.000839	0.015106	365.9
0.970521	0.028634	0.000845	0.015162	366.0
0.970416	0.028733	0.000851	0.015218	366.1
0.970309	0.028834	0.000857	0.015274	366.2
0.970203	0.028934	0.000863	0.015330	366.3
0.970096	0.029035	0.000869	0.015387	366.4
0.969989	0.029136	0.000875	0.015443	366.5
0.969881	0.029237	0.000882	0.015500	366.6
0.969774	0.029338	0.000888	0.015557	366.7
0.969666	0.029440	0.000894	0.015614	366.8
0.969557	0.029542	0.000900	0.015672	366.9
0.969448	0.029645	0.000907	0.015729	367.0
0.969339	0.029748	0.000913	0.015787	367.1
0.969230	0.029851	0.000920	0.015845	367.2
0.969120	0.029954	0.000926	0.015903	367.3
0.969010	0.030057	0.000933	0.015961	367.4
0.968899	0.030161	0.000939	0.016020	367.5
0.968789	0.030265	0.000946	0.016079	367.6
0.968678	0.030370	0.000952	0.016137	367.7
0.968566	0.030475	0.000959	0.016196	367.8
0.968454	0.030580	0.000966	0.016256	367.9
0.968342	0.030685	0.000973	0.016315	368.0
0.968230	0.030791	0.000979	0.016375	368.1
0.968117	0.030896	0.000986	0.016435	368.2
0.968004	0.031003	0.000993	0.016495	368.3
0.967891	0.031109	0.001000	0.016555	368.4
0.967777	0.031216	0.001007	0.016615	368.5
0.967663	0.031323	0.001014	0.016676	368.6
0.967548	0.031430	0.001021	0.016737	368.7
0.967433	0.031538	0.001028	0.016797	368.8
0.967318	0.031646	0.001036	0.016859	368.9
0.967203	0.031754	0.001043	0.016920	369.0
0.967087	0.031863	0.001050	0.016982	369.1
0.966971	0.031972	0.001057	0.017043	369.2
0.966854	0.032081	0.001065	0.017105	369.3
0.966738	0.032190	0.001072	0.017167	369.4
0.966620	0.032300	0.001080	0.017230	369.5
0.966503	0.032410	0.001087	0.017292	369.6
0.966385	0.032520	0.001095	0.017355	369.7
0.966267	0.032631	0.001102	0.017418	369.8
0.966148	0.032742	0.001110	0.017481	369.9
0.966029	0.032853	0.001118	0.017544	370.0
0.965910	0.032965	0.001125	0.017608	370.1
0.965790	0.033077	0.001133	0.017672	370.2
0.965670	0.033189	0.001141	0.017735	370.3
0.965550	0.033301	0.001149	0.017800	370.4
0.965429	0.033414	0.001157	0.017864	370.5
0.965308	0.033527	0.001165	0.017928	370.6
0.965186	0.033641	0.001173	0.017993	370.7
0.965065	0.033754	0.001181	0.018058	370.8
0.964943	0.033868	0.001189	0.018123	370.9
0.964820	0.033983	0.001197	0.018189	371.0
0.964697	0.034097	0.001206	0.018254	371.1
0.964574	0.034212	0.001214	0.018320	371.2
0.964450	0.034327	0.001222	0.018386	371.3
0.964326	0.034443	0.001231	0.018452	371.4
0.964202	0.034559	0.001239	0.018518	371.5
0.964077	0.034675	0.001248	0.018585	371.6
0.963952	0.034791	0.001256	0.018652	371.7
0.963827	0.034908	0.001265	0.018719	371.8
0.963701	0.035025	0.001273	0.018786	371.9
0.963575	0.035143	0.001282	0.018854	372.0
0.963449	0.035261	0.001291	0.018921	372.1
0.963322	0.035379	0.001300	0.018989	372.2
0.963194	0.035497	0.001309	0.019057	372.3
0.963067	0.035616	0.001318	0.019125	372.4
0.962939	0.035735	0.001327	0.019194	372.5
0.962810	0.035854	0.001336	0.019263	372.6
0.962682	0.035974	0.001345	0.019331	372.7
0.962553	0.036093	0.001354	0.019401	372.8
0.962423	0.036214	0.001363	0.019470	372.9
0.962293	0.036334	0.001372	0.019540	373.0
0.962163	0.036455	0.001382	0.019609	373.1
0.962032	0.036576	0.001391	0.019679	373.2
0.961901	0.036698	0.001401	0.019750	373.3
0.961770	0.036820	0.001410	0.019820	373.4
0.961638	0.036942	0.001420	0.019891	373.5
0.961506	0.037065	0.001429	0.019962	373.6
0.961374	0.037187	0.001439	0.020033	373.7
0.961241	0.037311	0.001449	0.020104	373.8
0.961108	0.037434	0.001458	0.020175	373.9
0.960974	0.037558	0.001468	0.020247	374.0
0.960840	0.037682	0.001478	0.020319	374.1
0.960705	0.037806	0.001488	0.020391	374.2
0.960571	0.037931	0.001498	0.020464	374.3
0.960435	0.038056	0.001508	0.020537	374.4
0.960300	0.038182	0.001519	0.020609	374.5
0.960164	0.038307	0.001529	0.020683	374.6
0.960027	0.038433	0.001539	0.020756	374.7
0.959891	0.038560	0.001549	0.020829	374.8
0.959754	0.038687	0.001560	0.020903	374.9
0.959616	0.038814	0.001570	0.020977	375.0
0.959478	0.038941	0.001581	0.021051	375.1
0.959340	0.039069	0.001592	0.021126	375.2
0.959201	0.039197	0.001602	0.021201	375.3
0.959062	0.039325	0.001613	0.021276	375.4
0.958922	0.039454	0.001624	0.021351	375.5
0.958782	0.039583	0.001635	0.021426	375.6
0.958642	0.039712	0.001646	0.021502	375.7
0.958501	0.039842	0.001657	0.021578	375.8
0.958360	0.039972	0.001668	0.021654	375.9
0.958219	0.040102	0.001679	0.021730	376.0
0.958077	0.040233	0.001690	0.021807	376.1
0.957934	0.040364	0.001701	0.021883	376.2
0.957792	0.040496	0.001713	0.021960	376.3
0.957649	0.040627	0.001724	0.022038	376.4
0.957505	0.040759	0.001736	0.022115	376.5
0.957361	0.040892	0.001747	0.022193	376.6
0.957217	0.041024	0.001759	0.022271	376.7
0.957072	0.041158	0.001770	0.022349	376.8
0.956927	0.041291	0.001782	0.022428	376.9
0.956781	0.041425	0.001794	0.022506	377.0
0.956635	0.041559	0.001806	0.022585	377.1
0.956489	0.041693	0.001818	0.022665	377.2
0.956342	0.041828	0.001830	0.022744	377.3
0.956195	0.041963	0.001842	0.022824	377.4
0.956047	0.042099	0.001854	0.022904	377.5
0.955899	0.042234	0.001867	0.022984	377.6
0.955751	0.042370	0.001879	0.023064	377.7
0.955602	0.042507	0.001891	0.023145	377.8
0.955452	0.042644	0.001904	0.023226	377.9
0.955303	0.042781	0.001916	0.023307	378.0
0.955152	0.042918	0.001929	0.023388	378.1
0.955002	0.043056	0.001942	0.023470	378.2
0.954851	0.043194	0.001955	0.023552	378.3
0.954699	0.043333	0.001967	0.023634	378.4
0.954548	0.043472	0.001980	0.023716	378.5
0.954395	0.043611	0.001993	0.023799	378.6
0.954243	0.043751	0.002007	0.023882	378.7
0.954090	0.043891	0.002020	0.023965	378.8
0.953936	0.044031	0.002033	0.024048	378.9
0.953782	0.044172	0.002046	0.024132	379.0
0.953628	0.044313	0.002060	0.024216	379.1
0.953473	0.044454	0.002073	0.024300	379.2
0.953318	0.044596	0.002087	0.024385	379.3
0.953162	0.044738	0.002100	0.024469	379.4
0.953006	0.044880	0.002114	0.024554	379.5
0.952849	0.045023	0.002128	0.024639	379.6
0.952692	0.045166	0.002142	0.024725	379.7
0.952535	0.045309	0.002156	0.024811	379.8
0.952377	0.045453	0.002170	0.024897	379.9
0.952219	0.045597	0.002184	0.024983	380.0
0.952060	0.045742	0.002198	0.025069	380.1
0.951901	0.045887	0.002213	0.025156	380.2
0.951741	0.046032	0.002227	0.025243	380.3
0.951581	0.046178	0.002242	0.025330	380.4
0.951420	0.046323	0.002256	0.025418	380.5
0.951259	0.046470	0.002271	0.025506	380.6
0.951098	0.046616	0.002286	0.025594	380.7
0.950936	0.046763	0.002300	0.025682	380.8
0.950774	0.046911	0.002315	0.025771	380.9
0.950611	0.047059	0.002330	0.025860	381.0
0.950448	0.047207	0.002345	0.025949	381.1
0.950284	0.047355	0.002361	0.026038	381.2
0.950120	0.047504	0.002376	0.026128	381.3
0.949956	0.047653	0.002391	0.026218	381.4
0.949791	0.047803	0.002407	0.026308	381.5
0.949625	0.047952	0.002422	0.026398	381.6
0.949460	0.048103	0.002438	0.026489	381.7
0.949293	0.048253	0.002454	0.026580	381.8
0.949126	0.048404	0.002469	0.026671	381.9
0.948959	0.048556	0.002485	0.026763	382.0
0.948791	0.048707	0.002501	0.026855	382.1
0.948623	0.048859	0.002517	0.026947	382.2
0.948455	0.049012	0.002534	0.027039	382.3
0.948286	0.049165	0.002550	0.027132	382.4
0.948116	0.049318	0.002566	0.027225	382.5
0.947946	0.049471	0.002583	0.027318	382.6
0.947776	0.049625	0.002599	0.027412	382.7
0.947605	0.049780	0.002616	0.027506	382.8
0.947433	0.049934	0.002633	0.027600	382.9
0.947261	0.050089	0.002649	0.027694	383.0
0.947089	0.050245	0.002666	0.027789	383.1
0.946916	0.050400	0.002683	0.027884	383.2
0.946743	0.050556	0.002701	0.027979	383.3
0.946569	0.050713	0.002718	0.028074	383.4
0.946395	0.050870	0.002735	0.028170	383.5
0.946220	0.051027	0.002753	0.028266	383.6
0.946045	0.051185	0.002770	0.028362	383.7
0.945870	0.051342	0.002788	0.028459	383.8
0.945694	0.051501	0.002806	0.028556	383.9
0.945517	0.051660	0.002823	0.028653	384.0
0.945340	0.051819	0.002841	0.028751	384.1
0.945163	0.051978	0.002859	0.028848	384.2
0.944985	0.052138	0.002878	0.028946	384.3
0.944806	0.052298	0.002896	0.029045	384.4
0.944627	0.052459	0.002914	0.029144	384.5
0.944448	0.052620	0.002933	0.029242	384.6
0.944268	0.052781	0.002951	0.029342	384.7
0.944087	0.052943	0.002970	0.029441	384.8
0.943907	0.053105	0.002989	0.029541	384.9
0.943725	0.053267	0.003008	0.029641	385.0
0.943543	0.053430	0.003027	0.029742	385.1
0.943361	0.053593	0.003046	0.029842	385.2
0.943178	0.053757	0.003065	0.029943	385.3
0.942995	0.053921	0.003084	0.030045	385.4
0.942811	0.054085	0.003104	0.030146	385.5
0.942627	0.054250	0.003123	0.030248	385.6
0.942442	0.054415	0.003143	0.030350	385.7
0.942257	0.054581	0.003163	0.030453	385.8
0.942071	0.054746	0.003182	0.030556	385.9
0.941885	0.054913	0.003202	0.030659	386.0
0.941698	0.055079	0.003223	0.030762	386.1
0.941511	0.055246	0.003243	0.030866	386.2
0.941323	0.055414	0.003263	0.030970	386.3
0.941135	0.055582	0.003284	0.031074	386.4
0.940946	0.055750	0.003304	0.031179	386.5
0.940757	0.055918	0.003325	0.031284	386.6
0.940567	0.056087	0.003346	0.031389	386.7
0.940377	0.056257	0.003367	0.031495	386.8
0.940186	0.056426	0.003388	0.031601	386.9
0.939995	0.056596	0.003409	0.031707	387.0
0.939803	0.056767	0.003430	0.031813	387.1
0.939611	0.056938	0.003451	0.031920	387.2
0.939418	0.057109	0.003473	0.032027	387.3
0.939225	0.057281	0.003494	0.032135	387.4
0.939031	0.057453	0.003516	0.032243	387.5
0.938837	0.057625	0.003538	0.032351	387.6
0.938642	0.057798	0.003560	0.032459	387.7
0.938447	0.057971	0.003582	0.032568	387.8
0.938251	0.058145	0.003604	0.032677	387.9
0.938055	0.058319	0.003627	0.032786	388.0
0.937858	0.058493	0.003649	0.032896	388.1
0.937660	0.058668	0.003672	0.033006	388.2
0.937463	0.058843	0.003695	0.033116	388.3
0.937264	0.059018	0.003717	0.033227	388.4
0.937065	0.059194	0.003740	0.033338	388.5
0.936866	0.059371	0.003764	0.033449	388.6
0.936666	0.059547	0.003787	0.033560	388.7
0.936465	0.059724	0.003810	0.033672	388.8
0.936265	0.059902	0.003834	0.033785	388.9
0.936063	0.060080	0.003857	0.033897	389.0
0.935861	0.060258	0.003881	0.034010	389.1
0.935658	0.060437	0.003905	0.034123	389.2
0.935455	0.060616	0.003929	0.034237	389.3
0.935252	0.060795	0.003953	0.034351	389.4
0.935048	0.060975	0.003977	0.034465	389.5
0.934843	0.061155	0.004002	0.034579	389.6
0.934638	0.061336	0.004026	0.034694	389.7
0.934432	0.061517	0.004051	0.034810	389.8
0.934226	0.061698	0.004076	0.034925	389.9
0.934019	0.061880	0.004101	0.035041	390.0
0.933812	0.062062	0.004126	0.035157	390.1
0.933604	0.062245	0.004151	0.035274	390.2
0.933395	0.062428	0.004177	0.035391	390.3
0.933186	0.062611	0.004202	0.035508	390.4
0.932977	0.062795	0.004228	0.035625	390.5
0.932767	0.062979	0.004254	0.035743	390.6
0.932556	0.063164	0.004280	0.035862	390.7
0.932345	0.063349	0.004306	0.035980	390.8
0.932134	0.063534	0.004332	0.036099	390.9
0.931921	0.063720	0.004358	0.036218	391.0
0.931709	0.063906	0.004385	0.036338	391.1
0.931496	0.064093	0.004411	0.036458	391.2
0.931282	0.064280	0.004438	0.036578	391.3
0.931067	0.064468	0.004465	0.036699	391.4
0.930852	0.064655	0.004492	0.036820	391.5
0.930637	0.064844	0.004519	0.036941	391.6
0.930421	0.065032	0.004547	0.037063	391.7
0.930204	0.065221	0.004574	0.037185	391.8
0.929987	0.065411	0.004602	0.037307	391.9
0.929770	0.065600	0.004630	0.037430	392.0
0.929552	0.065791	0.004658	0.037553	392.1
0.929333	0.065981	0.004686	0.037677	392.2
0.929113	0.066172	0.004714	0.037800	392.3
0.928894	0.066364	0.004743	0.037925	392.4
0.928673	0.066556	0.004771	0.038049	392.5
0.928452	0.066748	0.004800	0.038174	392.6
0.928231	0.066940	0.004829	0.038299	392.7
0.928008	0.067133	0.004858	0.038425	392.8
0.927786	0.067327	0.004887	0.038551	392.9
0.927563	0.067521	0.004917	0.038677	393.0
0.927339	0.067715	0.004946	0.038804	393.1
0.927114	0.067910	0.004976	0.038931	393.2
0.926890	0.068105	0.005006	0.039058	393.3
0.926664	0.068300	0.005036	0.039186	393.4
0.926438	0.068496	0.005066	0.039314	393.5
0.926211	0.068693	0.005096	0.039442	393.6
0.925984	0.068889	0.005127	0.039571	393.7
0.925756	0.069086	0.005157	0.039700	393.8
0.925528	0.069284	0.005188	0.039830	393.9
0.925299	0.069482	0.005219	0.039960	394.0
0.925070	0.069680	0.005250	0.040090	394.1
0.924840	0.069879	0.005282	0.040221	394.2
0.924609	0.070078	0.005313	0.040352	394.3
0.924378	0.070278	0.005345	0.040483	394.4
0.924146	0.070478	0.005376	0.040615	394.5
0.923914	0.070678	0.005408	0.040747	394.6
0.923681	0.070879	0.005441	0.040880	394.7
0.923447	0.071080	0.005473	0.041013	394.8
0.923213	0.071282	0.005505	0.041146	394.9
0.922978	0.071484	0.005538	0.041280	395.0
0.922743	0.071686	0.005571	0.041414	395.1
0.922507	0.071889	0.005604	0.041548	395.2
0.922271	0.072092	0.005637	0.041683	395.3
0.922034	0.072296	0.005670	0.041818	395.4
0.921796	0.072500	0.005704	0.041954	395.5
0.921558	0.072704	0.005738	0.042090	395.6
0.921319	0.072909	0.005771	0.042226	395.7
0.921080	0.073115	0.005806	0.042363	395.8
0.920840	0.073320	0.005840	0.042500	395.9
0.920599	0.073527	0.005874	0.042637	396.0
0.920358	0.073733	0.005909	0.042775	396.1
0.920116	0.073940	0.005944	0.042914	396.2
0.919874	0.074147	0.005979	0.043052	396.3
0.919631	0.074355	0.006014	0.043191	396.4
0.919388	0.074563	0.006049	0.043331	396.5
0.919143	0.074772	0.006085	0.043471	396.6
0.918899	0.074981	0.006120	0.043611	396.7
0.918653	0.075191	0.006156	0.043751	396.8
0.918407	0.075400	0.006192	0.043892	396.9
0.918161	0.075611	0.006228	0.044034	397.0
0.917914	0.075821	0.006265	0.044176	397.1
0.917666	0.076032	0.006302	0.044318	397.2
0.917418	0.076244	0.006338	0.044460	397.3
0.917169	0.076456	0.006375	0.044603	397.4
0.916919	0.076668	0.006413	0.044747	397.5
0.916669	0.076881	0.006450	0.044891	397.6
0.916418	0.077094	0.006488	0.045035	397.7
0.916167	0.077308	0.006525	0.045179	397.8
0.915915	0.077522	0.006563	0.045324	397.9
0.915662	0.077736	0.006602	0.045470	398.0
0.915409	0.077951	0.006640	0.045615	398.1
0.915155	0.078166	0.006678	0.045762	398.2
0.914901	0.078382	0.006717	0.045908	398.3
0.914646	0.078598	0.006756	0.046055	398.4
0.914390	0.078815	0.006795	0.046203	398.5
0.914134	0.079032	0.006835	0.046351	398.6
0.913877	0.079249	0.006874	0.046499	398.7
0.913619	0.079467	0.006914	0.046648	398.8
0.913361	0.079685	0.006954	0.046797	398.9
0.913102	0.079904	0.006994	0.046946	399.0
0.912843	0.080123	0.007035	0.047096	399.1
0.912583	0.080342	0.007075	0.047246	399.2
0.912322	0.080562	0.007116	0.047397	399.3
0.912061	0.080782	0.007157	0.047548	399.4
0.911799	0.081003	0.007198	0.047700	399.5
0.911536	0.081224	0.007240	0.047852	399.6
0.911273	0.081445	0.007281	0.048004	399.7
0.911009	0.081667	0.007323	0.048157	399.8
0.910745	0.081890	0.007365	0.048310	399.9
0.910480	0.082112	0.007408	0.048464	400.0
0.910214	0.082336	0.007450	0.048618	400.1
0.909948	0.082559	0.007493	0.048772	400.2
0.909681	0.082783	0.007536	0.048927	400.3
0.909413	0.083008	0.007579	0.049083	400.4
0.909145	0.083233	0.007622	0.049239	400.5
0.908876	0.083458	0.007666	0.049395	400.6
0.908607	0.083684	0.007710	0.049551	400.7
0.908337	0.083910	0.007754	0.049709	400.8
0.908066	0.084136	0.007798	0.049866	400.9
0.907794	0.084363	0.007842	0.050024	401.0
0.907522	0.084591	0.007887	0.050182	401.1
0.907250	0.084818	0.007932	0.050341	401.2
0.906976	0.085047	0.007977	0.050500	401.3
0.906702	0.085275	0.008023	0.050660	401.4
0.906428	0.085504	0.008068	0.050820	401.5
0.906152	0.085734	0.008114	0.050981	401.6
0.905876	0.085964	0.008160	0.051142	401.7
0.905600	0.086194	0.008206	0.051303	401.8
0.905322	0.086425	0.008253	0.051465	401.9
0.905045	0.086656	0.008300	0.051627	402.0
0.904766	0.086887	0.008347	0.051790	402.1
0.904487	0.087119	0.008394	0.051953	402.2
0.904207	0.087352	0.008441	0.052117	402.3
0.903926	0.087585	0.008489	0.052281	402.4
0.903645	0.087818	0.008537	0.052446	402.5
0.903363	0.088051	0.008585	0.052611	402.6
0.903081	0.088286	0.008633	0.052776	402.7
0.902798	0.088520	0.008682	0.052942	402.8
0.902514	0.088755	0.008731	0.053108	402.9
0.902230	0.088990	0.008780	0.053275	403.0
0.901945	0.089226	0.008829	0.053442	403.1
0.901659	0.089462	0.008879	0.053610	403.2
0.901372	0.089699	0.008929	0.053778	403.3
0.901085	0.089936	0.008979	0.053947	403.4
0.900797	0.090173	0.009029	0.054116	403.5
0.900509	0.090411	0.009080	0.054286	403.6
0.900220	0.090649	0.009131	0.054455	403.7
0.899930	0.090888	0.009182	0.054626	403.8
0.899640	0.091127	0.009233	0.054797	403.9
0.899349	0.091367	0.009285	0.054968	404.0
0.899057	0.091607	0.009337	0.055140	404.1
0.898764	0.091847	0.009389	0.055312	404.2
0.898471	0.092088	0.009441	0.055485	404.3
0.898177	0.092329	0.009494	0.055658	404.4
0.897883	0.092570	0.009547	0.055832	404.5
0.897588	0.092812	0.009600	0.056006	404.6
0.897292	0.093055	0.009653	0.056181	404.7
0.896995	0.093298	0.009707	0.056356	404.8
0.896698	0.093541	0.009761	0.056531	404.9
0.896400	0.093785	0.009815	0.056707	405.0
0.896102	0.094029	0.009869	0.056884	405.1
0.895802	0.094273	0.009924	0.057061	405.2
0.895503	0.094518	0.009979	0.057238	405.3
0.895202	0.094764	0.010034	0.057416	405.4
0.894901	0.095009	0.010090	0.057595	405.5
0.894599	0.095256	0.010146	0.057773	405.6
0.894296	0.095502	0.010202	0.057953	405.7
0.893993	0.095749	0.010258	0.058133	405.8
0.893689	0.095997	0.010315	0.058313	405.9
0.893384	0.096244	0.010372	0.058494	406.0
0.893079	0.096493	0.010429	0.058675	406.1
0.892773	0.096741	0.010486	0.058857	406.2
0.892466	0.096991	0.010544	0.059039	406.3
0.892158	0.097240	0.010602	0.059222	406.4
0.891850	0.097490	0.010660	0.059405	406.5
0.891541	0.097740	0.010719	0.059589	406.6
0.891232	0.097991	0.010777	0.059773	406.7
0.890921	0.098242	0.010836	0.059958	406.8
0.890610	0.098494	0.010896	0.060143	406.9
0.890299	0.098746	0.010955	0.060328	407.0
0.889986	0.098998	0.011015	0.060514	407.1
0.889673	0.099251	0.011076	0.060701	407.2
0.889360	0.099504	0.011136	0.060888	407.3
0.889045	0.099758	0.011197	0.061076	407.4
0.888730	0.100012	0.011258	0.061264	407.5
0.888414	0.100266	0.011319	0.061453	407.6
0.888098	0.100521	0.011381	0.061642	407.7
0.887780	0.100777	0.011443	0.061831	407.8
0.887462	0.101032	0.011505	0.062021	407.9
0.887144	0.101288	0.011568	0.062212	408.0
0.886824	0.101545	0.011631	0.062403	408.1
0.886504	0.101802	0.011694	0.062595	408.2
0.886183	0.102059	0.011757	0.062787	408.3
0.885862	0.102317	0.011821	0.062980	408.4
0.885540	0.102575	0.011885	0.063173	408.5
0.885217	0.102834	0.011950	0.063366	408.6
0.884893	0.103093	0.012014	0.063561	408.7
0.884569	0.103352	0.012079	0.063755	408.8
0.884244	0.103612	0.012144	0.063950	408.9
0.883918	0.103872	0.012210	0.064146	409.0
0.883591	0.104133	0.012276	0.064342	409.1
0.883264	0.104394	0.012342	0.064539	409.2
0.882936	0.104655	0.012409	0.064736	409.3
0.882607	0.104917	0.012475	0.064934	409.4
0.882278	0.105179	0.012543	0.065132	409.5
0.881948	0.105442	0.012610	0.065331	409.6
0.881617	0.105705	0.012678	0.065530	409.7
0.881286	0.105969	0.012746	0.065730	409.8
0.880953	0.106233	0.012814	0.065930	409.9
0.880620	0.106497	0.012883	0.066131	410.0
0.880287	0.106762	0.012952	0.066333	410.1
0.879952	0.107027	0.013021	0.066535	410.2
0.879617	0.107292	0.013091	0.066737	410.3
0.879281	0.107558	0.013161	0.066940	410.4
0.878944	0.107824	0.013231	0.067143	410.5
0.878607	0.108091	0.013302	0.067347	410.6
0.878269	0.108358	0.013373	0.067552	410.7
0.877930	0.108626	0.013444	0.067757	410.8
0.877591	0.108894	0.013516	0.067963	410.9
0.877250	0.109162	0.013588	0.068169	411.0
0.876909	0.109431	0.013660	0.068375	411.1
0.876567	0.109700	0.013733	0.068583	411.2
0.876225	0.109969	0.013806	0.068790	411.3
0.875882	0.110239	0.013879	0.068999	411.4
0.875538	0.110510	0.013953	0.069207	411.5
0.875193	0.110780	0.014026	0.069417	411.6
0.874848	0.111052	0.014101	0.069627	411.7
0.874501	0.111323	0.014175	0.069837	411.8
0.874155	0.111595	0.014250	0.070048	411.9
0.873807	0.111867	0.014326	0.070259	412.0
0.873458	0.112140	0.014401	0.070471	412.1
0.873109	0.112413	0.014477	0.070684	412.2
0.872759	0.112687	0.014554	0.070897	412.3
0.872409	0.112961	0.014631	0.071111	412.4
0.872057	0.113235	0.014708	0.071325	412.5
0.871705	0.113510	0.014785	0.071540	412.6
0.871352	0.113785	0.014863	0.071755	412.7
0.870999	0.114060	0.014941	0.071971	412.8
0.870644	0.114336	0.015019	0.072187	412.9
0.870289	0.114612	0.015098	0.072404	413.0
0.869934	0.114889	0.015177	0.072622	413.1
0.869577	0.115166	0.015257	0.072840	413.2
0.869220	0.115444	0.015337	0.073059	413.3
0.868861	0.115721	0.015417	0.073278	413.4
0.868503	0.116000	0.015498	0.073498	413.5
0.868143	0.116278	0.015579	0.073718	413.6
0.867783	0.116557	0.015660	0.073939	413.7
0.867421	0.116837	0.015742	0.074160	413.8
0.867060	0.117117	0.015824	0.074382	413.9
0.866697	0.117397	0.015906	0.074605	414.0
0.866334	0.117677	0.015989	0.074828	414.1
0.865969	0.117958	0.016072	0.075051	414.2
0.865605	0.118240	0.016156	0.075276	414.3
0.865239	0.118521	0.016240	0.075501	414.4
0.864872	0.118803	0.016324	0.075726	414.5
0.864505	0.119086	0.016409	0.075952	414.6
0.864137	0.119369	0.016494	0.076178	414.7
0.863769	0.119652	0.016579	0.076405	414.8
0.863399	0.119936	0.016665	0.076633	414.9
0.863029	0.120220	0.016751	0.076861	415.0
0.862658	0.120504	0.016838	0.077090	415.1
0.862286	0.120789	0.016925	0.077319	415.2
0.861914	0.121074	0.017012	0.077549	415.3
0.861540	0.121360	0.017100	0.077780	415.4
0.861166	0.121646	0.017188	0.078011	415.5
0.860791	0.121932	0.017277	0.078243	415.6
0.860416	0.122219	0.017366	0.078475	415.7
0.860039	0.122506	0.017455	0.078708	415.8
0.859662	0.122793	0.017545	0.078941	415.9
0.859284	0.123081	0.017635	0.079175	416.0
0.858906	0.123369	0.017725	0.079410	416.1
0.858526	0.123658	0.017816	0.079645	416.2
0.858146	0.123947	0.017907	0.079881	416.3
0.857765	0.124236	0.017999	0.080117	416.4
0.857383	0.124526	0.018091	0.080354	416.5
0.857001	0.124816	0.018184	0.080591	416.6
0.856617	0.125106	0.018277	0.080830	416.7
0.856233	0.125397	0.018370	0.081068	416.8
0.855848	0.125688	0.018464	0.081308	416.9
0.855463	0.125980	0.018558	0.081547	417.0
0.855076	0.126271	0.018652	0.081788	417.1
0.854689	0.126564	0.018747	0.082029	417.2
0.854301	0.126856	0.018843	0.082271	417.3
0.853912	0.127149	0.018938	0.082513	417.4
0.853523	0.127443	0.019034	0.082756	417.5
0.853133	0.127736	0.019131	0.082999	417.6
0.852741	0.128031	0.019228	0.083243	417.7
0.852350	0.128325	0.019325	0.083488	417.8
0.851957	0.128620	0.019423	0.083733	417.9
0.851563	0.128915	0.019522	0.083979	418.0
0.851169	0.129211	0.019620	0.084226	418.1
0.850774	0.129506	0.019719	0.084473	418.2
0.850378	0.129803	0.019819	0.084720	418.3
0.849982	0.130099	0.019919	0.084969	418.4
0.849584	0.130396	0.020019	0.085217	418.5
0.849186	0.130694	0.020120	0.085467	418.6
0.848787	0.130991	0.020221	0.085717	418.7
0.848388	0.131289	0.020323	0.085968	418.8
0.847987	0.131588	0.020425	0.086219	418.9
0.847586	0.131887	0.020528	0.086471	419.0
0.847184	0.132186	0.020631	0.086724	419.1
0.846781	0.132485	0.020734	0.086977	419.2
0.846377	0.132785	0.020838	0.087231	419.3
0.845972	0.133085	0.020942	0.087485	419.4
0.845567	0.133386	0.021047	0.087740	419.5
0.845161	0.133686	0.021152	0.087996	419.6
0.844754	0.133988	0.021258	0.088252	419.7
0.844347	0.134289	0.021364	0.088509	419.8
0.843938	0.134591	0.021471	0.088766	419.9
0.843529	0.134893	0.021578	0.089024	420.0
0.843119	0.135196	0.021685	0.089283	420.1
0.842708	0.135499	0.021793	0.089542	420.2
0.842296	0.135802	0.021901	0.089802	420.3
0.841884	0.136106	0.022010	0.090063	420.4
0.841471	0.136410	0.022120	0.090324	420.5
0.841057	0.136714	0.022229	0.090586	420.6
0.840642	0.137019	0.022339	0.090849	420.7
0.840226	0.137324	0.022450	0.091112	420.8
0.839810	0.137629	0.022561	0.091376	420.9
0.839393	0.137934	0.022673	0.091640	421.0
0.838975	0.138240	0.022785	0.091905	421.1
0.838556	0.138547	0.022897	0.092171	421.2
0.838136	0.138853	0.023010	0.092437	421.3
0.837716	0.139160	0.023124	0.092704	421.4
0.837295	0.139468	0.023238	0.092972	421.5
0.836873	0.139775	0.023352	0.093240	421.6
0.836450	0.140083	0.023467	0.093509	421.7
0.836026	0.140392	0.023582	0.093778	421.8
0.835602	0.140700	0.023698	0.094048	421.9
0.835177	0.141009	0.023814	0.094319	422.0
0.834750	0.141318	0.023931	0.094590	422.1
0.834324	0.141628	0.024048	0.094862	422.2
0.833896	0.141938	0.024166	0.095135	422.3
0.833468	0.142248	0.024284	0.095408	422.4
0.833038	0.142559	0.024403	0.095682	422.5
0.832608	0.142869	0.024522	0.095957	422.6
0.832177	0.143181	0.024642	0.096232	422.7
0.831746	0.143492	0.024762	0.096508	422.8
0.831313	0.143804	0.024883	0.096785	422.9
0.830880	0.144116	0.025004	0.097062	423.0
0.830446	0.144429	0.025126	0.097340	423.1
0.830011	0.144741	0.025248	0.097619	423.2
0.829575	0.145054	0.025371	0.097898	423.3
0.829139	0.145368	0.025494	0.098178	423.4
0.828701	0.145681	0.025617	0.098458	423.5
0.828263	0.145995	0.025742	0.098739	423.6
0.827824	0.146310	0.025866	0.099021	423.7
0.827384	0.146624	0.025991	0.099304	423.8
0.826944	0.146939	0.026117	0.099587	423.9
0.826502	0.147255	0.026243	0.099870	424.0
0.826060	0.147570	0.026370	0.100155	424.1
0.825617	0.147886	0.026497	0.100440	424.2
0.825173	0.148202	0.026625	0.100726	424.3
0.824728	0.148518	0.026753	0.101012	424.4
0.824283	0.148835	0.026882	0.101299	424.5
0.823837	0.149152	0.027011	0.101587	424.6
0.823390	0.149470	0.027141	0.101876	424.7
0.822942	0.149787	0.027271	0.102165	424.8
0.822493	0.150105	0.027402	0.102454	424.9
0.822043	0.150423	0.027533	0.102745	425.0
0.821593	0.150742	0.027665	0.103036	425.1
0.821142	0.151061	0.027798	0.103328	425.2
0.820690	0.151380	0.027930	0.103620	425.3
0.820237	0.151699	0.028064	0.103913	425.4
0.819783	0.152019	0.028198	0.104207	425.5
0.819329	0.152339	0.028332	0.104502	425.6
0.818874	0.152659	0.028467	0.104797	425.7
0.818418	0.152979	0.028603	0.105093	425.8
0.817961	0.153300	0.028739	0.105389	425.9
0.817503	0.153621	0.028876	0.105686	426.0
0.817045	0.153942	0.029013	0.105984	426.1
0.816585	0.154264	0.029151	0.106283	426.2
0.816125	0.154586	0.029289	0.106582	426.3
0.815664	0.154908	0.029428	0.106882	426.4
0.815202	0.155230	0.029567	0.107182	426.5
0.814740	0.155553	0.029707	0.107484	426.6
0.814276	0.155876	0.029848	0.107786	426.7
0.813812	0.156199	0.029989	0.108088	426.8
0.813347	0.156523	0.030130	0.108392	426.9
0.812881	0.156847	0.030272	0.108696	427.0
0.812414	0.157171	0.030415	0.109000	427.1
0.811947	0.157495	0.030558	0.109306	427.2
0.811478	0.157820	0.030702	0.109612	427.3
0.811009	0.158144	0.030846	0.109919	427.4
0.810539	0.158470	0.030991	0.110226	427.5
0.810068	0.158795	0.031137	0.110534	427.6
0.809597	0.159120	0.031283	0.110843	427.7
0.809124	0.159446	0.031429	0.111153	427.8
0.808651	0.159772	0.031577	0.111463	427.9
0.808177	0.160099	0.031724	0.111774	428.0
0.807702	0.160425	0.031873	0.112085	428.1
0.807226	0.160752	0.032021	0.112398	428.2
0.806750	0.161079	0.032171	0.112711	428.3
0.806272	0.161407	0.032321	0.113024	428.4
0.805794	0.161734	0.032472	0.113339	428.5
0.805315	0.162062	0.032623	0.113654	428.6
0.804835	0.162390	0.032774	0.113970	428.7
0.804355	0.162719	0.032927	0.114286	428.8
0.803873	0.163047	0.033080	0.114603	428.9
0.803391	0.163376	0.033233	0.114921	429.0
0.802908	0.163705	0.033387	0.115240	429.1
0.802424	0.164034	0.033542	0.115559	429.2
0.801939	0.164364	0.033697	0.115879	429.3
0.801453	0.164694	0.033853	0.116200	429.4
0.800967	0.165024	0.034009	0.116521	429.5
0.800480	0.165354	0.034167	0.116843	429.6
0.799991	0.165684	0.034324	0.117166	429.7
0.799503	0.166015	0.034482	0.117490	429.8
0.799013	0.166346	0.034641	0.117814	429.9
0.798522	0.166677	0.034801	0.118139	430.0
0.798031	0.167008	0.034961	0.118465	430.1
0.797539	0.167340	0.035121	0.118791	430.2
0.797046	0.167672	0.035282	0.119118	430.3
0.796552	0.168004	0.035444	0.119446	430.4
0.796057	0.168336	0.035607	0.119775	430.5
0.795562	0.168668	0.035770	0.120104	430.6
0.795066	0.169001	0.035933	0.120434	430.7
0.794568	0.169334	0.036098	0.120765	430.8
0.794071	0.169667	0.036262	0.121096	430.9
0.793572	0.170000	0.036428	0.121428	431.0
0.793072	0.170334	0.036594	0.121761	431.1
0.792572	0.170667	0.036761	0.122094	431.2
0.792071	0.171001	0.036928	0.122429	431.3
0.791569	0.171335	0.037096	0.122764	431.4
0.791066	0.171670	0.037265	0.123099	431.5
0.790562	0.172004	0.037434	0.123436	431.6
0.790058	0.172339	0.037604	0.123773	431.7
0.789552	0.172674	0.037774	0.124111	431.8
0.789046	0.173009	0.037945	0.124449	431.9
0.788539	0.173344	0.038117	0.124789	432.0
0.788031	0.173680	0.038289	0.125129	432.1
0.787523	0.174015	0.038462	0.125470	432.2
0.787013	0.174351	0.038636	0.125811	432.3
0.786503	0.174687	0.038810	0.126153	432.4
0.785992	0.175023	0.038985	0.126496	432.5
0.785480	0.175360	0.039160	0.126840	432.6
0.784968	0.175696	0.039336	0.127184	432.7
0.784454	0.176033	0.039513	0.127530	432.8
0.783940	0.176370	0.039690	0.127875	432.9
0.783425	0.176707	0.039869	0.128222	433.0
0.782909	0.177044	0.040047	0.128569	433.1
0.782392	0.177382	0.040227	0.128917	433.2
0.781874	0.177719	0.040407	0.129266	433.3
0.781356	0.178057	0.040587	0.129616	433.4
0.780837	0.178395	0.040769	0.129966	433.5
0.780317	0.178733	0.040950	0.130317	433.6
0.779796	0.179071	0.041133	0.130669	433.7
0.779274	0.179410	0.041316	0.131021	433.8
0.778752	0.179748	0.041500	0.131374	433.9
0.778228	0.180087	0.041685	0.131728	434.0
0.777704	0.180426	0.041870	0.132083	434.1
0.777179	0.180765	0.042056	0.132438	434.2
0.776653	0.181104	0.042243	0.132795	434.3
0.776127	0.181443	0.042430	0.133151	434.4
0.775599	0.181783	0.042618	0.133509	434.5
0.775071	0.182123	0.042806	0.133867	434.6
0.774542	0.182462	0.042995	0.134227	434.7
0.774012	0.182802	0.043185	0.134586	434.8
0.773482	0.183142	0.043376	0.134947	434.9
0.772950	0.183483	0.043567	0.135308	435.0
0.772418	0.183823	0.043759	0.135670	435.1
0.771885	0.184163	0.043952	0.136033	435.2
0.771351	0.184504	0.044145	0.136397	435.3
0.770816	0.184845	0.044339	0.136761	435.4
0.770281	0.185186	0.044533	0.137126	435.5
0.769745	0.185527	0.044729	0.137492	435.6
0.769208	0.185868	0.044925	0.137859	435.7
0.768670	0.186209	0.045121	0.138226	435.8
0.768131	0.186550	0.045319	0.138594	435.9
0.767591	0.186892	0.045517	0.138963	436.0
0.767051	0.187234	0.045715	0.139332	436.1
0.766510	0.187575	0.045915	0.139702	436.2
0.765968	0.187917	0.046115	0.140074	436.3
0.765425	0.188259	0.046316	0.140445	436.4
0.764882	0.188601	0.046517	0.140818	436.5
0.764337	0.188943	0.046719	0.141191	436.6
0.763792	0.189286	0.046922	0.141565	436.7
0.763246	0.189628	0.047126	0.141940	436.8
0.762699	0.189970	0.047330	0.142315	436.9
0.762152	0.190313	0.047535	0.142692	437.0
0.761603	0.190656	0.047741	0.143069	437.1
0.761054	0.190999	0.047947	0.143447	437.2
0.760504	0.191341	0.048154	0.143825	437.3
0.759953	0.191684	0.048362	0.144204	437.4
0.759402	0.192027	0.048571	0.144584	437.5
0.758849	0.192371	0.048780	0.144965	437.6
0.758296	0.192714	0.048990	0.145347	437.7
0.757742	0.193057	0.049201	0.145729	437.8
0.757187	0.193401	0.049412	0.146112	437.9
0.756632	0.193744	0.049624	0.146496	438.0
0.756076	0.194088	0.049837	0.146881	438.1
0.755518	0.194431	0.050050	0.147266	438.2
0.754960	0.194775	0.050265	0.147652	438.3
0.754402	0.195119	0.050479	0.148039	438.4
0.753842	0.195463	0.050695	0.148427	438.5
0.753282	0.195807	0.050912	0.148815	438.6
0.752721	0.196151	0.051129	0.149204	438.7
0.752159	0.196495	0.051347	0.149594	438.8
0.751596	0.196839	0.051565	0.149985	438.9
0.751033	0.197183	0.051784	0.150376	439.0
0.750468	0.197527	0.052004	0.150768	439.1
0.749903	0.197872	0.052225	0.151161	439.2
0.749337	0.198216	0.052447	0.151555	439.3
0.748771	0.198560	0.052669	0.151949	439.4
0.748203	0.198905	0.052892	0.152344	439.5
0.747635	0.199249	0.053116	0.152740	439.6
0.747066	0.199594	0.053340	0.153137	439.7
0.746496	0.199938	0.053565	0.153535	439.8
0.745926	0.200283	0.053791	0.153933	439.9
0.745354	0.200628	0.054018	0.154332	440.0
0.744782	0.200972	0.054245	0.154732	440.1
0.744209	0.201317	0.054474	0.155132	440.2
0.743636	0.201662	0.054702	0.155533	440.3
0.743061	0.202007	0.054932	0.155936	440.4
0.742486	0.202352	0.055163	0.156338	440.5
0.741910	0.202697	0.055394	0.156742	440.6
0.741333	0.203041	0.055626	0.157146	440.7
0.740755	0.203386	0.055858	0.157551	440.8
0.740177	0.203731	0.056092	0.157957	440.9
0.739598	0.204076	0.056326	0.158364	441.0
0.739018	0.204421	0.056561	0.158771	441.1
0.738437	0.204766	0.056796	0.159180	441.2
0.737856	0.205111	0.057033	0.159588	441.3
0.737274	0.205456	0.057270	0.159998	441.4
0.736691	0.205801	0.057508	0.160409	441.5
0.736107	0.206146	0.057747	0.160820	441.6
0.735522	0.206491	0.057986	0.161232	441.7
0.734937	0.206836	0.058227	0.161645	441.8
0.734351	0.207181	0.058468	0.162058	441.9
0.733764	0.207526	0.058709	0.162473	442.0
0.733177	0.207871	0.058952	0.162888	442.1
0.732588	0.208216	0.059195	0.163303	442.2
0.731999	0.208561	0.059439	0.163720	442.3
0.731409	0.208906	0.059684	0.164137	442.4
0.730819	0.209251	0.059930	0.164556	442.5
0.730227	0.209596	0.060176	0.164974	442.6
0.729635	0.209941	0.060424	0.165394	442.7
0.729042	0.210286	0.060672	0.165815	442.8
0.728449	0.210631	0.060920	0.166236	442.9
0.727854	0.210976	0.061170	0.166658	443.0
0.727259	0.211320	0.061420	0.167081	443.1
0.726663	0.211665	0.061671	0.167504	443.2
0.726067	0.212010	0.061923	0.167928	443.3
0.725469	0.212355	0.062176	0.168353	443.4
0.724871	0.212699	0.062429	0.168779	443.5
0.724272	0.213044	0.062684	0.169206	443.6
0.723673	0.213389	0.062939	0.169633	443.7
0.723072	0.213733	0.063195	0.170061	443.8
0.722471	0.214078	0.063451	0.170490	443.9
0.721869	0.214422	0.063709	0.170920	444.0
0.721267	0.214767	0.063967	0.171350	444.1
0.720663	0.215111	0.064226	0.171781	444.2
0.720059	0.215455	0.064486	0.172213	444.3
0.719454	0.215799	0.064746	0.172646	444.4
0.718849	0.216144	0.065008	0.173079	444.5
0.718242	0.216488	0.065270	0.173514	444.6
0.717635	0.216832	0.065533	0.173949	444.7
0.717028	0.217176	0.065797	0.174385	444.8
0.716419	0.217520	0.066061	0.174821	444.9
0.715810	0.217863	0.066327	0.175258	445.0
0.715200	0.218207	0.066593	0.175696	445.1
0.714589	0.218551	0.066860	0.176135	445.2
0.713978	0.218894	0.067128	0.176575	445.3
0.713366	0.219238	0.067396	0.177015	445.4
0.712753	0.219581	0.067666	0.177457	445.5
0.712139	0.219925	0.067936	0.177898	445.6
0.711525	0.220268	0.068207	0.178341	445.7
0.710910	0.220611	0.068479	0.178785	445.8
0.710294	0.220954	0.068752	0.179229	445.9
0.709678	0.221297	0.069025	0.179674	446.0
0.709060	0.221640	0.069300	0.180120	446.1
0.708443	0.221983	0.069575	0.180566	446.2
0.707824	0.222325	0.069851	0.181013	446.3
0.707205	0.222668	0.070127	0.181461	446.4
0.706585	0.223010	0.070405	0.181910	446.5
0.705964	0.223353	0.070683	0.182360	446.6
0.705342	0.223695	0.070963	0.182810	446.7
0.704720	0.224037	0.071243	0.183261	446.8
0.704097	0.224379	0.071524	0.183713	446.9
0.703474	0.224721	0.071805	0.184166	447.0
0.702849	0.225063	0.072088	0.184619	447.1
0.702225	0.225404	0.072371	0.185073	447.2
0.701599	0.225746	0.072655	0.185528	447.3
0.700972	0.226087	0.072940	0.185984	447.4
0.700345	0.226428	0.073226	0.186440	447.5
0.699718	0.226770	0.073513	0.186898	447.6
0.699089	0.227110	0.073800	0.187356	447.7
0.698460	0.227451	0.074089	0.187814	447.8
0.697830	0.227792	0.074378	0.188274	447.9
0.697200	0.228132	0.074668	0.188734	448.0
0.696568	0.228473	0.074959	0.189195	448.1
0.695937	0.228813	0.075250	0.189657	448.2
0.695304	0.229153	0.075543	0.190119	448.3
0.694671	0.229493	0.075836	0.190583	448.4
0.694037	0.229833	0.076130	0.191047	448.5
0.693402	0.230172	0.076425	0.191512	448.6
0.692767	0.230512	0.076721	0.191977	448.7
0.692131	0.230851	0.077018	0.192444	448.8
0.691494	0.231190	0.077316	0.192911	448.9
0.690857	0.231529	0.077614	0.193379	449.0
0.690219	0.231868	0.077913	0.193847	449.1
0.689580	0.232207	0.078213	0.194317	449.2
0.688941	0.232545	0.078514	0.194787	449.3
0.688301	0.232883	0.078816	0.195258	449.4
0.687660	0.233221	0.079119	0.195729	449.5
0.687019	0.233559	0.079422	0.196202	449.6
0.686377	0.233897	0.079726	0.196675	449.7
0.685734	0.234234	0.080032	0.197149	449.8
0.685091	0.234572	0.080338	0.197623	449.9
0.684447	0.234909	0.080644	0.198099	450.0
0.683802	0.235246	0.080952	0.198575	450.1
0.683157	0.235582	0.081261	0.199052	450.2
0.682511	0.235919	0.081570	0.199530	450.3
0.681865	0.236255	0.081880	0.200008	450.4
0.681217	0.236591	0.082192	0.200487	450.5
0.680569	0.236927	0.082504	0.200967	450.6
0.679921	0.237263	0.082816	0.201448	450.7
0.679272	0.237598	0.083130	0.201929	450.8
0.678622	0.237933	0.083445	0.202411	450.9
0.677972	0.238268	0.083760	0.202894	451.0
0.677320	0.238603	0.084076	0.203378	451.1
0.676669	0.238938	0.084394	0.203862	451.2
0.676016	0.239272	0.084712	0.204348	451.3
0.675363	0.239606	0.085030	0.204833	451.4
0.674710	0.239940	0.085350	0.205320	451.5
0.674056	0.240274	0.085671	0.205808	451.6
0.673401	0.240607	0.085992	0.206296	451.7
0.672745	0.240940	0.086314	0.206785	451.8
0.672089	0.241273	0.086638	0.207274	451.9
0.671432	0.241606	0.086962	0.207765	452.0
0.670775	0.241938	0.087287	0.208256	452.1
0.670117	0.242270	0.087612	0.208748	452.2
0.669459	0.242602	0.087939	0.209240	452.3
0.668799	0.242934	0.088267	0.209734	452.4
0.668140	0.243265	0.088595	0.210228	452.5
0.667479	0.243597	0.088924	0.210723	452.6
0.666818	0.243927	0.089254	0.211218	452.7
0.666157	0.244258	0.089585	0.211714	452.8
0.665494	0.244588	0.089917	0.212211	452.9
0.664832	0.244919	0.090250	0.212709	453.0
0.664168	0.245248	0.090584	0.213208	453.1
0.663504	0.245578	0.090918	0.213707	453.2
0.662840	0.245907	0.091253	0.214207	453.3
0.662174	0.246236	0.091590	0.214708	453.4
0.661509	0.246565	0.091927	0.215209	453.5
0.660842	0.246893	0.092265	0.215711	453.6
0.660175	0.247221	0.092604	0.216214	453.7
0.659508	0.247549	0.092943	0.216718	453.8
0.658839	0.247877	0.093284	0.217222	453.9
0.658171	0.248204	0.093625	0.217727	454.0
0.657501	0.248531	0.093968	0.218233	454.1
0.656832	0.248857	0.094311	0.218740	454.2
0.656161	0.249184	0.094655	0.219247	454.3
0.655490	0.249510	0.095000	0.219755	454.4
0.654819	0.249835	0.095346	0.220264	454.5
0.654146	0.250161	0.095693	0.220773	454.6
0.653474	0.250486	0.096040	0.221283	454.7
0.652800	0.250811	0.096389	0.221794	454.8
0.652127	0.251135	0.096738	0.222306	454.9
0.651452	0.251459	0.097088	0.222818	455.0
0.650777	0.251783	0.097440	0.223331	455.1
0.650102	0.252107	0.097792	0.223845	455.2
0.649426	0.252430	0.098145	0.224359	455.3
0.648749	0.252753	0.098498	0.224875	455.4
0.648072	0.253075	0.098853	0.225391	455.5
0.647394	0.253397	0.099209	0.225907	455.6
0.646716	0.253719	0.099565	0.226425	455.7
0.646037	0.254040	0.099922	0.226943	455.8
0.645358	0.254362	0.100281	0.227461	455.9
0.644678	0.254682	0.100640	0.227981	456.0
0.643997	0.255003	0.101000	0.228501	456.1
0.643317	0.255323	0.101361	0.229022	456.2
0.642635	0.255643	0.101722	0.229544	456.3
0.641953	0.255962	0.102085	0.230066	456.4
0.641271	0.256281	0.102449	0.230589	456.5
0.640587	0.256600	0.102813	0.231113	456.6
0.639904	0.256918	0.103178	0.231637	456.7
0.639220	0.257236	0.103544	0.232162	456.8
0.638535	0.257553	0.103912	0.232688	456.9
0.637850	0.257870	0.104279	0.233215	457.0
0.637164	0.258187	0.104648	0.233742	457.1
0.636478	0.258504	0.105018	0.234270	457.2
0.635792	0.258820	0.105389	0.234799	457.3
0.635104	0.259135	0.105760	0.235328	457.4
0.634417	0.259451	0.106133	0.235858	457.5
0.633729	0.259765	0.106506	0.236389	457.6
0.633040	0.260080	0.106880	0.236920	457.7
0.632351	0.260394	0.107255	0.237452	457.8
0.631661	0.260708	0.107631	0.237985	457.9
0.630971	0.261021	0.108008	0.238518	458.0
0.630280	0.261334	0.108386	0.239053	458.1
0.629589	0.261646	0.108764	0.239587	458.2
0.628898	0.261958	0.109144	0.240123	458.3
0.628206	0.262270	0.109524	0.240659	458.4
0.627513	0.262581	0.109905	0.241196	458.5
0.626820	0.262892	0.110288	0.241734	458.6
0.626127	0.263203	0.110671	0.242272	458.7
0.625433	0.263513	0.111055	0.242811	458.8
0.624738	0.263822	0.111439	0.243351	458.9
0.624043	0.264132	0.111825	0.243891	459.0
0.623348	0.264440	0.112212	0.244432	459.1
0.622652	0.264749	0.112599	0.244974	459.2
0.621956	0.265057	0.112988	0.245516	459.3
0.621259	0.265364	0.113377	0.246059	459.4
0.620562	0.265671	0.113767	0.246603	459.5
0.619864	0.265978	0.114158	0.247147	459.6
0.619166	0.266284	0.114550	0.247692	459.7
0.618468	0.266589	0.114943	0.248238	459.8
0.617769	0.266895	0.115337	0.248784	459.9
0.617069	0.267200	0.115731	0.249331	460.0
0.616369	0.267504	0.116127	0.249879	460.1
0.615669	0.267808	0.116523	0.250427	460.2
0.614968	0.268111	0.116921	0.250976	460.3
0.614267	0.268414	0.117319	0.251526	460.4
0.613565	0.268717	0.117718	0.252076	460.5
0.612863	0.269019	0.118118	0.252627	460.6
0.612161	0.269320	0.118519	0.253179	460.7
0.611458	0.269622	0.118920	0.253731	460.8
0.610755	0.269922	0.119323	0.254284	460.9
0.610051	0.270222	0.119726	0.254838	461.0
0.609347	0.270522	0.120131	0.255392	461.1
0.608642	0.270821	0.120536	0.255947	461.2
0.607937	0.271120	0.120942	0.256502	461.3
0.607232	0.271419	0.121349	0.257059	461.4
0.606526	0.271716	0.121757	0.257615	461.5
0.605820	0.272014	0.122166	0.258173	461.6
0.605114	0.272310	0.122576	0.258731	461.7
0.604407	0.272607	0.122986	0.259290	461.8
0.603699	0.272903	0.123398	0.259849	461.9
0.602992	0.273198	0.123810	0.260409	462.0
0.602284	0.273493	0.124223	0.260970	462.1
0.601575	0.273787	0.124638	0.261531	462.2
0.600866	0.274081	0.125053	0.262093	462.3
0.600157	0.274374	0.125469	0.262656	462.4
0.599448	0.274667	0.125885	0.263219	462.5
0.598738	0.274959	0.126303	0.263783	462.6
0.598027	0.275251	0.126722	0.264347	462.7
0.597316	0.275543	0.127141	0.264912	462.8
0.596605	0.275833	0.127561	0.265478	462.9
0.595894	0.276124	0.127983	0.266044	463.0
0.595182	0.276413	0.128405	0.266611	463.1
0.594470	0.276702	0.128828	0.267179	463.2
0.593757	0.276991	0.129251	0.267747	463.3
0.593045	0.277279	0.129676	0.268316	463.4
0.592331	0.277567	0.130102	0.268885	463.5
0.591618	0.277854	0.130528	0.269455	463.6
0.590904	0.278140	0.130956	0.270026	463.7
0.590190	0.278426	0.131384	0.270597	463.8
0.589475	0.278712	0.131813	0.271169	463.9
0.588760	0.278997	0.132243	0.271741	464.0
0.588045	0.279281	0.132674	0.272314	464.1
0.587329	0.279565	0.133106	0.272888	464.2
0.586614	0.279848	0.133538	0.273462	464.3
0.585897	0.280131	0.133972	0.274037	464.4
0.585181	0.280413	0.134406	0.274613	464.5
0.584464	0.280695	0.134841	0.275189	464.6
0.583747	0.280976	0.135277	0.275765	464.7
0.583029	0.281256	0.135714	0.276343	464.8
0.582312	0.281536	0.136152	0.276920	464.9
0.581594	0.281815	0.136591	0.277499	465.0
0.580875	0.282094	0.137031	0.278078	465.1
0.580157	0.282372	0.137471	0.278657	465.2
0.579438	0.282650	0.137912	0.279237	465.3
0.578718	0.282927	0.138355	0.279818	465.4
0.577999	0.283203	0.138798	0.280400	465.5
0.577279	0.283479	0.139242	0.280981	465.6
0.576559	0.283755	0.139687	0.281564	465.7
0.575838	0.284029	0.140132	0.282147	465.8
0.575118	0.284304	0.140579	0.282731	465.9
0.574397	0.284577	0.141026	0.283315	466.0
0.573675	0.284850	0.141475	0.283900	466.1
0.572954	0.285122	0.141924	0.284485	466.2
0.572232	0.285394	0.142374	0.285071	466.3
0.571510	0.285665	0.142825	0.285657	466.4
0.570788	0.285936	0.143276	0.286244	466.5
0.570065	0.286206	0.143729	0.286832	466.6
0.569342	0.286475	0.144182	0.287420	466.7
0.568619	0.286744	0.144637	0.288009	466.8
0.567896	0.287012	0.145092	0.288598	466.9
0.567172	0.287280	0.145548	0.289188	467.0
0.566449	0.287546	0.146005	0.289778	467.1
0.565725	0.287813	0.146463	0.290369	467.2
0.565000	0.288078	0.146921	0.290960	467.3
0.564276	0.288343	0.147381	0.291552	467.4
0.563551	0.288608	0.147841	0.292145	467.5
0.562826	0.288872	0.148302	0.292738	467.6
0.562101	0.289135	0.148764	0.293332	467.7
0.561375	0.289397	0.149227	0.293926	467.8
0.560650	0.289659	0.149691	0.294520	467.9
0.559924	0.289921	0.150155	0.295116	468.0
0.559198	0.290181	0.150621	0.295711	468.1
0.558472	0.290441	0.151087	0.296308	468.2
0.557745	0.290701	0.151554	0.296905	468.3
0.557018	0.290959	0.152022	0.297502	468.4
0.556292	0.291218	0.152491	0.298100	468.5
0.555564	0.291475	0.152961	0.298698	468.6
0.554837	0.291732	0.153431	0.299297	468.7
0.554110	0.291988	0.153902	0.299896	468.8
0.553382	0.292243	0.154375	0.300496	468.9
0.552654	0.292498	0.154848	0.301097	469.0
0.551926	0.292752	0.155321	0.301698	469.1
0.551198	0.293006	0.155796	0.302299	469.2
0.550469	0.293259	0.156272	0.302901	469.3
0.549741	0.293511	0.156748	0.303504	469.4
0.549012	0.293763	0.157225	0.304107	469.5
0.548283	0.294013	0.157703	0.304710	469.6
0.547554	0.294264	0.158182	0.305314	469.7
0.546825	0.294513	0.158662	0.305918	469.8
0.546096	0.294762	0.159142	0.306523	469.9
0.545366	0.295010	0.159624	0.307129	470.0
0.544636	0.295258	0.160106	0.307735	470.1
0.543906	0.295505	0.160589	0.308341	470.2
0.543176	0.295751	0.161073	0.308948	470.3
0.542446	0.295996	0.161557	0.309556	470.4
0.541716	0.296241	0.162043	0.310163	470.5
0.540986	0.296485	0.162529	0.310772	470.6
0.540255	0.296729	0.163016	0.311381	470.7
0.539524	0.296971	0.163504	0.311990	470.8
0.538794	0.297213	0.163993	0.312600	470.9
0.538063	0.297455	0.164483	0.313210	471.0
0.537332	0.297695	0.164973	0.313821	471.1
0.536600	0.297935	0.165464	0.314432	471.2
0.535869	0.298175	0.165956	0.315044	471.3
0.535138	0.298413	0.166449	0.315656	471.4
0.534406	0.298651	0.166943	0.316268	471.5
0.533675	0.298888	0.167437	0.316881	471.6
0.532943	0.299125	0.167932	0.317495	471.7
0.532211	0.299360	0.168429	0.318109	471.8
0.531479	0.299595	0.168925	0.318723	471.9
0.530747	0.299830	0.169423	0.319338	472.0
0.530015	0.300063	0.169922	0.319953	472.1
0.529283	0.300296	0.170421	0.320569	472.2
0.528551	0.300528	0.170921	0.321185	472.3
0.527818	0.300760	0.171422	0.321802	472.4
0.527086	0.300991	0.171924	0.322419	472.5
0.526353	0.301221	0.172426	0.323036	472.6
0.525621	0.301450	0.172929	0.323654	472.7
0.524888	0.301679	0.173433	0.324273	472.8
0.524155	0.301906	0.173938	0.324891	472.9
0.523423	0.302134	0.174444	0.325511	473.0
0.522690	0.302360	0.174950	0.326130	473.1
0.521957	0.302586	0.175458	0.326750	473.2
0.521224	0.302810	0.175966	0.327371	473.3
0.520491	0.303035	0.176474	0.327992	473.4
0.519758	0.303258	0.176984	0.328613	473.5
0.519025	0.303481	0.177494	0.329235	473.6
0.518292	0.303703	0.178005	0.329857	473.7
0.517559	0.303924	0.178517	0.330479	473.8
0.516825	0.304144	0.179030	0.331102	473.9
0.516092	0.304364	0.179544	0.331726	474.0
0.515359	0.304583	0.180058	0.332349	474.1
0.514626	0.304801	0.180573	0.332974	474.2
0.513892	0.305019	0.181089	0.333598	474.3
0.513159	0.305236	0.181605	0.334223	474.4
0.512426	0.305452	0.182123	0.334848	474.5
0.511692	0.305667	0.182641	0.335474	474.6
0.510959	0.305881	0.183160	0.336100	474.7
0.510226	0.306095	0.183679	0.336727	474.8
0.509492	0.306308	0.184200	0.337354	474.9
0.508759	0.306520	0.184721	0.337981	475.0
0.508026	0.306732	0.185243	0.338608	475.1
0.507292	0.306942	0.185765	0.339236	475.2
0.506559	0.307152	0.186289	0.339865	475.3
0.505826	0.307361	0.186813	0.340494	475.4
0.505093	0.307570	0.187338	0.341123	475.5
0.504359	0.307777	0.187864	0.341752	475.6
0.503626	0.307984	0.188390	0.342382	475.7
0.502893	0.308190	0.188917	0.343012	475.8
0.502160	0.308395	0.189445	0.343643	475.9
0.501426	0.308600	0.189974	0.344274	476.0
0.500693	0.308803	0.190503	0.344905	476.1
0.499960	0.309006	0.191033	0.345537	476.2
0.499227	0.309209	0.191564	0.346168	476.3
0.498494	0.309410	0.192096	0.346801	476.4
0.497761	0.309610	0.192628	0.347433	476.5
0.497028	0.309810	0.193161	0.348066	476.6
0.496296	0.310009	0.193695	0.348700	476.7
0.495563	0.310208	0.194230	0.349333	476.8
0.494830	0.310405	0.194765	0.349967	476.9
0.494097	0.310602	0.195301	0.350602	477.0
0.493365	0.310797	0.195838	0.351236	477.1
0.492632	0.310993	0.196375	0.351871	477.2
0.491900	0.311187	0.196913	0.352507	477.3
0.491168	0.311380	0.197452	0.353142	477.4
0.490435	0.311573	0.197992	0.353778	477.5
0.489703	0.311765	0.198532	0.354415	477.6
0.488971	0.311956	0.199073	0.355051	477.7
0.488239	0.312146	0.199615	0.355688	477.8
0.487507	0.312336	0.200157	0.356325	477.9
0.486775	0.312524	0.200701	0.356963	478.0
0.486043	0.312712	0.201244	0.357600	478.1
0.485312	0.312899	0.201789	0.358239	478.2
0.484580	0.313085	0.202334	0.358877	478.3
0.483849	0.313271	0.202880	0.359516	478.4
0.483118	0.313456	0.203427	0.360155	478.5
0.482386	0.313639	0.203974	0.360794	478.6
0.481655	0.313822	0.204522	0.361434	478.7
0.480924	0.314005	0.205071	0.362073	478.8
0.480194	0.314186	0.205621	0.362713	478.9
0.479463	0.314367	0.206171	0.363354	479.0
0.478732	0.314546	0.206721	0.363995	479.1
0.478002	0.314725	0.207273	0.364636	479.2
0.477271	0.314903	0.207825	0.365277	479.3
0.476541	0.315081	0.208378	0.365918	479.4
0.475811	0.315257	0.208932	0.366560	479.5
0.475081	0.315433	0.209486	0.367202	479.6
0.474352	0.315608	0.210041	0.367844	479.7
0.473622	0.315782	0.210596	0.368487	479.8
0.472893	0.315955	0.211152	0.369130	479.9
0.472163	0.316127	0.211709	0.369773	480.0
0.471434	0.316299	0.212267	0.370416	480.1
0.470705	0.316469	0.212825	0.371060	480.2
0.469977	0.316639	0.213384	0.371704	480.3
0.469248	0.316808	0.213944	0.372348	480.4
0.468520	0.316977	0.214504	0.372992	480.5
0.467791	0.317144	0.215065	0.373637	480.6
0.467063	0.317310	0.215626	0.374281	480.7
0.466336	0.317476	0.216188	0.374926	480.8
0.465608	0.317641	0.216751	0.375572	480.9
0.464880	0.317805	0.217315	0.376217	481.0
0.464153	0.317968	0.217879	0.376863	481.1
0.463426	0.318131	0.218444	0.377509	481.2
0.462699	0.318292	0.219009	0.378155	481.3
0.461972	0.318453	0.219575	0.378801	481.4
0.461246	0.318613	0.220142	0.379448	481.5
0.460519	0.318772	0.220709	0.380095	481.6
0.459793	0.318930	0.221277	0.380742	481.7
0.459067	0.319087	0.221845	0.381389	481.8
0.458342	0.319244	0.222415	0.382036	481.9
0.457616	0.319399	0.222984	0.382684	482.0
0.456891	0.319554	0.223555	0.383332	482.1
0.456166	0.319708	0.224126	0.383980	482.2
0.455441	0.319861	0.224698	0.384628	482.3
0.454717	0.320013	0.225270	0.385277	482.4
0.453993	0.320165	0.225843	0.385925	482.5
0.453269	0.320315	0.226416	0.386574	482.6
0.452545	0.320465	0.226990	0.387223	482.7
0.451821	0.320614	0.227565	0.387872	482.8
0.451098	0.320762	0.228141	0.388521	482.9
0.450375	0.320909	0.228716	0.389171	483.0
0.449652	0.321055	0.229293	0.389821	483.1
0.448929	0.321201	0.229870	0.390470	483.2
0.448207	0.321345	0.230448	0.391120	483.3
0.447485	0.321489	0.231026	0.391771	483.4
0.446763	0.321632	0.231605	0.392421	483.5
0.446042	0.321774	0.232185	0.393071	483.6
0.445320	0.321915	0.232765	0.393722	483.7
0.444599	0.322055	0.233345	0.394373	483.8
0.443879	0.322195	0.233927	0.395024	483.9
0.443158	0.322333	0.234509	0.395675	484.0
0.442438	0.322471	0.235091	0.396326	484.1
0.441718	0.322608	0.235674	0.396978	484.2
0.440999	0.322744	0.236258	0.397629	484.3
0.440280	0.322879	0.236842	0.398281	484.4
0.439561	0.323013	0.237426	0.398933	484.5
0.438842	0.323146	0.238012	0.399585	484.6
0.438124	0.323279	0.238597	0.400237	484.7
0.437406	0.323411	0.239184	0.400889	484.8
0.436688	0.323541	0.239771	0.401542	484.9
0.435970	0.323671	0.240358	0.402194	485.0
0.435253	0.323800	0.240946	0.402847	485.1
0.434536	0.323929	0.241535	0.403499	485.2
0.433820	0.324056	0.242124	0.404152	485.3
0.433104	0.324182	0.242714	0.404805	485.4
0.432388	0.324308	0.243304	0.405458	485.5
0.431672	0.324433	0.243895	0.406111	485.6
0.430957	0.324557	0.244486	0.406765	485.7
0.430242	0.324680	0.245078	0.407418	485.8
0.429528	0.324802	0.245671	0.408071	485.9
0.428813	0.324923	0.246263	0.408725	486.0
0.428100	0.325043	0.246857	0.409379	486.1
0.427386	0.325163	0.247451	0.410032	486.2
0.426673	0.325282	0.248045	0.410686	486.3
0.425960	0.325399	0.248640	0.411340	486.4
0.425248	0.325516	0.249236	0.411994	486.5
0.424536	0.325632	0.249832	0.412648	486.6
0.423824	0.325747	0.250429	0.413302	486.7
0.423112	0.325862	0.251026	0.413957	486.8
0.422401	0.325975	0.251623	0.414611	486.9
0.421691	0.326088	0.252222	0.415265	487.0
0.420980	0.326199	0.252820	0.415920	487.1
0.420271	0.326310	0.253419	0.416574	487.2
0.419561	0.326420	0.254019	0.417229	487.3
0.418852	0.326529	0.254619	0.417884	487.4
0.418143	0.326637	0.255220	0.418538	487.5
0.417435	0.326745	0.255821	0.419193	487.6
0.416727	0.326851	0.256422	0.419848	487.7
0.416019	0.326957	0.257024	0.420503	487.8
0.415312	0.327061	0.257627	0.421158	487.9
0.414605	0.327165	0.258230	0.421813	488.0
0.413898	0.327268	0.258833	0.422468	488.1
0.413192	0.327370	0.259437	0.423123	488.2
0.412487	0.327471	0.260042	0.423778	488.3
0.411782	0.327572	0.260647	0.424433	488.4
0.411077	0.327671	0.261252	0.425088	488.5
0.410372	0.327770	0.261858	0.425743	488.6
0.409668	0.327867	0.262465	0.426398	488.7
0.408965	0.327964	0.263071	0.427053	488.8
0.408261	0.328060	0.263679	0.427709	488.9
0.407559	0.328155	0.264286	0.428364	489.0
0.406856	0.328249	0.264894	0.429019	489.1
0.406155	0.328342	0.265503	0.429674	489.2
0.405453	0.328435	0.266112	0.430330	489.3
0.404752	0.328526	0.266722	0.430985	489.4
0.404051	0.328617	0.267332	0.431640	489.5
0.403351	0.328707	0.267942	0.432295	489.6
0.402651	0.328796	0.268553	0.432951	489.7
0.401952	0.328884	0.269164	0.433606	489.8
0.401253	0.328971	0.269776	0.434261	489.9
0.400555	0.329057	0.270388	0.434916	490.0
0.399857	0.329143	0.271000	0.435572	490.1
0.399159	0.329227	0.271613	0.436227	490.2
0.398462	0.329311	0.272227	0.436882	490.3
0.397766	0.329393	0.272841	0.437537	490.4
0.397070	0.329475	0.273455	0.438193	490.5
0.396374	0.329556	0.274070	0.438848	490.6
0.395679	0.329637	0.274685	0.439503	490.7
0.394984	0.329716	0.275300	0.440158	490.8
0.394290	0.329794	0.275916	0.440813	490.9
0.393596	0.329872	0.276532	0.441468	491.0
0.392903	0.329948	0.277149	0.442123	491.1
0.392210	0.330024	0.277766	0.442778	491.2
0.391518	0.330099	0.278383	0.443433	491.3
0.390826	0.330173	0.279001	0.444088	491.4
0.390134	0.330246	0.279619	0.444743	491.5
0.389444	0.330318	0.280238	0.445397	491.6
0.388753	0.330390	0.280857	0.446052	491.7
0.388063	0.330460	0.281477	0.446707	491.8
0.387374	0.330530	0.282096	0.447361	491.9
0.386685	0.330599	0.282716	0.448016	492.0
0.385996	0.330667	0.283337	0.448670	492.1
0.385309	0.330734	0.283958	0.449325	492.2
0.384621	0.330800	0.284579	0.449979	492.3
0.383934	0.330865	0.285201	0.450633	492.4
0.383248	0.330929	0.285823	0.451287	492.5
0.382562	0.330993	0.286445	0.451942	492.6
0.381877	0.331056	0.287068	0.452596	492.7
0.381192	0.331117	0.287691	0.453250	492.8
0.380507	0.331178	0.288314	0.453903	492.9
0.379824	0.331238	0.288938	0.454557	493.0
0.379140	0.331297	0.289562	0.455211	493.1
0.378458	0.331356	0.290187	0.455865	493.2
0.377775	0.331413	0.290811	0.456518	493.3
0.377094	0.331470	0.291437	0.457171	493.4
0.376413	0.331525	0.292062	0.457825	493.5
0.375732	0.331580	0.292688	0.458478	493.6
0.375052	0.331634	0.293314	0.459131	493.7
0.374372	0.331687	0.293941	0.459784	493.8
0.373693	0.331739	0.294567	0.460437	493.9
0.373015	0.331791	0.295194	0.461090	494.0
0.372337	0.331841	0.295822	0.461742	494.1
0.371660	0.331891	0.296450	0.462395	494.2
0.370983	0.331940	0.297078	0.463047	494.3
0.370307	0.331987	0.297706	0.463700	494.4
0.369631	0.332034	0.298335	0.464352	494.5
0.368956	0.332081	0.298964	0.465004	494.6
0.368281	0.332126	0.299593	0.465656	494.7
0.367607	0.332170	0.300223	0.466308	494.8
0.366934	0.332214	0.300852	0.466959	494.9
0.366261	0.332257	0.301483	0.467611	495.0
0.365589	0.332298	0.302113	0.468262	495.1
0.364917	0.332339	0.302744	0.468914	495.2
0.364246	0.332380	0.303375	0.469565	495.3
0.363575	0.332419	0.304006	0.470216	495.4
0.362905	0.332457	0.304638	0.470866	495.5
0.362236	0.332495	0.305270	0.471517	495.6
0.361567	0.332531	0.305902	0.472168	495.7
0.360898	0.332567	0.306534	0.472818	495.8
0.360231	0.332602	0.307167	0.473468	495.9
0.359564	0.332636	0.307800	0.474118	496.0
0.358897	0.332670	0.308433	0.474768	496.1
0.358231	0.332702	0.309067	0.475418	496.2
0.357566	0.332733	0.309700	0.476067	496.3
0.356901	0.332764	0.310335	0.476717	496.4
0.356237	0.332794	0.310969	0.477366	496.5
0.355574	0.332823	0.311603	0.478015	496.6
0.354911	0.332851	0.312238	0.478664	496.7
0.354249	0.332878	0.312873	0.479312	496.8
0.353587	0.332905	0.313508	0.479961	496.9
0.352926	0.332930	0.314144	0.480609	497.0
0.352265	0.332955	0.314780	0.481257	497.1
0.351605	0.332979	0.315416	0.481905	497.2
0.350946	0.333002	0.316052	0.482553	497.3
0.350288	0.333024	0.316688	0.483200	497.4
0.349630	0.333046	0.317325	0.483848	497.5
0.348972	0.333066	0.317962	0.484495	497.6
0.348316	0.333086	0.318599	0.485142	497.7
0.347659	0.333105	0.319236	0.485788	497.8
0.347004	0.333122	0.319874	0.486435	497.9
0.346349	0.333140	0.320511	0.487081	498.0
0.345695	0.333156	0.321149	0.487727	498.1
0.345041	0.333171	0.321787	0.488373	498.2
0.344388	0.333186	0.322426	0.489019	498.3
0.343736	0.333200	0.323064	0.489664	498.4
0.343084	0.333213	0.323703	0.490309	498.5
0.342433	0.333225	0.324342	0.490954	498.6
0.341783	0.333236	0.324981	0.491599	498.7
0.341133	0.333246	0.325621	0.492244	498.8
0.340484	0.333256	0.326260	0.492888	498.9
0.339835	0.333265	0.326900	0.493532	499.0
0.339188	0.333273	0.327540	0.494176	499.1
0.338540	0.333280	0.328180	0.494820	499.2
0.337894	0.333286	0.328820	0.495463	499.3
0.337248	0.333291	0.329461	0.496106	499.4
0.336603	0.333296	0.330101	0.496749	499.5
0.335958	0.333300	0.330742	0.497392	499.6
0.335314	0.333303	0.331383	0.498034	499.7
0.334671	0.333305	0.332024	0.498676	499.8
0.334029	0.333306	0.332665	0.499318	499.9
0.333387	0.333307	0.333307	0.499960	500.0
0.332746	0.333306	0.333948	0.500601	500.1
0.332105	0.333305	0.334590	0.501242	500.2
0.331465	0.333303	0.335232	0.501883	500.3
0.330826	0.333300	0.335874	0.502524	500.4
0.330187	0.333297	0.336516	0.503164	500.5
0.329550	0.333292	0.337158	0.503804	500.6
0.328912	0.333287	0.337801	0.504444	500.7
0.328276	0.333281	0.338443	0.505084	500.8
0.327640	0.333274	0.339086	0.505723	500.9
0.327005	0.333266	0.339729	0.506362	501.0
0.326371	0.333258	0.340372	0.507001	501.1
0.325737	0.333248	0.341015	0.507639	501.2
0.325104	0.333238	0.341658	0.508277	501.3
0.324471	0.333227	0.342301	0.508915	501.4
0.323840	0.333215	0.342945	0.509553	501.5
0.323209	0.333203	0.343588	0.510190	501.6
0.322578	0.333189	0.344232	0.510827	501.7
0.321949	0.333175	0.344876	0.511464	501.8
0.321320	0.333160	0.345520	0.512100	501.9
0.320692	0.333145	0.346164	0.512736	502.0
0.320064	0.333128	0.346808	0.513372	502.1
0.319437	0.333111	0.347452	0.514007	502.2
0.318811	0.333092	0.348096	0.514643	502.3
0.318186	0.333073	0.348741	0.515278	502.4
0.317561	0.333054	0.349385	0.515912	502.5
0.316937	0.333033	0.350030	0.516546	502.6
0.316314	0.333012	0.350675	0.517180	502.7
0.315691	0.332989	0.351319	0.517814	502.8
0.315069	0.332966	0.351964	0.518447	502.9
0.314448	0.332943	0.352609	0.519080	503.0
0.313828	0.332918	0.353254	0.519713	503.1
0.313208	0.332893	0.353899	0.520345	503.2
0.312589	0.332867	0.354544	0.520977	503.3
0.311971	0.332840	0.355189	0.521609	503.4
0.311353	0.332812	0.355835	0.522241	503.5
0.310737	0.332784	0.356480	0.522872	503.6
0.310121	0.332754	0.357125	0.523502	503.7
0.309505	0.332724	0.357771	0.524133	503.8
0.308890	0.332693	0.358416	0.524763	503.9
0.308277	0.332662	0.359062	0.525393	504.0
0.307663	0.332629	0.359707	0.526022	504.1
0.307051	0.332596	0.360353	0.526651	504.2
0.306439	0.332562	0.360998	0.527280	504.3
0.305828	0.332528	0.361644	0.527908	504.4
0.305218	0.332492	0.362290	0.528536	504.5
0.304608	0.332456	0.362936	0.529164	504.6
0.304000	0.332419	0.363581	0.529791	504.7
0.303392	0.332381	0.364227	0.530418	504.8
0.302784	0.332343	0.364873	0.531044	504.9
0.302178	0.332303	0.365519	0.531671	505.0
0.301572	0.332263	0.366165	0.532296	505.1
0.300967	0.332222	0.366811	0.532922	505.2
0.300363	0.332181	0.367457	0.533547	505.3
0.299759	0.332138	0.368103	0.534172	505.4
0.299156	0.332095	0.368749	0.534796	505.5
0.298554	0.332051	0.369395	0.535420	505.6
0.297953	0.332007	0.370041	0.536044	505.7
0.297352	0.331961	0.370687	0.536667	505.8
0.296752	0.331915	0.371333	0.537290	505.9
0.296153	0.331868	0.371979	0.537913	506.0
0.295555	0.331821	0.372625	0.538535	506.1
0.294957	0.331772	0.373271	0.539157	506.2
0.294360	0.331723	0.373917	0.539778	506.3
0.293764	0.331673	0.374563	0.540399	506.4
0.293169	0.331622	0.375209	0.541020	506.5
0.292575	0.331571	0.375854	0.541640	506.6
0.291981	0.331519	0.376500	0.542260	506.7
0.291388	0.331466	0.377146	0.542879	506.8
0.290795	0.331412	0.377792	0.543498	506.9
0.290204	0.331358	0.378438	0.544117	507.0
0.289613	0.331303	0.379084	0.544735	507.1
0.289023	0.331247	0.379730	0.545353	507.2
0.288434	0.331191	0.380375	0.545971	507.3
0.287846	0.331133	0.381021	0.546588	507.4
0.287258	0.331075	0.381667	0.547204	507.5
0.286671	0.331017	0.382312	0.547821	507.6
0.286085	0.330957	0.382958	0.548436	507.7
0.285500	0.330897	0.383603	0.549052	507.8
0.284915	0.330836	0.384249	0.549667	507.9
0.284331	0.330774	0.384894	0.550281	508.0
0.283748	0.330712	0.385540	0.550896	508.1
0.283166	0.330649	0.386185	0.551509	508.2
0.282585	0.330585	0.386830	0.552123	508.3
0.282004	0.330520	0.387476	0.552736	508.4
0.281424	0.330455	0.388121	0.553348	508.5
0.280845	0.330389	0.388766	0.553960	508.6
0.280267	0.330323	0.389411	0.554572	508.7
0.279689	0.330255	0.390056	0.555183	508.8
0.279112	0.330187	0.390701	0.555794	508.9
0.278536	0.330118	0.391345	0.556405	509.0
0.277961	0.330049	0.391990	0.557015	509.1
0.277387	0.329979	0.392635	0.557624	509.2
0.276813	0.329908	0.393279	0.558233	509.3
0.276240	0.329836	0.393924	0.558842	509.4
0.275668	0.329764	0.394568	0.559450	509.5
0.275097	0.329691	0.395212	0.560058	509.6
0.274526	0.329617	0.395857	0.560665	509.7
0.273957	0.329543	0.396501	0.561272	509.8
0.273388	0.329468	0.397145	0.561879	509.9
0.272820	0.329392	0.397789	0.562485	510.0
0.272252	0.329315	0.398432	0.563090	510.1
0.271686	0.329238	0.399076	0.563695	510.2
0.271120	0.329160	0.399720	0.564300	510.3
0.270555	0.329082	0.400363	0.564904	510.4
0.269991	0.329002	0.401007	0.565508	510.5
0.269428	0.328923	0.401650	0.566111	510.6
0.268865	0.328842	0.402293	0.566714	510.7
0.268303	0.328761	0.402936	0.567316	510.8
0.267742	0.328679	0.403579	0.567918	510.9
0.267182	0.328596	0.404222	0.568520	511.0
0.266623	0.328513	0.404864	0.569121	511.1
0.266064	0.328429	0.405507	0.569721	511.2
0.265506	0.328344	0.406149	0.570321	511.3
0.264950	0.328259	0.406792	0.570921	511.4
0.264393	0.328173	0.407434	0.571520	511.5
0.263838	0.328086	0.408076	0.572119	511.6
0.263283	0.327999	0.408718	0.572717	511.7
0.262730	0.327911	0.409359	0.573315	511.8
0.262177	0.327822	0.410001	0.573912	511.9
0.261625	0.327733	0.410642	0.574509	512.0
0.261073	0.327643	0.411284	0.575105	512.1
0.260523	0.327552	0.411925	0.575701	512.2
0.259973	0.327461	0.412566	0.576296	512.3
0.259424	0.327369	0.413207	0.576891	512.4
0.258876	0.327277	0.413847	0.577486	512.5
0.258329	0.327183	0.414488	0.578079	512.6
0.257782	0.327090	0.415128	0.578673	512.7
0.257237	0.326995	0.415768	0.579266	512.8
0.256692	0.326900	0.416408	0.579858	512.9
0.256148	0.326804	0.417048	0.580450	513.0
0.255605	0.326708	0.417688	0.581042	513.1
0.255062	0.326611	0.418327	0.581633	513.2
0.254521	0.326513	0.418967	0.582223	513.3
0.253980	0.326414	0.419606	0.582813	513.4
0.253440	0.326315	0.420245	0.583402	513.5
0.252901	0.326216	0.420883	0.583991	513.6
0.252362	0.326116	0.421522	0.584580	513.7
0.251825	0.326015	0.422161	0.585168	513.8
0.251288	0.325913	0.422799	0.585755	513.9
0.250752	0.325811	0.423437	0.586342	514.0
0.250217	0.325708	0.424075	0.586929	514.1
0.249683	0.325605	0.424712	0.587515	514.2
0.249149	0.325501	0.425350	0.588100	514.3
0.248617	0.325396	0.425987	0.588685	514.4
0.248085	0.325291	0.426624	0.589270	514.5
0.247554	0.325185	0.427261	0.589854	514.6
0.247024	0.325079	0.427898	0.590437	514.7
0.246494	0.324972	0.428534	0.591020	514.8
0.245966	0.324864	0.429170	0.591602	514.9
0.245438	0.324756	0.429806	0.592184	515.0
0.244911	0.324647	0.430442	0.592766	515.1
0.244385	0.324537	0.431078	0.593346	515.2
0.243860	0.324427	0.431713	0.593927	515.3
0.243335	0.324316	0.432348	0.594506	515.4
0.242812	0.324205	0.432983	0.595086	515.5
0.242289	0.324093	0.433618	0.595665	515.6
0.241767	0.323981	0.434252	0.596243	515.7
0.241246	0.323867	0.434887	0.596820	515.8
0.240725	0.323754	0.435521	0.597398	515.9
0.240206	0.323639	0.436155	0.597974	516.0
0.239687	0.323525	0.436788	0.598550	516.1
0.239169	0.323409	0.437422	0.599126	516.2
0.238652	0.323293	0.438055	0.599701	516.3
0.238136	0.323176	0.438687	0.600276	516.4
0.237621	0.323059	0.439320	0.600850	516.5
0.237106	0.322941	0.439952	0.601423	516.6
0.236592	0.322823	0.440585	0.601996	516.7
0.236079	0.322704	0.441216	0.602569	516.8
0.235567	0.322585	0.441848	0.603140	516.9
0.235056	0.322464	0.442480	0.603712	517.0
0.234546	0.322344	0.443111	0.604283	517.1
0.234036	0.322222	0.443742	0.604853	517.2
0.233527	0.322101	0.444372	0.605422	517.3
0.233019	0.321978	0.445002	0.605992	517.4
0.232512	0.321855	0.445633	0.606560	517.5
0.232006	0.321732	0.446262	0.607128	517.6
0.231500	0.321608	0.446892	0.607696	517.7
0.230996	0.321483	0.447521	0.608263	517.8
0.230492	0.321358	0.448150	0.608829	517.9
0.229989	0.321232	0.448779	0.609395	518.0
0.229486	0.321106	0.449408	0.609961	518.1
0.228985	0.320979	0.450036	0.610525	518.2
0.228485	0.320852	0.450664	0.611090	518.3
0.227985	0.320724	0.451291	0.611653	518.4
0.227486	0.320595	0.451919	0.612216	518.5
0.226988	0.320466	0.452546	0.612779	518.6
0.226491	0.320337	0.453173	0.613341	518.7
0.225994	0.320207	0.453799	0.613903	518.8
0.225499	0.320076	0.454425	0.614463	518.9
0.225004	0.319945	0.455051	0.615024	519.0
0.224510	0.319813	0.455677	0.615584	519.1
0.224017	0.319681	0.456302	0.616143	519.2
0.223525	0.319548	0.456928	0.616702	519.3
0.223033	0.319415	0.457552	0.617260	519.4
0.222542	0.319281	0.458177	0.617817	519.5
0.222053	0.319146	0.458801	0.618374	519.6
0.221564	0.319011	0.459425	0.618931	519.7
0.221076	0.318876	0.460048	0.619486	519.8
0.220588	0.318740	0.460672	0.620042	519.9
0.220102	0.318604	0.461295	0.620597	520.0
0.219616	0.318467	0.461917	0.621151	520.1
0.219131	0.318329	0.462540	0.621704	520.2
0.218647	0.318191	0.463162	0.622257	520.3
0.218164	0.318053	0.463783	0.622810	520.4
0.217682	0.317914	0.464405	0.623362	520.5
0.217200	0.317774	0.465026	0.623913	520.6
0.216719	0.317634	0.465647	0.624464	520.7
0.216239	0.317493	0.466267	0.625014	520.8
0.215760	0.317352	0.466887	0.625563	520.9
0.215282	0.317211	0.467507	0.626112	521.0
0.214805	0.317069	0.468127	0.626661	521.1
0.214328	0.316926	0.468746	0.627209	521.2
0.213852	0.316783	0.469365	0.627756	521.3
0.213377	0.316640	0.469983	0.628303	521.4
0.212903	0.316496	0.470601	0.628849	521.5
0.212430	0.316351	0.471219	0.629394	521.6
0.211958	0.316206	0.471836	0.629939	521.7
0.211486	0.316061	0.472454	0.630484	521.8
0.211015	0.315915	0.473070	0.631028	521.9
0.210545	0.315768	0.473687	0.631571	522.0
0.210076	0.315621	0.474303	0.632114	522.1
0.209608	0.315474	0.474919	0.632656	522.2
0.209140	0.315326	0.475534	0.633197	522.3
0.208673	0.315177	0.476149	0.633738	522.4
0.208207	0.315029	0.476764	0.634278	522.5
0.207742	0.314879	0.477378	0.634818	522.6
0.207278	0.314729	0.477992	0.635357	522.7
0.206815	0.314579	0.478606	0.635896	522.8
0.206352	0.314428	0.479219	0.636434	522.9
0.205890	0.314277	0.479832	0.636971	523.0
0.205429	0.314126	0.480445	0.637508	523.1
0.204969	0.313973	0.481057	0.638044	523.2
0.204510	0.313821	0.481669	0.638580	523.3
0.204052	0.313668	0.482281	0.639115	523.4
0.203594	0.313514	0.482892	0.639649	523.5
0.203137	0.313360	0.483503	0.640183	523.6
0.202681	0.313206	0.484113	0.640716	523.7
0.202226	0.313051	0.484723	0.641249	523.8
0.201771	0.312896	0.485333	0.641781	523.9
0.201318	0.312740	0.485942	0.642312	524.0
0.200865	0.312584	0.486551	0.642843	524.1
0.200413	0.312427	0.487160	0.643373	524.2
0.199962	0.312270	0.487768	0.643903	524.3
0.199512	0.312113	0.488376	0.644432	524.4
0.199062	0.311955	0.488983	0.644960	524.5
0.198614	0.311796	0.489590	0.645488	524.6
0.198166	0.311637	0.490197	0.646016	524.7
0.197719	0.311478	0.490803	0.646542	524.8
0.197272	0.311319	0.491409	0.647068	524.9
0.196827	0.311158	0.492014	0.647594	525.0
0.196382	0.310998	0.492620	0.648119	525.1
0.195939	0.310837	0.493224	0.648643	525.2
0.195496	0.310676	0.493829	0.649166	525.3
0.195054	0.310514	0.494433	0.649690	525.4
0.194612	0.310352	0.495036	0.650212	525.5
0.194172	0.310189	0.495639	0.650734	525.6
0.193732	0.310026	0.496242	0.651255	525.7
0.193293	0.309862	0.496845	0.651776	525.8
0.192855	0.309698	0.497446	0.652296	525.9
0.192418	0.309534	0.498048	0.652815	526.0
0.191981	0.309369	0.498649	0.653334	526.1
0.191546	0.309204	0.499250	0.653852	526.2
0.191111	0.309039	0.499850	0.654370	526.3
0.190677	0.308873	0.500450	0.654887	526.4
0.190244	0.308707	0.501050	0.655403	526.5
0.189811	0.308540	0.501649	0.655919	526.6
0.189380	0.308373	0.502248	0.656434	526.7
0.188949	0.308205	0.502846	0.656949	526.8
0.188519	0.308037	0.503444	0.657463	526.9
0.188090	0.307869	0.504041	0.657976	527.0
0.187661	0.307700	0.504639	0.658489	527.1
0.187234	0.307531	0.505235	0.659001	527.2
0.186807	0.307362	0.505831	0.659512	527.3
0.186381	0.307192	0.506427	0.660023	527.4
0.185956	0.307022	0.507023	0.660534	527.5
0.185531	0.306851	0.507618	0.661043	527.6
0.185108	0.306680	0.508212	0.661552	527.7
0.184685	0.306509	0.508806	0.662061	527.8
0.184263	0.306337	0.509400	0.662569	527.9
0.183842	0.306165	0.509993	0.663076	528.0
0.183422	0.305992	0.510586	0.663582	528.1
0.183002	0.305819	0.511179	0.664088	528.2
0.182583	0.305646	0.511771	0.664594	528.3
0.182165	0.305472	0.512362	0.665099	528.4
0.181748	0.305298	0.512953	0.665603	528.5
0.181332	0.305124	0.513544	0.666106	528.6
0.180916	0.304949	0.514134	0.666609	528.7
0.180501	0.304774	0.514724	0.667111	528.8
0.180087	0.304599	0.515314	0.667613	528.9
0.179674	0.304423	0.515903	0.668114	529.0
0.179262	0.304247	0.516491	0.668615	529.1
0.178850	0.304070	0.517079	0.669114	529.2
0.178440	0.303894	0.517667	0.669614	529.3
0.178030	0.303716	0.518254	0.670112	529.4
0.177620	0.303539	0.518841	0.670610	529.5
0.177212	0.303361	0.519427	0.671108	529.6
0.176804	0.303183	0.520013	0.671604	529.7
0.176398	0.303004	0.520598	0.672100	529.8
0.175991	0.302825	0.521183	0.672596	529.9
0.175586	0.302646	0.521768	0.673091	530.0
0.175182	0.302466	0.522352	0.673585	530.1
0.174778	0.302286	0.522936	0.674079	530.2
0.174375	0.302106	0.523519	0.674572	530.3
0.173973	0.301925	0.524102	0.675064	530.4
0.173572	0.301744	0.524684	0.675556	530.5
0.173171	0.301563	0.525266	0.676047	530.6
0.172772	0.301381	0.525847	0.676538	530.7
0.172373	0.301200	0.526428	0.677028	530.8
0.171974	0.301017	0.527008	0.677517	530.9
0.171577	0.300835	0.527588	0.678006	531.0
0.171180	0.300652	0.528168	0.678494	531.1
0.170785	0.300469	0.528747	0.678981	531.2
0.170390	0.300285	0.529325	0.679468	531.3
0.169995	0.300101	0.529904	0.679954	531.4
0.169602	0.299917	0.530481	0.680440	531.5
0.169209	0.299733	0.531058	0.680925	531.6
0.168817	0.299548	0.531635	0.681409	531.7
0.168426	0.299363	0.532211	0.681893	531.8
0.168036	0.299177	0.532787	0.682376	531.9
0.167646	0.298991	0.533363	0.682858	532.0
0.167257	0.298805	0.533937	0.683340	532.1
0.166869	0.298619	0.534512	0.683821	532.2
0.166482	0.298432	0.535086	0.684302	532.3
0.166095	0.298246	0.535659	0.684782	532.4
0.165710	0.298058	0.536232	0.685261	532.5
0.165325	0.297871	0.536805	0.685740	532.6
0.164940	0.297683	0.537377	0.686218	532.7
0.164557	0.297495	0.537948	0.686696	532.8
0.164174	0.297306	0.538519	0.687172	532.9
0.163793	0.297118	0.539090	0.687649	533.0
0.163411	0.296929	0.539660	0.688124	533.1
0.163031	0.296739	0.540229	0.688599	533.2
0.162651	0.296550	0.540799	0.689074	533.3
0.162273	0.296360	0.541367	0.689547	533.4
0.161895	0.296170	0.541935	0.690020	533.5
0.161517	0.295980	0.542503	0.690493	533.6
0.161141	0.295789	0.543070	0.690965	533.7
0.160765	0.295598	0.543637	0.691436	533.8
0.160390	0.295407	0.544203	0.691907	533.9
0.160016	0.295215	0.544769	0.692377	534.0
0.159642	0.295023	0.545334	0.692846	534.1
0.159270	0.294831	0.545899	0.693315	534.2
0.158898	0.294639	0.546463	0.693783	534.3
0.158526	0.294446	0.547027	0.694250	534.4
0.158156	0.294254	0.547590	0.694717	534.5
0.157786	0.294061	0.548153	0.695183	534.6
0.157417	0.293867	0.548716	0.695649	534.7
0.157049	0.293674	0.549277	0.696114	534.8
0.156682	0.293480	0.549839	0.696578	534.9
0.156315	0.293285	0.550399	0.697042	535.0
0.155949	0.293091	0.550960	0.697505	535.1
0.155584	0.292896	0.551520	0.697968	535.2
0.155220	0.292702	0.552079	0.698430	535.3
0.154856	0.292506	0.552638	0.698891	535.4
0.154493	0.292311	0.553196	0.699352	535.5
0.154131	0.292115	0.553754	0.699812	535.6
0.153769	0.291919	0.554311	0.700271	535.7
0.153409	0.291723	0.554868	0.700730	535.8
0.153049	0.291527	0.555424	0.701188	535.9
0.152689	0.291330	0.555980	0.701645	536.0
0.152331	0.291133	0.556536	0.702102	536.1
0.151973	0.290936	0.557090	0.702559	536.2
0.151616	0.290739	0.557645	0.703014	536.3
0.151260	0.290541	0.558199	0.703469	536.4
0.150905	0.290343	0.558752	0.703924	536.5
0.150550	0.290145	0.559305	0.704377	536.6
0.150196	0.289947	0.559857	0.704831	536.7
0.149843	0.289749	0.560409	0.705283	536.8
0.149490	0.289550	0.560960	0.705735	536.9
0.149138	0.289351	0.561511	0.706186	537.0
0.148787	0.289152	0.562061	0.706637	537.1
0.148437	0.288952	0.562611	0.707087	537.2
0.148087	0.288753	0.563160	0.707536	537.3
0.147738	0.288553	0.563709	0.707985	537.4
0.147390	0.288353	0.564257	0.708433	537.5
0.147043	0.288153	0.564805	0.708881	537.6
0.146696	0.287952	0.565352	0.709328	537.7
0.146350	0.287751	0.565898	0.709774	537.8
0.146005	0.287550	0.566445	0.710220	537.9
0.145660	0.287349	0.566990	0.710665	538.0
0.145317	0.287148	0.567535	0.711109	538.1
0.144974	0.286946	0.568080	0.711553	538.2
0.144631	0.286745	0.568624	0.711996	538.3
0.144290	0.286543	0.569168	0.712439	538.4
0.143949	0.286340	0.569711	0.712881	538.5
0.143609	0.286138	0.570253	0.713322	538.6
0.143269	0.285936	0.570795	0.713763	538.7
0.142931	0.285733	0.571337	0.714203	538.8
0.142593	0.285530	0.571878	0.714643	538.9
0.142255	0.285327	0.572418	0.715081	539.0
0.141919	0.285123	0.572958	0.715520	539.1
0.141583	0.284920	0.573497	0.715957	539.2
0.141248	0.284716	0.574036	0.716394	539.3
0.140913	0.284512	0.574575	0.716831	539.4
0.140580	0.284308	0.575112	0.717266	539.5
0.140247	0.284104	0.575650	0.717702	539.6
0.139914	0.283899	0.576187	0.718136	539.7
0.139583	0.283695	0.576723	0.718570	539.8
0.139252	0.283490	0.577259	0.719003	539.9
0.138922	0.283285	0.577794	0.719436	540.0
0.138592	0.283079	0.578328	0.719868	540.1
0.138263	0.282874	0.578863	0.720300	540.2
0.137935	0.282668	0.579396	0.720730	540.3
0.137608	0.282463	0.579929	0.721161	540.4
0.137281	0.282257	0.580462	0.721590	540.5
0.136956	0.282051	0.580994	0.722019	540.6
0.136630	0.281844	0.581525	0.722448	540.7
0.136306	0.281638	0.582056	0.722875	540.8
0.135982	0.281431	0.582587	0.723302	540.9
0.135659	0.281225	0.583117	0.723729	541.0
0.135336	0.281018	0.583646	0.724155	541.1
0.135015	0.280811	0.584175	0.724580	541.2
0.134694	0.280603	0.584703	0.725005	541.3
0.134373	0.280396	0.585231	0.725429	541.4
0.134054	0.280188	0.585758	0.725852	541.5
0.133735	0.279981	0.586285	0.726275	541.6
0.133416	0.279773	0.586811	0.726697	541.7
0.133099	0.279565	0.587337	0.727119	541.8
0.132782	0.279356	0.587862	0.727540	541.9
0.132466	0.279148	0.588386	0.727960	542.0
0.132150	0.278940	0.588910	0.728380	542.1
0.131835	0.278731	0.589434	0.728799	542.2
0.131521	0.278522	0.589957	0.729218	542.3
0.131208	0.278313	0.590479	0.729636	542.4
0.130895	0.278104	0.591001	0.730053	542.5
0.130583	0.277895	0.591522	0.730470	542.6
0.130271	0.277685	0.592043	0.730886	542.7
0.129961	0.277476	0.592564	0.731301	542.8
0.129651	0.277266	0.593083	0.731716	542.9
0.129341	0.277056	0.593602	0.732131	543.0
0.129032	0.276846	0.594121	0.732544	543.1
0.128724	0.276636	0.594639	0.732957	543.2
0.128417	0.276426	0.595157	0.733370	543.3
0.128110	0.276216	0.595674	0.733782	543.4
0.127804	0.276005	0.596190	0.734193	543.5
0.127499	0.275795	0.596706	0.734604	543.6
0.127194	0.275584	0.597222	0.735014	543.7
0.126890	0.275373	0.597737	0.735423	543.8
0.126587	0.275162	0.598251	0.735832	543.9
0.126285	0.274951	0.598765	0.736240	544.0
0.125983	0.274740	0.599278	0.736648	544.1
0.125681	0.274528	0.599791	0.737055	544.2
0.125381	0.274317	0.600303	0.737461	544.3
0.125081	0.274105	0.600814	0.737867	544.4
0.124781	0.273893	0.601325	0.738272	544.5
0.124483	0.273681	0.601836	0.738677	544.6
0.124185	0.273469	0.602346	0.739081	544.7
0.123887	0.273257	0.602855	0.739484	544.8
0.123591	0.273045	0.603364	0.739887	544.9
0.123295	0.272833	0.603873	0.740289	545.0
0.122999	0.272620	0.604380	0.740691	545.1
0.122704	0.272408	0.604888	0.741092	545.2
0.122410	0.272195	0.605394	0.741492	545.3
0.122117	0.271982	0.605900	0.741892	545.4
0.121824	0.271770	0.606406	0.742291	545.5
0.121532	0.271557	0.606911	0.742689	545.6
0.121241	0.271344	0.607416	0.743087	545.7
0.120950	0.271130	0.607920	0.743485	545.8
0.120660	0.270917	0.608423	0.743882	545.9
0.120370	0.270704	0.608926	0.744278	546.0
0.120081	0.270490	0.609428	0.744673	546.1
0.119793	0.270277	0.609930	0.745068	546.2
0.119506	0.270063	0.610431	0.745463	546.3
0.119219	0.269849	0.610932	0.745857	546.4
0.118933	0.269635	0.611432	0.746250	546.5
0.118647	0.269421	0.611932	0.746642	546.6
0.118362	0.269207	0.612431	0.747034	546.7
0.118078	0.268993	0.612929	0.747426	546.8
0.117794	0.268779	0.613427	0.747817	546.9
0.117511	0.268565	0.613925	0.748207	547.0
0.117228	0.268350	0.614422	0.748597	547.1
0.116947	0.268136	0.614918	0.748986	547.2
0.116665	0.267921	0.615414	0.749374	547.3
0.116385	0.267706	0.615909	0.749762	547.4
0.116105	0.267492	0.616403	0.750149	547.5
0.115826	0.267277	0.616898	0.750536	547.6
0.115547	0.267062	0.617391	0.750922	547.7
0.115269	0.266847	0.617884	0.751308	547.8
0.114992	0.266632	0.618377	0.751692	547.9
0.114715	0.266417	0.618868	0.752077	548.0
0.114439	0.266201	0.619360	0.752461	548.1
0.114163	0.265986	0.619851	0.752844	548.2
0.113888	0.265771	0.620341	0.753226	548.3
0.113614	0.265555	0.620831	0.753608	548.4
0.113340	0.265340	0.621320	0.753990	548.5
0.113067	0.265124	0.621808	0.754370	548.6
0.112795	0.264909	0.622296	0.754751	548.7
0.112523	0.264693	0.622784	0.755130	548.8
0.112252	0.264477	0.623271	0.755509	548.9
0.111982	0.264261	0.623757	0.755888	549.0
0.111712	0.264045	0.624243	0.756266	549.1
0.111442	0.263829	0.624728	0.756643	549.2
0.111174	0.263613	0.625213	0.757020	549.3
0.110906	0.263397	0.625697	0.757396	549.4
0.110638	0.263181	0.626181	0.757771	549.5
0.110371	0.262965	0.626664	0.758146	549.6
0.110105	0.262749	0.627147	0.758521	549.7
0.109839	0.262532	0.627629	0.758895	549.8
0.109574	0.262316	0.628110	0.759268	549.9
0.109310	0.262099	0.628591	0.759641	550.0
0.109046	0.261883	0.629071	0.760013	550.1
0.108783	0.261666	0.629551	0.760384	550.2
0.108520	0.261450	0.630030	0.760755	550.3
0.108258	0.261233	0.630509	0.761125	550.4
0.107997	0.261016	0.630987	0.761495	550.5
0.107736	0.260800	0.631465	0.761864	550.6
0.107476	0.260583	0.631942	0.762233	550.7
0.107216	0.260366	0.632418	0.762601	550.8
0.106957	0.260149	0.632894	0.762968	550.9
0.106698	0.259932	0.633369	0.763335	551.0
0.106441	0.259715	0.633844	0.763702	551.1
0.106183	0.259498	0.634318	0.764067	551.2
0.105927	0.259281	0.634792	0.764433	551.3
0.105671	0.259064	0.635265	0.764797	551.4
0.105415	0.258847	0.635738	0.765161	551.5
0.105160	0.258630	0.636210	0.765525	551.6
0.104906	0.258413	0.636681	0.765888	551.7
0.104652	0.258195	0.637152	0.766250	551.8
0.104399	0.257978	0.637623	0.766612	551.9
0.104147	0.257761	0.638092	0.766973	552.0
0.103895	0.257544	0.638562	0.767334	552.1
0.103643	0.257326	0.639031	0.767694	552.2
0.103392	0.257109	0.639499	0.768053	552.3
0.103142	0.256891	0.639966	0.768412	552.4
0.102893	0.256674	0.640433	0.768770	552.5
0.102644	0.256456	0.640900	0.769128	552.6
0.102395	0.256239	0.641366	0.769485	552.7
0.102147	0.256021	0.641831	0.769842	552.8
0.101900	0.255804	0.642296	0.770198	552.9
0.101653	0.255586	0.642761	0.770554	553.0
0.101407	0.255369	0.643224	0.770909	553.1
0.101161	0.255151	0.643688	0.771263	553.2
0.100916	0.254934	0.644150	0.771617	553.3
0.100672	0.254716	0.644612	0.771970	553.4
0.100428	0.254498	0.645074	0.772323	553.5
0.100185	0.254281	0.645535	0.772675	553.6
0.099942	0.254063	0.645995	0.773027	553.7
0.099700	0.253845	0.646455	0.773378	553.8
0.099458	0.253627	0.646915	0.773728	553.9
0.099217	0.253410	0.647373	0.774078	554.0
0.098976	0.253192	0.647832	0.774428	554.1
0.098736	0.252974	0.648289	0.774776	554.2
0.098497	0.252756	0.648747	0.775125	554.3
0.098258	0.252539	0.649203	0.775472	554.4
0.098020	0.252321	0.649659	0.775820	554.5
0.097782	0.252103	0.650115	0.776166	554.6
0.097545	0.251885	0.650570	0.776512	554.7
0.097308	0.251667	0.651024	0.776858	554.8
0.097072	0.251450	0.651478	0.777203	554.9
0.096837	0.251232	0.651931	0.777547	555.0
0.096602	0.251014	0.652384	0.777891	555.1
0.096368	0.250796	0.652836	0.778234	555.2
0.096134	0.250578	0.653288	0.778577	555.3
0.095900	0.250360	0.653739	0.778919	555.4
0.095668	0.250143	0.654190	0.779261	555.5
0.095436	0.249925	0.654640	0.779602	555.6
0.095204	0.249707	0.655089	0.779943	555.7
0.094973	0.249489	0.655538	0.780283	555.8
0.094742	0.249271	0.655986	0.780622	555.9
0.094512	0.249053	0.656434	0.780961	556.0
0.094283	0.248836	0.656882	0.781299	556.1
0.094054	0.248618	0.657328	0.781637	556.2
0.093825	0.248400	0.657774	0.781975	556.3
0.093598	0.248182	0.658220	0.782311	556.4
0.093370	0.247965	0.658665	0.782648	556.5
0.093143	0.247747	0.659110	0.782983	556.6
0.092917	0.247529	0.659554	0.783318	556.7
0.092691	0.247311	0.659997	0.783653	556.8
0.092466	0.247094	0.660440	0.783987	556.9
0.092242	0.246876	0.660882	0.784320	557.0
0.092018	0.246658	0.661324	0.784653	557.1
0.091794	0.246441	0.661766	0.784986	557.2
0.091571	0.246223	0.662206	0.785318	557.3
0.091348	0.246005	0.662646	0.785649	557.4
0.091126	0.245788	0.663086	0.785980	557.5
0.090905	0.245570	0.663525	0.786310	557.6
0.090684	0.245352	0.663964	0.786640	557.7
0.090463	0.245135	0.664402	0.786969	557.8
0.090244	0.244917	0.664839	0.787298	557.9
0.090024	0.244700	0.665276	0.787626	558.0
0.089805	0.244482	0.665712	0.787954	558.1
0.089587	0.244265	0.666148	0.788281	558.2
0.089369	0.244047	0.666583	0.788607	558.3
0.089152	0.243830	0.667018	0.788933	558.4
0.088935	0.243613	0.667452	0.789259	558.5
0.088719	0.243395	0.667886	0.789584	558.6
0.088503	0.243178	0.668319	0.789908	558.7
0.088288	0.242961	0.668752	0.790232	558.8
0.088073	0.242743	0.669184	0.790555	558.9
0.087859	0.242526	0.669615	0.790878	559.0
0.087645	0.242309	0.670046	0.791201	559.1
0.087432	0.242092	0.670477	0.791522	559.2
0.087219	0.241875	0.670906	0.791844	559.3
0.087007	0.241657	0.671336	0.792164	559.4
0.086795	0.241440	0.671764	0.792485	559.5
0.086584	0.241223	0.672193	0.792804	559.6
0.086373	0.241006	0.672620	0.793124	559.7
0.086163	0.240789	0.673048	0.793442	559.8
0.085954	0.240572	0.673474	0.793760	559.9
0.085744	0.240355	0.673900	0.794078	560.0
0.085536	0.240139	0.674326	0.794395	560.1
0.085328	0.239922	0.674751	0.794712	560.2
0.085120	0.239705	0.675175	0.795028	560.3
0.084913	0.239488	0.675599	0.795343	560.4
0.084706	0.239272	0.676022	0.795658	560.5
0.084500	0.239055	0.676445	0.795973	560.6
0.084294	0.238838	0.676868	0.796287	560.7
0.084089	0.238622	0.677289	0.796600	560.8
0.083884	0.238405	0.677711	0.796913	560.9
0.083680	0.238189	0.678131	0.797226	561.0
0.083476	0.237972	0.678551	0.797538	561.1
0.083273	0.237756	0.678971	0.797849	561.2
0.083070	0.237540	0.679390	0.798160	561.3
0.082868	0.237323	0.679809	0.798470	561.4
0.082666	0.237107	0.680227	0.798780	561.5
0.082465	0.236891	0.680644	0.799090	561.6
0.082264	0.236675	0.681061	0.799398	561.7
0.082064	0.236459	0.681477	0.799707	561.8
0.081864	0.236243	0.681893	0.800015	561.9
0.081665	0.236027	0.682309	0.800322	562.0
0.081466	0.235811	0.682724	0.800629	562.1
0.081267	0.235595	0.683138	0.800935	562.2
0.081069	0.235379	0.683552	0.801241	562.3
0.080872	0.235163	0.683965	0.801546	562.4
0.080675	0.234948	0.684377	0.801851	562.5
0.080479	0.234732	0.684790	0.802155	562.6
0.080283	0.234516	0.685201	0.802459	562.7
0.080087	0.234301	0.685612	0.802763	562.8
0.079892	0.234085	0.686023	0.803065	562.9
0.079697	0.233870	0.686433	0.803368	563.0
0.079503	0.233655	0.686842	0.803670	563.1
0.079309	0.233439	0.687251	0.803971	563.2
0.079116	0.233224	0.687660	0.804272	563.3
0.078924	0.233009	0.688068	0.804572	563.4
0.078731	0.232794	0.688475	0.804872	563.5
0.078540	0.232579	0.688882	0.805171	563.6
0.078348	0.232364	0.689288	0.805470	563.7
0.078157	0.232149	0.689694	0.805768	563.8
0.077967	0.231934	0.690099	0.806066	563.9
0.077777	0.231719	0.690504	0.806363	564.0
0.077587	0.231505	0.690908	0.806660	564.1
0.077398	0.231290	0.691312	0.806957	564.2
0.077210	0.231075	0.691715	0.807252	564.3
0.077022	0.230861	0.692117	0.807548	564.4
0.076834	0.230646	0.692520	0.807843	564.5
0.076647	0.230432	0.692921	0.808137	564.6
0.076460	0.230218	0.693322	0.808431	564.7
0.076274	0.230004	0.693723	0.808724	564.8
0.076088	0.229789	0.694123	0.809017	564.9
0.075903	0.229575	0.694522	0.809310	565.0
0.075718	0.229361	0.694921	0.809602	565.1
0.075533	0.229147	0.695319	0.809893	565.2
0.075349	0.228933	0.695717	0.810184	565.3
0.075166	0.228720	0.696115	0.810475	565.4
0.074982	0.228506	0.696512	0.810765	565.5
0.074800	0.228292	0.696908	0.811054	565.6
0.074617	0.228079	0.697304	0.811343	565.7
0.074436	0.227865	0.697699	0.811632	565.8
0.074254	0.227652	0.698094	0.811920	565.9
0.074073	0.227439	0.698488	0.812207	566.0
0.073893	0.227225	0.698882	0.812495	566.1
0.073713	0.227012	0.699275	0.812781	566.2
0.073533	0.226799	0.699668	0.813067	566.3
0.073354	0.226586	0.700060	0.813353	566.4
0.073175	0.226373	0.700452	0.813638	566.5
0.072997	0.226160	0.700843	0.813923	566.6
0.072819	0.225948	0.701233	0.814207	566.7
0.072642	0.225735	0.701623	0.814491	566.8
0.072465	0.225522	0.702013	0.814774	566.9
0.072288	0.225310	0.702402	0.815057	567.0
0.072112	0.225097	0.702791	0.815339	567.1
0.071936	0.224885	0.703179	0.815621	567.2
0.071761	0.224673	0.703566	0.815903	567.3
0.071586	0.224461	0.703953	0.816184	567.4
0.071412	0.224249	0.704340	0.816464	567.5
0.071238	0.224037	0.704726	0.816744	567.6
0.071064	0.223825	0.705111	0.817023	567.7
0.070891	0.223613	0.705496	0.817303	567.8
0.070718	0.223401	0.705881	0.817581	567.9
0.070546	0.223190	0.706264	0.817859	568.0
0.070374	0.222978	0.706648	0.818137	568.1
0.070203	0.222767	0.707031	0.818414	568.2
0.070032	0.222555	0.707413	0.818691	568.3
0.069861	0.222344	0.707795	0.818967	568.4
0.069691	0.222133	0.708176	0.819243	568.5
0.069521	0.221922	0.708557	0.819518	568.6
0.069352	0.221711	0.708938	0.819793	568.7
0.069183	0.221500	0.709317	0.820067	568.8
0.069014	0.221289	0.709697	0.820341	568.9
0.068846	0.221078	0.710076	0.820615	569.0
0.068678	0.220868	0.710454	0.820888	569.1
0.068511	0.220657	0.710832	0.821160	569.2
0.068344	0.220447	0.711209	0.821432	569.3
0.068178	0.220236	0.711586	0.821704	569.4
0.068012	0.220026	0.711962	0.821975	569.5
0.067846	0.219816	0.712338	0.822246	569.6
0.067681	0.219606	0.712713	0.822516	569.7
0.067516	0.219396	0.713088	0.822786	569.8
0.067351	0.219186	0.713462	0.823055	569.9
0.067187	0.218977	0.713836	0.823324	570.0
0.067024	0.218767	0.714209	0.823593	570.1
0.066861	0.218557	0.714582	0.823861	570.2
0.066698	0.218348	0.714954	0.824128	570.3
0.066535	0.218139	0.715326	0.824395	570.4
0.066373	0.217929	0.715697	0.824662	570.5
0.066212	0.217720	0.716068	0.824928	570.6
0.066050	0.217511	0.716438	0.825194	570.7
0.065890	0.217302	0.716808	0.825459	570.8
0.065729	0.217093	0.717177	0.825724	570.9
0.065569	0.216885	0.717546	0.825988	571.0
0.065410	0.216676	0.717914	0.826252	571.1
0.065250	0.216468	0.718282	0.826516	571.2
0.065091	0.216259	0.718649	0.826779	571.3
0.064933	0.216051	0.719016	0.827042	571.4
0.064775	0.215843	0.719382	0.827304	571.5
0.064617	0.215635	0.719748	0.827565	571.6
0.064460	0.215427	0.720113	0.827827	571.7
0.064303	0.215219	0.720478	0.828088	571.8
0.064146	0.215011	0.720842	0.828348	571.9
0.063990	0.214803	0.721206	0.828608	572.0
0.063835	0.214596	0.721569	0.828867	572.1
0.063679	0.214389	0.721932	0.829127	572.2
0.063524	0.214181	0.722295	0.829385	572.3
0.063370	0.213974	0.722656	0.829643	572.4
0.063215	0.213767	0.723018	0.829901	572.5
0.063062	0.213560	0.723378	0.830158	572.6
0.062908	0.213353	0.723739	0.830415	572.7
0.062755	0.213146	0.724099	0.830672	572.8
0.062602	0.212940	0.724458	0.830928	572.9
0.062450	0.212733	0.724817	0.831183	573.0
0.062298	0.212527	0.725175	0.831439	573.1
0.062147	0.212320	0.725533	0.831693	573.2
0.061995	0.212114	0.725890	0.831948	573.3
0.061845	0.211908	0.726247	0.832201	573.4
0.061694	0.211702	0.726604	0.832455	573.5
0.061544	0.211496	0.726960	0.832708	573.6
0.061394	0.211291	0.727315	0.832960	573.7
0.061245	0.211085	0.727670	0.833212	573.8
0.061096	0.210879	0.728024	0.833464	573.9
0.060948	0.210674	0.728378	0.833715	574.0
0.060799	0.210469	0.728732	0.833966	574.1
0.060651	0.210264	0.729085	0.834217	574.2
0.060504	0.210059	0.729437	0.834467	574.3
0.060357	0.209854	0.729789	0.834716	574.4
0.060210	0.209649	0.730141	0.834965	574.5
0.060064	0.209444	0.730492	0.835214	574.6
0.059918	0.209240	0.730843	0.835462	574.7
0.059772	0.209035	0.731193	0.835710	574.8
0.059627	0.208831	0.731542	0.835958	574.9
0.059482	0.208627	0.731892	0.836205	575.0
0.059337	0.208423	0.732240	0.836451	575.1
0.059193	0.208219	0.732588	0.836698	575.2
0.059049	0.208015	0.732936	0.836943	575.3
0.058906	0.207811	0.733283	0.837189	575.4
0.058762	0.207608	0.733630	0.837434	575.5
0.058620	0.207404	0.733976	0.837678	575.6
0.058477	0.207201	0.734322	0.837922	575.7
0.058335	0.206998	0.734667	0.838166	575.8
0.058193	0.206794	0.735012	0.838409	575.9
0.058052	0.206591	0.735356	0.838652	576.0
0.057911	0.206389	0.735700	0.838895	576.1
0.057770	0.206186	0.736044	0.839137	576.2
0.057630	0.205983	0.736387	0.839378	576.3
0.057490	0.205781	0.736729	0.839620	576.4
0.057350	0.205578	0.737071	0.839860	576.5
0.057211	0.205376	0.737413	0.840101	576.6
0.057072	0.205174	0.737754	0.840341	576.7
0.056934	0.204972	0.738094	0.840580	576.8
0.056795	0.204770	0.738434	0.840819	576.9
0.056657	0.204569	0.738774	0.841058	577.0
0.056520	0.204367	0.739113	0.841297	577.1
0.056383	0.204166	0.739452	0.841534	577.2
0.056246	0.203964	0.739790	0.841772	577.3
0.056109	0.203763	0.740128	0.842009	577.4
0.055973	0.203562	0.740465	0.842246	577.5
0.055837	0.203361	0.740802	0.842482	577.6
0.055702	0.203160	0.741138	0.842718	577.7
0.055567	0.202960	0.741474	0.842954	577.8
0.055432	0.202759	0.741809	0.843189	577.9
0.055297	0.202559	0.742144	0.843423	578.0
0.055163	0.202358	0.742479	0.843658	578.1
0.055029	0.202158	0.742813	0.843892	578.2
0.054896	0.201958	0.743146	0.844125	578.3
0.054763	0.201758	0.743479	0.844358	578.4
0.054630	0.201558	0.743812	0.844591	578.5
0.054497	0.201359	0.744144	0.844823	578.6
0.054365	0.201159	0.744476	0.845055	578.7
0.054233	0.200960	0.744807	0.845287	578.8
0.054102	0.200761	0.745138	0.845518	578.9
0.053971	0.200562	0.745468	0.845749	579.0
0.053840	0.200363	0.745798	0.845979	579.1
0.053709	0.200164	0.746127	0.846209	579.2
0.053579	0.199965	0.746456	0.846438	579.3
0.053449	0.199767	0.746784	0.846668	579.4
0.053320	0.199568	0.747112	0.846896	579.5
0.053190	0.199370	0.747440	0.847125	579.6
0.053061	0.199172	0.747767	0.847353	579.7
0.052933	0.198974	0.748094	0.847580	579.8
0.052805	0.198776	0.748420	0.847808	579.9
0.052677	0.198578	0.748745	0.848034	580.0
0.052549	0.198380	0.749071	0.848261	580.1
0.052422	0.198183	0.749395	0.848487	580.2
0.052295	0.197986	0.749720	0.848712	580.3
0.052168	0.197788	0.750044	0.848938	580.4
0.052042	0.197591	0.750367	0.849163	580.5
0.051916	0.197394	0.750690	0.849387	580.6
0.051790	0.197198	0.751012	0.849611	580.7
0.051665	0.197001	0.751335	0.849835	580.8
0.051539	0.196804	0.751656	0.850058	580.9
0.051415	0.196608	0.751977	0.850281	581.0
0.051290	0.196412	0.752298	0.850504	581.1
0.051166	0.196216	0.752618	0.850726	581.2
0.051042	0.196020	0.752938	0.850948	581.3
0.050919	0.195824	0.753257	0.851169	581.4
0.050796	0.195628	0.753576	0.851390	581.5
0.050673	0.195433	0.753895	0.851611	581.6
0.050550	0.195237	0.754213	0.851831	581.7
0.050428	0.195042	0.754530	0.852051	581.8
0.050306	0.194847	0.754847	0.852271	581.9
0.050184	0.194652	0.755164	0.852490	582.0
0.050063	0.194457	0.755480	0.852709	582.1
0.049942	0.194262	0.755796	0.852927	582.2
0.049821	0.194068	0.756111	0.853145	582.3
0.049700	0.193873	0.756426	0.853363	582.4
0.049580	0.193679	0.756741	0.853580	582.5
0.049460	0.193485	0.757055	0.853797	582.6
0.049341	0.193291	0.757368	0.854014	582.7
0.049221	0.193097	0.757681	0.854230	582.8
0.049102	0.192903	0.757994	0.854446	582.9
0.048984	0.192710	0.758306	0.854661	583.0
0.048865	0.192516	0.758618	0.854876	583.1
0.048747	0.192323	0.758930	0.855091	583.2
0.048630	0.192130	0.759240	0.855305	583.3
0.048512	0.191937	0.759551	0.855519	583.4
0.048395	0.191744	0.759861	0.855733	583.5
0.048278	0.191551	0.760171	0.855946	583.6
0.048161	0.191359	0.760480	0.856159	583.7
0.048045	0.191166	0.760788	0.856372	583.8
0.047929	0.190974	0.761097	0.856584	583.9
0.047813	0.190782	0.761405	0.856796	584.0
0.047698	0.190590	0.761712	0.857007	584.1
0.047583	0.190398	0.762019	0.857218	584.2
0.047468	0.190207	0.762325	0.857429	584.3
0.047353	0.190015	0.762632	0.857639	584.4
0.047239	0.189824	0.762937	0.857849	584.5
0.047125	0.189632	0.763242	0.858059	584.6
0.047011	0.189441	0.763547	0.858268	584.7
0.046898	0.189250	0.763852	0.858477	584.8
0.046785	0.189060	0.764156	0.858685	584.9
0.046672	0.188869	0.764459	0.858894	585.0
0.046559	0.188678	0.764762	0.859101	585.1
0.046447	0.188488	0.765065	0.859309	585.2
0.046335	0.188298	0.765367	0.859516	585.3
0.046223	0.188108	0.765669	0.859723	585.4
0.046112	0.187918	0.765970	0.859929	585.5
0.046001	0.187728	0.766271	0.860135	585.6
0.045890	0.187538	0.766572	0.860341	585.7
0.045779	0.187349	0.766872	0.860546	585.8
0.045669	0.187160	0.767171	0.860751	585.9
0.045559	0.186970	0.767471	0.860956	586.0
0.045449	0.186781	0.767770	0.861160	586.1
0.045340	0.186592	0.768068	0.861364	586.2
0.045230	0.186404	0.768366	0.861568	586.3
0.045121	0.186215	0.768663	0.861771	586.4
0.045013	0.186027	0.768960	0.861974	586.5
0.044904	0.185838	0.769257	0.862176	586.6
0.044796	0.185650	0.769553	0.862379	586.7
0.044688	0.185462	0.769849	0.862580	586.8
0.044581	0.185274	0.770145	0.862782	586.9
0.044473	0.185087	0.770440	0.862983	587.0
0.044366	0.184899	0.770734	0.863184	587.1
0.044260	0.184712	0.771028	0.863384	587.2
0.044153	0.184525	0.771322	0.863585	587.3
0.044047	0.184338	0.771616	0.863784	587.4
0.043941	0.184151	0.771908	0.863984	587.5
0.043835	0.183964	0.772201	0.864183	587.6
0.043730	0.183777	0.772493	0.864382	587.7
0.043625	0.183591	0.772785	0.864580	587.8
0.043520	0.183404	0.773076	0.864778	587.9
0.043415	0.183218	0.773367	0.864976	588.0
0.043311	0.183032	0.773657	0.865173	588.1
0.043207	0.182846	0.773947	0.865370	588.2
0.043103	0.182661	0.774237	0.865567	588.3
0.042999	0.182475	0.774526	0.865763	588.4
0.042896	0.182290	0.774815	0.865959	588.5
0.042793	0.182104	0.775103	0.866155	588.6
0.042690	0.181919	0.775391	0.866351	588.7
0.042587	0.181734	0.775678	0.866546	588.8
0.042485	0.181549	0.775966	0.866740	588.9
0.042383	0.181365	0.776252	0.866935	589.0
0.042281	0.181180	0.776539	0.867129	589.1
0.042180	0.180996	0.776824	0.867322	589.2
0.042078	0.180812	0.777110	0.867516	589.3
0.041977	0.180628	0.777395	0.867709	589.4
0.041877	0.180444	0.777680	0.867902	589.5
0.041776	0.180260	0.777964	0.868094	589.6
0.041676	0.180076	0.778248	0.868286	589.7
0.041576	0.179893	0.778531	0.868478	589.8
0.041476	0.179710	0.778814	0.868669	589.9
0.041377	0.179527	0.779097	0.868860	590.0
0.041277	0.179344	0.779379	0.869051	590.1
0.041178	0.179161	0.779661	0.869241	590.2
0.041080	0.178978	0.779942	0.869431	590.3
0.040981	0.178796	0.780223	0.869621	590.4
0.040883	0.178613	0.780504	0.869811	590.5
0.040785	0.178431	0.780784	0.870000	590.6
0.040687	0.178249	0.781064	0.870188	590.7
0.040590	0.178067	0.781343	0.870377	590.8
0.040492	0.177885	0.781622	0.870565	590.9
0.040395	0.177704	0.781901	0.870753	591.0
0.040298	0.177522	0.782179	0.870940	591.1
0.040202	0.177341	0.782457	0.871128	591.2
0.040106	0.177160	0.782734	0.871314	591.3
0.040010	0.176979	0.783011	0.871501	591.4
0.039914	0.176798	0.783288	0.871687	591.5
0.039818	0.176618	0.783564	0.871873	591.6
0.039723	0.176437	0.783840	0.872059	591.7
0.039628	0.176257	0.784115	0.872244	591.8
0.039533	0.176077	0.784391	0.872429	591.9
0.039438	0.175897	0.784665	0.872613	592.0
0.039344	0.175717	0.784939	0.872798	592.1
0.039250	0.175537	0.785213	0.872982	592.2
0.039156	0.175357	0.785487	0.873165	592.3
0.039062	0.175178	0.785760	0.873349	592.4
0.038969	0.174999	0.786032	0.873532	592.5
0.038876	0.174820	0.786305	0.873715	592.6
0.038783	0.174641	0.786577	0.873897	592.7
0.038690	0.174462	0.786848	0.874079	592.8
0.038597	0.174283	0.787119	0.874261	592.9
0.038505	0.174105	0.787390	0.874442	593.0
0.038413	0.173927	0.787660	0.874624	593.1
0.038321	0.173748	0.787930	0.874804	593.2
0.038230	0.173570	0.788200	0.874985	593.3
0.038139	0.173393	0.788469	0.875165	593.4
0.038047	0.173215	0.788738	0.875345	593.5
0.037957	0.173037	0.789006	0.875525	593.6
0.037866	0.172860	0.789274	0.875704	593.7
0.037776	0.172683	0.789542	0.875883	593.8
0.037685	0.172506	0.789809	0.876062	593.9
0.037595	0.172329	0.790076	0.876240	594.0
0.037506	0.172152	0.790342	0.876418	594.1
0.037416	0.171975	0.790608	0.876596	594.2
0.037327	0.171799	0.790874	0.876774	594.3
0.037238	0.171623	0.791139	0.876951	594.4
0.037149	0.171447	0.791404	0.877128	594.5
0.037060	0.171271	0.791669	0.877304	594.6
0.036972	0.171095	0.791933	0.877480	594.7
0.036884	0.170919	0.792197	0.877656	594.8
0.036796	0.170744	0.792460	0.877832	594.9
0.036708	0.170568	0.792723	0.878008	595.0
0.036621	0.170393	0.792986	0.878183	595.1
0.036533	0.170218	0.793248	0.878357	595.2
0.036446	0.170043	0.793510	0.878532	595.3
0.036360	0.169869	0.793772	0.878706	595.4
0.036273	0.169694	0.794033	0.878880	595.5
0.036187	0.169520	0.794294	0.879053	595.6
0.036100	0.169346	0.794554	0.879227	595.7
0.036014	0.169172	0.794814	0.879400	595.8
0.035929	0.168998	0.795074	0.879572	595.9
0.035843	0.168824	0.795333	0.879745	596.0
0.035758	0.168650	0.795592	0.879917	596.1
0.035673	0.168477	0.795850	0.880089	596.2
0.035588	0.168304	0.796108	0.880260	596.3
0.035503	0.168131	0.796366	0.880432	596.4
0.035419	0.167958	0.796624	0.880602	596.5
0.035335	0.167785	0.796881	0.880773	596.6
0.035251	0.167612	0.797137	0.880943	596.7
0.035167	0.167440	0.797394	0.881113	596.8
0.035083	0.167267	0.797650	0.881283	596.9
0.035000	0.167095	0.797905	0.881453	597.0
0.034916	0.166923	0.798160	0.881622	597.1
0.034834	0.166751	0.798415	0.881791	597.2
0.034751	0.166580	0.798670	0.881959	597.3
0.034668	0.166408	0.798924	0.882128	597.4
0.034586	0.166237	0.799177	0.882296	597.5
0.034504	0.166066	0.799431	0.882464	597.6
0.034422	0.165894	0.799684	0.882631	597.7
0.034340	0.165724	0.799936	0.882798	597.8
0.034259	0.165553	0.800189	0.882965	597.9
0.034177	0.165382	0.800441	0.883132	598.0
0.034096	0.165212	0.800692	0.883298	598.1
0.034015	0.165042	0.800943	0.883464	598.2
0.033934	0.164872	0.801194	0.883630	598.3
0.033854	0.164702	0.801444	0.883795	598.4
0.033774	0.164532	0.801695	0.883960	598.5
0.033694	0.164362	0.801944	0.884125	598.6
0.033614	0.164193	0.802194	0.884290	598.7
0.033534	0.164023	0.802443	0.884454	598.8
0.033454	0.163854	0.802691	0.884618	598.9
0.033375	0.163685	0.802940	0.884782	599.0
0.033296	0.163516	0.803187	0.884946	599.1
0.033217	0.163348	0.803435	0.885109	599.2
0.033138	0.163179	0.803682	0.885272	599.3
0.033060	0.163011	0.803929	0.885435	599.4
0.032982	0.162843	0.804176	0.885597	599.5
0.032904	0.162675	0.804422	0.885759	599.6
0.032826	0.162507	0.804668	0.885921	599.7
0.032748	0.162339	0.804913	0.886082	599.8
0.032670	0.162172	0.805158	0.886244	599.9
0.032593	0.162004	0.805403	0.886405	600.0
0.032516	0.161837	0.805647	0.886566	600.1
0.032439	0.161670	0.805891	0.886726	600.2
0.032362	0.161503	0.806135	0.886886	600.3
0.032286	0.161336	0.806378	0.887046	600.4
0.032209	0.161170	0.806621	0.887206	600.5
0.032133	0.161003	0.806864	0.887365	600.6
0.032057	0.160837	0.807106	0.887524	600.7
0.031982	0.160671	0.807348	0.887683	600.8
0.031906	0.160505	0.807589	0.887842	600.9
0.031831	0.160339	0.807831	0.888000	601.0
0.031755	0.160173	0.808071	0.888158	601.1
0.031680	0.160008	0.808312	0.888316	601.2
0.031606	0.159842	0.808552	0.888473	601.3
0.031531	0.159677	0.808792	0.888631	601.4
0.031456	0.159512	0.809031	0.888787	601.5
0.031382	0.159347	0.809270	0.888944	601.6
0.031308	0.159183	0.809509	0.889101	601.7
0.031234	0.159018	0.809748	0.889257	601.8
0.031160	0.158854	0.809986	0.889413	601.9
0.031087	0.158690	0.810223	0.889568	602.0
0.031014	0.158525	0.810461	0.889724	602.1
0.030940	0.158362	0.810698	0.889879	602.2
0.030868	0.158198	0.810935	0.890034	602.3
0.030795	0.158034	0.811171	0.890188	602.4
0.030722	0.157871	0.811407	0.890342	602.5
0.030650	0.157708	0.811643	0.890497	602.6
0.030577	0.157544	0.811878	0.890650	602.7
0.030505	0.157381	0.812113	0.890804	602.8
0.030434	0.157219	0.812348	0.890957	602.9
0.030362	0.157056	0.812582	0.891110	603.0
0.030290	0.156894	0.812816	0.891263	603.1
0.030219	0.156731	0.813050	0.891415	603.2
0.030148	0.156569	0.813283	0.891568	603.3
0.030077	0.156407	0.813516	0.891720	603.4
0.030006	0.156245	0.813749	0.891871	603.5
0.029936	0.156084	0.813981	0.892023	603.6
0.029865	0.155922	0.814213	0.892174	603.7
0.029795	0.155761	0.814444	0.892325	603.8
0.029725	0.155599	0.814676	0.892476	603.9
0.029655	0.155438	0.814907	0.892626	604.0
0.029585	0.155278	0.815137	0.892776	604.1
0.029516	0.155117	0.815368	0.892926	604.2
0.029446	0.154956	0.815598	0.893076	604.3
0.029377	0.154796	0.815827	0.893225	604.4
0.029308	0.154636	0.816057	0.893374	604.5
0.029239	0.154475	0.816285	0.893523	604.6
0.029170	0.154316	0.816514	0.893672	604.7
0.029102	0.154156	0.816742	0.893820	604.8
0.029034	0.153996	0.816970	0.893968	604.9
0.028965	0.153837	0.817198	0.894116	605.0
0.028897	0.153677	0.817425	0.894264	605.1
0.028830	0.153518	0.817652	0.894411	605.2
0.028762	0.153359	0.817879	0.894559	605.3
0.028694	0.153200	0.818105	0.894705	605.4
0.028627	0.153042	0.818331	0.894852	605.5
0.028560	0.152883	0.818557	0.894999	605.6
0.028493	0.152725	0.818782	0.895145	605.7
0.028426	0.152567	0.819007	0.895291	605.8
0.028359	0.152409	0.819232	0.895436	605.9
0.028293	0.152251	0.819456	0.895582	606.0
0.028227	0.152093	0.819680	0.895727	606.1
0.028161	0.151935	0.819904	0.895872	606.2
0.028095	0.151778	0.820127	0.896016	606.3
0.028029	0.151621	0.820351	0.896161	606.4
0.027963	0.151464	0.820573	0.896305	606.5
0.027898	0.151307	0.820796	0.896449	606.6
0.027832	0.151150	0.821018	0.896593	606.7
0.027767	0.150993	0.821240	0.896736	606.8
0.027702	0.150837	0.821461	0.896879	606.9
0.027637	0.150680	0.821682	0.897022	607.0
0.027573	0.150524	0.821903	0.897165	607.1
0.027508	0.150368	0.822124	0.897308	607.2
0.027444	0.150212	0.822344	0.897450	607.3
0.027380	0.150057	0.822564	0.897592	607.4
0.027316	0.149901	0.822783	0.897734	607.5
0.027252	0.149746	0.823002	0.897875	607.6
0.027188	0.149591	0.823221	0.898017	607.7
0.027125	0.149436	0.823440	0.898158	607.8
0.027061	0.149281	0.823658	0.898298	607.9
0.026998	0.149126	0.823876	0.898439	608.0
0.026935	0.148971	0.824094	0.898579	608.1
0.026872	0.148817	0.824311	0.898720	608.2
0.026809	0.148663	0.824528	0.898859	608.3
0.026747	0.148509	0.824745	0.898999	608.4
0.026684	0.148355	0.824961	0.899138	608.5
0.026622	0.148201	0.825177	0.899278	608.6
0.026560	0.148047	0.825393	0.899417	608.7
0.026498	0.147894	0.825608	0.899555	608.8
0.026436	0.147740	0.825824	0.899694	608.9
0.026374	0.147587	0.826038	0.899832	609.0
0.026313	0.147434	0.826253	0.899970	609.1
0.026252	0.147281	0.826467	0.900108	609.2
0.026190	0.147129	0.826681	0.900245	609.3
0.026129	0.146976	0.826895	0.900383	609.4
0.026068	0.146824	0.827108	0.900520	609.5
0.026008	0.146671	0.827321	0.900657	609.6
0.025947	0.146519	0.827534	0.900793	609.7
0.025887	0.146367	0.827746	0.900930	609.8
0.025826	0.146216	0.827958	0.901066	609.9
0.025766	0.146064	0.828170	0.901202	610.0
0.025706	0.145913	0.828381	0.901337	610.1
0.025647	0.145761	0.828592	0.901473	610.2
0.025587	0.145610	0.828803	0.901608	610.3
0.025527	0.145459	0.829014	0.901743	610.4
0.025468	0.145308	0.829224	0.901878	610.5
0.025409	0.145158	0.829434	0.902012	610.6
0.025350	0.145007	0.829643	0.902147	610.7
0.025291	0.144857	0.829853	0.902281	610.8
0.025232	0.144706	0.830062	0.902415	610.9
0.025173	0.144556	0.830270	0.902548	611.0
0.025115	0.144406	0.830479	0.902682	611.1
0.025056	0.144257	0.830687	0.902815	611.2
0.024998	0.144107	0.830895	0.902948	611.3
0.024940	0.143958	0.831102	0.903081	611.4
0.024882	0.143808	0.831309	0.903213	611.5
0.024825	0.143659	0.831516	0.903346	611.6
0.024767	0.143510	0.831723	0.903478	611.7
0.024709	0.143361	0.831929	0.903610	611.8
0.024652	0.143213	0.832135	0.903741	611.9
0.024595	0.143064	0.832341	0.903873	612.0
0.024538	0.142916	0.832546	0.904004	612.1
0.024481	0.142768	0.832751	0.904135	612.2
0.024424	0.142620	0.832956	0.904266	612.3
0.024368	0.142472	0.833161	0.904396	612.4
0.024311	0.142324	0.833365	0.904527	612.5
0.024255	0.142176	0.833569	0.904657	612.6
0.024199	0.142029	0.833772	0.904787	612.7
0.024143	0.141882	0.833976	0.904917	612.8
0.024087	0.141735	0.834179	0.905046	612.9
0.024031	0.141588	0.834382	0.905175	613.0
0.023975	0.141441	0.834584	0.905304	613.1
0.023920	0.141294	0.834786	0.905433	613.2
0.023864	0.141148	0.834988	0.905562	613.3
0.023809	0.141001	0.835190	0.905690	613.4
0.023754	0.140855	0.835391	0.905818	613.5
0.023699	0.140709	0.835592	0.905946	613.6
0.023644	0.140563	0.835793	0.906074	613.7
0.023590	0.140417	0.835993	0.906202	613.8
0.023535	0.140272	0.836193	0.906329	613.9
0.023481	0.140126	0.836393	0.906456	614.0
0.023427	0.139981	0.836593	0.906583	614.1
0.023372	0.139836	0.836792	0.906710	614.2
0.023318	0.139691	0.836991	0.906836	614.3
0.023265	0.139546	0.837189	0.906962	614.4
0.023211	0.139401	0.837388	0.907088	614.5
0.023157	0.139257	0.837586	0.907214	614.6
0.023104	0.139112	0.837784	0.907340	614.7
0.023051	0.138968	0.837981	0.907465	614.8
0.022997	0.138824	0.838179	0.907591	614.9
0.022944	0.138680	0.838376	0.907716	615.0
0.022891	0.138536	0.838572	0.907840	615.1
0.022839	0.138393	0.838769	0.907965	615.2
0.022786	0.138249	0.838965	0.908089	615.3
0.022733	0.138106	0.839161	0.908214	615.4
0.022681	0.137963	0.839356	0.908338	615.5
0.022629	0.137820	0.839551	0.908461	615.6
0.022577	0.137677	0.839746	0.908585	615.7
0.022525	0.137534	0.839941	0.908708	615.8
0.022473	0.137392	0.840136	0.908831	615.9
0.022421	0.137249	0.840330	0.908954	616.0
0.022369	0.137107	0.840524	0.909077	616.1
0.022318	0.136965	0.840717	0.909200	616.2
0.022267	0.136823	0.840911	0.909322	616.3
0.022215	0.136681	0.841104	0.909444	616.4
0.022164	0.136539	0.841296	0.909566	616.5
0.022113	0.136398	0.841489	0.909688	616.6
0.022062	0.136257	0.841681	0.909809	616.7
0.022012	0.136115	0.841873	0.909931	616.8
0.021961	0.135974	0.842065	0.910052	616.9
0.021911	0.135833	0.842256	0.910173	617.0
0.021860	0.135693	0.842447	0.910293	617.1
0.021810	0.135552	0.842638	0.910414	617.2
0.021760	0.135412	0.842828	0.910534	617.3
0.021710	0.135271	0.843019	0.910654	617.4
0.021660	0.135131	0.843209	0.910774	617.5
0.021610	0.134991	0.843398	0.910894	617.6
0.021561	0.134851	0.843588	0.911014	617.7
0.021511	0.134712	0.843777	0.911133	617.8
0.021462	0.134572	0.843966	0.911252	617.9
0.021413	0.134433	0.844155	0.911371	618.0
0.021364	0.134293	0.844343	0.911490	618.1
0.021315	0.134154	0.844531	0.911608	618.2
0.021266	0.134015	0.844719	0.911727	618.3
0.021217	0.133877	0.844906	0.911845	618.4
0.021168	0.133738	0.845094	0.911963	618.5
0.021120	0.133599	0.845281	0.912080	618.6
0.021072	0.133461	0.845467	0.912198	618.7
0.021023	0.133323	0.845654	0.912315	618.8
0.020975	0.133185	0.845840	0.912432	618.9
0.020927	0.133047	0.846026	0.912549	619.0
0.020879	0.132909	0.846212	0.912666	619.1
0.020831	0.132771	0.846397	0.912783	619.2
0.020784	0.132634	0.846582	0.912899	619.3
0.020736	0.132497	0.846767	0.913015	619.4
0.020689	0.132359	0.846952	0.913131	619.5
0.020642	0.132222	0.847136	0.913247	619.6
0.020594	0.132086	0.847320	0.913363	619.7
0.020547	0.131949	0.847504	0.913478	619.8
0.020500	0.131812	0.847687	0.913594	619.9
0.020453	0.131676	0.847871	0.913709	620.0
0.020407	0.131540	0.848054	0.913824	620.1
0.020360	0.131403	0.848236	0.913938	620.2
0.020314	0.131267	0.848419	0.914053	620.3
0.020267	0.131132	0.848601	0.914167	620.4
0.020221	0.130996	0.848783	0.914281	620.5
0.020175	0.130860	0.848965	0.914395	620.6
0.020129	0.130725	0.849146	0.914509	620.7
0.020083	0.130590	0.849327	0.914622	620.8
0.020037	0.130454	0.849508	0.914736	620.9
0.019991	0.130320	0.849689	0.914849	621.0
0.019946	0.130185	0.849869	0.914962	621.1
0.019900	0.130050	0.850050	0.915075	621.2
0.019855	0.129916	0.850229	0.915187	621.3
0.019810	0.129781	0.850409	0.915300	621.4
0.019765	0.129647	0.850588	0.915412	621.5
0.019720	0.129513	0.850768	0.915524	621.6
0.019675	0.129379	0.850946	0.915636	621.7
0.019630	0.129245	0.851125	0.915748	621.8
0.019585	0.129111	0.851303	0.915859	621.9
0.019541	0.128978	0.851481	0.915970	622.0
0.019496	0.128845	0.851659	0.916082	622.1
0.019452	0.128711	0.851837	0.916193	622.2
0.019408	0.128578	0.852014	0.916303	622.3
0.019363	0.128445	0.852191	0.916414	622.4
0.019319	0.128313	0.852368	0.916524	622.5
0.019276	0.128180	0.852545	0.916635	622.6
0.019232	0.128047	0.852721	0.916745	622.7
0.019188	0.127915	0.852897	0.916854	622.8
0.019144	0.127783	0.853073	0.916964	622.9
0.019101	0.127651	0.853248	0.917074	623.0
0.019058	0.127519	0.853424	0.917183	623.1
0.019014	0.127387	0.853599	0.917292	623.2
0.018971	0.127255	0.853773	0.917401	623.3
0.018928	0.127124	0.853948	0.917510	623.4
0.018885	0.126993	0.854122	0.917619	623.5
0.018842	0.126861	0.854296	0.917727	623.6
0.018800	0.126730	0.854470	0.917835	623.7
0.018757	0.126599	0.854644	0.917943	623.8
0.018714	0.126469	0.854817	0.918051	623.9
0.018672	0.126338	0.854990	0.918159	624.0
0.018630	0.126208	0.855163	0.918267	624.1
0.018587	0.126077	0.855335	0.918374	624.2
0.018545	0.125947	0.855508	0.918481	624.3
0.018503	0.125817	0.855680	0.918588	624.4
0.018461	0.125687	0.855851	0.918695	624.5
0.018420	0.125557	0.856023	0.918802	624.6
0.018378	0.125428	0.856194	0.918908	624.7
0.018336	0.125298	0.856365	0.919014	624.8
0.018295	0.125169	0.856536	0.919121	624.9
0.018254	0.125040	0.856707	0.919227	625.0
0.018212	0.124911	0.856877	0.919332	625.1
0.018171	0.124782	0.857047	0.919438	625.2
0.018130	0.124653	0.857217	0.919544	625.3
0.018089	0.124524	0.857387	0.919649	625.4
0.018048	0.124396	0.857556	0.919754	625.5
0.018007	0.124267	0.857725	0.919859	625.6
0.017967	0.124139	0.857894	0.919964	625.7
0.017926	0.124011	0.858063	0.920068	625.8
0.017886	0.123883	0.858231	0.920173	625.9
0.017845	0.123755	0.858399	0.920277	626.0
0.017805	0.123628	0.858567	0.920381	626.1
0.017765	0.123500	0.858735	0.920485	626.2
0.017725	0.123373	0.858902	0.920589	626.3
0.017685	0.123246	0.859069	0.920692	626.4
0.017645	0.123119	0.859236	0.920796	626.5
0.017605	0.122992	0.859403	0.920899	626.6
0.017565	0.122865	0.859570	0.921002	626.7
0.017526	0.122738	0.859736	0.921105	626.8
0.017486	0.122612	0.859902	0.921208	626.9
0.017447	0.122485	0.860068	0.921310	627.0
0.017408	0.122359	0.860233	0.921413	627.1
0.017368	0.122233	0.860399	0.921515	627.2
0.017329	0.122107	0.860564	0.921617	627.3
0.017290	0.121981	0.860728	0.921719	627.4
0.017251	0.121856	0.860893	0.921821	627.5
0.017213	0.121730	0.861057	0.921922	627.6
0.017174	0.121605	0.861221	0.922024	627.7
0.017135	0.121479	0.861385	0.922125	627.8
0.017097	0.121354	0.861549	0.922226	627.9
0.017058	0.121229	0.861712	0.922327	628.0
0.017020	0.121104	0.861876	0.922428	628.1
0.016982	0.120980	0.862039	0.922528	628.2
0.016944	0.120855	0.862201	0.922629	628.3
0.016906	0.120731	0.862364	0.922729	628.4
0.016868	0.120606	0.862526	0.922829	628.5
0.016830	0.120482	0.862688	0.922929	628.6
0.016792	0.120358	0.862850	0.923029	628.7
0.016754	0.120234	0.863011	0.923129	628.8
0.016717	0.120111	0.863173	0.923228	628.9
0.016679	0.119987	0.863334	0.923327	629.0
0.016642	0.119864	0.863495	0.923427	629.1
0.016604	0.119740	0.863655	0.923525	629.2
0.016567	0.119617	0.863816	0.923624	629.3
0.016530	0.119494	0.863976	0.923723	629.4
0.016493	0.119371	0.864136	0.923821	629.5
0.016456	0.119248	0.864296	0.923920	629.6
0.016419	0.119126	0.864455	0.924018	629.7
0.016382	0.119003	0.864614	0.924116	629.8
0.016346	0.118881	0.864774	0.924214	629.9
0.016309	0.118759	0.864932	0.924312	630.0
0.016273	0.118636	0.865091	0.924409	630.1
0.016236	0.118514	0.865249	0.924507	630.2
0.016200	0.118393	0.865407	0.924604	630.3
0.016164	0.118271	0.865565	0.924701	630.4
0.016127	0.118149	0.865723	0.924798	630.5
0.016091	0.118028	0.865881	0.924895	630.6
0.016055	0.117907	0.866038	0.924991	630.7
0.016020	0.117786	0.866195	0.925088	630.8
0.015984	0.117665	0.866352	0.925184	630.9
0.015948	0.117544	0.866508	0.925280	631.0
0.015912	0.117423	0.866665	0.925376	631.1
0.015877	0.117302	0.866821	0.925472	631.2
0.015841	0.117182	0.866977	0.925568	631.3
0.015806	0.117062	0.867132	0.925663	631.4
0.015771	0.116941	0.867288	0.925758	631.5
0.015736	0.116821	0.867443	0.925854	631.6
0.015701	0.116701	0.867598	0.925949	631.7
0.015666	0.116582	0.867753	0.926044	631.8
0.015631	0.116462	0.867907	0.926138	631.9
0.015596	0.116342	0.868062	0.926233	632.0
0.015561	0.116223	0.868216	0.926327	632.1
0.015526	0.116104	0.868370	0.926422	632.2
0.015492	0.115985	0.868524	0.926516	632.3
0.015457	0.115866	0.868677	0.926610	632.4
0.015423	0.115747	0.868830	0.926704	632.5
0.015389	0.115628	0.868983	0.926797	632.6
0.015354	0.115509	0.869136	0.926891	632.7
0.015320	0.115391	0.869289	0.926984	632.8
0.015286	0.115273	0.869441	0.927078	632.9
0.015252	0.115154	0.869594	0.927171	633.0
0.015218	0.115036	0.869746	0.927264	633.1
0.015184	0.114918	0.869897	0.927357	633.2
0.015151	0.114801	0.870049	0.927449	633.3
0.015117	0.114683	0.870200	0.927542	633.4
0.015083	0.114565	0.870351	0.927634	633.5
0.015050	0.114448	0.870502	0.927726	633.6
0.015016	0.114331	0.870653	0.927818	633.7
0.014983	0.114214	0.870803	0.927910	633.8
0.014950	0.114097	0.870954	0.928002	633.9
0.014917	0.113980	0.871104	0.928094	634.0
0.014883	0.113863	0.871254	0.928185	634.1
0.014850	0.113746	0.871403	0.928276	634.2
0.014817	0.113630	0.871553	0.928368	634.3
0.014785	0.113514	0.871702	0.928459	634.4
0.014752	0.113397	0.871851	0.928549	634.5
0.014719	0.113281	0.872000	0.928640	634.6
0.014687	0.113165	0.872148	0.928731	634.7
0.014654	0.113049	0.872297	0.928821	634.8
0.014622	0.112934	0.872445	0.928912	634.9
0.014589	0.112818	0.872593	0.929002	635.0
0.014557	0.112703	0.872740	0.929092	635.1
0.014525	0.112587	0.872888	0.929182	635.2
0.014492	0.112472	0.873035	0.929271	635.3
0.014460	0.112357	0.873182	0.929361	635.4
0.014428	0.112242	0.873329	0.929450	635.5
0.014396	0.112128	0.873476	0.929540	635.6
0.014365	0.112013	0.873622	0.929629	635.7
0.014333	0.111898	0.873769	0.929718	635.8
0.014301	0.111784	0.873915	0.929807	635.9
0.014270	0.111670	0.874061	0.929896	636.0
0.014238	0.111556	0.874206	0.929984	636.1
0.014207	0.111442	0.874352	0.930073	636.2
0.014175	0.111328	0.874497	0.930161	636.3
0.014144	0.111214	0.874642	0.930249	636.4
0.014113	0.111100	0.874787	0.930337	636.5
0.014082	0.110987	0.874932	0.930425	636.6
0.014051	0.110874	0.875076	0.930513	636.7
0.014020	0.110760	0.875220	0.930600	636.8
0.013989	0.110647	0.875364	0.930688	636.9
0.013958	0.110534	0.875508	0.930775	637.0
0.013927	0.110421	0.875652	0.930862	637.1
0.013896	0.110309	0.875795	0.930949	637.2
0.013866	0.110196	0.875938	0.931036	637.3
0.013835	0.110084	0.876081	0.931123	637.4
0.013805	0.109971	0.876224	0.931210	637.5
0.013774	0.109859	0.876367	0.931296	637.6
0.013744	0.109747	0.876509	0.931383	637.7
0.013714	0.109635	0.876651	0.931469	637.8
0.013683	0.109523	0.876793	0.931555	637.9
0.013653	0.109411	0.876935	0.931641	638.0
0.013623	0.109300	0.877077	0.931727	638.1
0.013593	0.109188	0.877218	0.931812	638.2
0.013563	0.109077	0.877359	0.931898	638.3
0.013534	0.108966	0.877500	0.931983	638.4
0.013504	0.108855	0.877641	0.932069	638.5
0.013474	0.108744	0.877782	0.932154	638.6
0.013445	0.108633	0.877922	0.932239	638.7
0.013415	0.108522	0.878063	0.932324	638.8
0.013386	0.108412	0.878203	0.932408	638.9
0.013356	0.108301	0.878342	0.932493	639.0
0.013327	0.108191	0.878482	0.932578	639.1
0.013298	0.108081	0.878621	0.932662	639.2
0.013269	0.107971	0.878761	0.932746	639.3
0.013239	0.107861	0.878900	0.932830	639.4
0.013210	0.107751	0.879039	0.932914	639.5
0.013181	0.107641	0.879177	0.932998	639.6
0.013153	0.107532	0.879316	0.933082	639.7
0.013124	0.107422	0.879454	0.933165	639.8
0.013095	0.107313	0.879592	0.933249	639.9
0.013066	0.107204	0.879730	0.933332	640.0
0.013038	0.107095	0.879868	0.933415	640.1
0.013009	0.106986	0.880005	0.933498	640.2
0.012981	0.106877	0.880142	0.933581	640.3
0.012952	0.106768	0.880279	0.933664	640.4
0.012924	0.106660	0.880416	0.933746	640.5
0.012896	0.106551	0.880553	0.933829	640.6
0.012867	0.106443	0.880690	0.933911	640.7
0.012839	0.106335	0.880826	0.933993	640.8
0.012811	0.106227	0.880962	0.934075	640.9
0.012783	0.106119	0.881098	0.934157	641.0
0.012755	0.106011	0.881234	0.934239	641.1
0.012727	0.105903	0.881369	0.934321	641.2
0.012700	0.105796	0.881505	0.934403	641.3
0.012672	0.105688	0.881640	0.934484	641.4
0.012644	0.105581	0.881775	0.934565	641.5
0.012617	0.105474	0.881910	0.934647	641.6
0.012589	0.105366	0.882044	0.934728	641.7
0.012562	0.105259	0.882179	0.934809	641.8
0.012534	0.105153	0.882313	0.934889	641.9
0.012507	0.105046	0.882447	0.934970	642.0
0.012480	0.104939	0.882581	0.935051	642.1
0.012452	0.104833	0.882715	0.935131	642.2
0.012425	0.104726	0.882848	0.935211	642.3
0.012398	0.104620	0.882982	0.935292	642.4
0.012371	0.104514	0.883115	0.935372	642.5
0.012344	0.104408	0.883248	0.935452	642.6
0.012317	0.104302	0.883380	0.935532	642.7
0.012291	0.104196	0.883513	0.935611	642.8
0.012264	0.104091	0.883645	0.935691	642.9
0.012237	0.103985	0.883778	0.935770	643.0
0.012211	0.103880	0.883910	0.935850	643.1
0.012184	0.103775	0.884041	0.935929	643.2
0.012158	0.103669	0.884173	0.936008	643.3
0.012131	0.103564	0.884305	0.936087	643.4
0.012105	0.103459	0.884436	0.936166	643.5
0.012078	0.103355	0.884567	0.936244	643.6
0.012052	0.103250	0.884698	0.936323	643.7
0.012026	0.103145	0.884829	0.936401	643.8
0.012000	0.103041	0.884959	0.936480	643.9
0.011974	0.102937	0.885090	0.936558	644.0
0.011948	0.102832	0.885220	0.936636	644.1
0.011922	0.102728	0.885350	0.936714	644.2
0.011896	0.102624	0.885480	0.936792	644.3
0.011870	0.102521	0.885609	0.936869	644.4
0.011845	0.102417	0.885739	0.936947	644.5
0.011819	0.102313	0.885868	0.937025	644.6
0.011793	0.102210	0.885997	0.937102	644.7
0.011768	0.102106	0.886126	0.937179	644.8
0.011742	0.102003	0.886255	0.937256	644.9
0.011717	0.101900	0.886383	0.937333	645.0
0.011691	0.101797	0.886512	0.937410	645.1
0.011666	0.101694	0.886640	0.937487	645.2
0.011641	0.101591	0.886768	0.937564	645.3
0.011616	0.101489	0.886896	0.937640	645.4
0.011591	0.101386	0.887023	0.937716	645.5
0.011565	0.101284	0.887151	0.937793	645.6
0.011540	0.101181	0.887278	0.937869	645.7
0.011515	0.101079	0.887405	0.937945	645.8
0.011491	0.100977	0.887532	0.938021	645.9
0.011466	0.100875	0.887659	0.938097	646.0
0.011441	0.100773	0.887786	0.938172	646.1
0.011416	0.100672	0.887912	0.938248	646.2
0.011392	0.100570	0.888038	0.938323	646.3
0.011367	0.100468	0.888165	0.938399	646.4
0.011342	0.100367	0.888290	0.938474	646.5
0.011318	0.100266	0.888416	0.938549	646.6
0.011294	0.100165	0.888542	0.938624	646.7
0.011269	0.100064	0.888667	0.938699	646.8
0.011245	0.099963	0.888792	0.938774	646.9
0.011221	0.099862	0.888917	0.938848	647.0
0.011196	0.099761	0.889042	0.938923	647.1
0.011172	0.099661	0.889167	0.938997	647.2
0.011148	0.099560	0.889291	0.939072	647.3
0.011124	0.099460	0.889416	0.939146	647.4
0.011100	0.099360	0.889540	0.939220	647.5
0.011076	0.099260	0.889664	0.939294	647.6
0.011053	0.099160	0.889788	0.939368	647.7
0.011029	0.099060	0.889911	0.939441	647.8
0.011005	0.098960	0.890035	0.939515	647.9
0.010981	0.098860	0.890158	0.939588	648.0
0.010958	0.098761	0.890281	0.939662	648.1
0.010934	0.098661	0.890404	0.939735	648.2
0.010911	0.098562	0.890527	0.939808	648.3
0.010887	0.098463	0.890650	0.939881	648.4
0.010864	0.098364	0.890772	0.939954	648.5
0.010841	0.098265	0.890895	0.940027	648.6
0.010817	0.098166	0.891017	0.940100	648.7
0.010794	0.098067	0.891139	0.940172	648.8
0.010771	0.097969	0.891260	0.940245	648.9
0.010748	0.097870	0.891382	0.940317	649.0
0.010725	0.097772	0.891504	0.940389	649.1
0.010702	0.097674	0.891625	0.940462	649.2
0.010679	0.097575	0.891746	0.940534	649.3
0.010656	0.097477	0.891867	0.940606	649.4
0.010633	0.097379	0.891988	0.940677	649.5
0.010610	0.097282	0.892108	0.940749	649.6
0.010587	0.097184	0.892229	0.940821	649.7
0.010565	0.097086	0.892349	0.940892	649.8
0.010542	0.096989	0.892469	0.940963	649.9
0.010520	0.096891	0.892589	0.941035	650.0
0.010497	0.096794	0.892709	0.941106	650.1
0.010475	0.096697	0.892828	0.941177	650.2
0.010452	0.096600	0.892948	0.941248	650.3
0.010430	0.096503	0.893067	0.941319	650.4
0.010408	0.096406	0.893186	0.941389	650.5
0.010385	0.096309	0.893305	0.941460	650.6
0.010363	0.096213	0.893424	0.941531	650.7
0.010341	0.096116	0.893543	0.941601	650.8
0.010319	0.096020	0.893661	0.941671	650.9
0.010297	0.095924	0.893780	0.941741	651.0
0.010275	0.095828	0.893898	0.941811	651.1
0.010253	0.095731	0.894016	0.941881	651.2
0.010231	0.095636	0.894133	0.941951	651.3
0.010209	0.095540	0.894251	0.942021	651.4
0.010187	0.095444	0.894369	0.942091	651.5
0.010166	0.095348	0.894486	0.942160	651.6
0.010144	0.095253	0.894603	0.942230	651.7
0.010122	0.095158	0.894720	0.942299	651.8
0.010101	0.095062	0.894837	0.942368	651.9
0.010079	0.094967	0.894954	0.942437	652.0
0.010058	0.094872	0.895070	0.942506	652.1
0.010036	0.094777	0.895187	0.942575	652.2
0.010015	0.094682	0.895303	0.942644	652.3
0.009994	0.094588	0.895419	0.942713	652.4
0.009972	0.094493	0.895535	0.942781	652.5
0.009951	0.094398	0.895650	0.942850	652.6
0.009930	0.094304	0.895766	0.942918	652.7
0.009909	0.094210	0.895881	0.942986	652.8
0.009888	0.094116	0.895997	0.943054	652.9
0.009867	0.094022	0.896112	0.943123	653.0
0.009846	0.093928	0.896227	0.943190	653.1
0.009825	0.093834	0.896341	0.943258	653.2
0.009804	0.093740	0.896456	0.943326	653.3
0.009783	0.093646	0.896571	0.943394	653.4
0.009762	0.093553	0.896685	0.943461	653.5
0.009742	0.093459	0.896799	0.943529	653.6
0.009721	0.093366	0.896913	0.943596	653.7
0.009700	0.093273	0.897027	0.943663	653.8
0.009680	0.093180	0.897141	0.943730	653.9
0.009659	0.093087	0.897254	0.943797	654.0
0.009639	0.092994	0.897367	0.943864	654.1
0.009618	0.092901	0.897481	0.943931	654.2
0.009598	0.092808	0.897594	0.943998	654.3
0.009578	0.092716	0.897707	0.944065	654.4
0.009557	0.092623	0.897819	0.944131	654.5
0.009537	0.092531	0.897932	0.944197	654.6
0.009517	0.092439	0.898044	0.944264	654.7
0.009497	0.092347	0.898157	0.944330	654.8
0.009477	0.092255	0.898269	0.944396	654.9
0.009456	0.092163	0.898381	0.944462	655.0
0.009436	0.092071	0.898493	0.944528	655.1
0.009417	0.091979	0.898604	0.944594	655.2
0.009397	0.091888	0.898716	0.944660	655.3
0.009377	0.091796	0.898827	0.944725	655.4
0.009357	0.091705	0.898938	0.944791	655.5
0.009337	0.091613	0.899049	0.944856	655.6
0.009317	0.091522	0.899160	0.944921	655.7
0.009298	0.091431	0.899271	0.944987	655.8
0.009278	0.091340	0.899382	0.945052	655.9
0.009259	0.091249	0.899492	0.945117	656.0
0.009239	0.091158	0.899603	0.945182	656.1
0.009219	0.091068	0.899713	0.945247	656.2
0.009200	0.090977	0.899823	0.945311	656.3
0.009181	0.090887	0.899933	0.945376	656.4
0.009161	0.090796	0.900042	0.945441	656.5
0.009142	0.090706	0.900152	0.945505	656.6
0.009123	0.090616	0.900261	0.945569	656.7
0.009103	0.090526	0.900371	0.945634	656.8
0.009084	0.090436	0.900480	0.945698	656.9
0.009065	0.090346	0.900589	0.945762	657.0
0.009046	0.090257	0.900697	0.945826	657.1
0.009027	0.090167	0.900806	0.945890	657.2
0.009008	0.090077	0.900915	0.945953	657.3
0.008989	0.089988	0.901023	0.946017	657.4
0.008970	0.089899	0.901131	0.946081	657.5
0.008951	0.089809	0.901239	0.946144	657.6
0.008932	0.089720	0.901347	0.946207	657.7
0.008914	0.089631	0.901455	0.946271	657.8
0.008895	0.089542	0.901563	0.946334	657.9
0.008876	0.089454	0.901670	0.946397	658.0
0.008858	0.089365	0.901777	0.946460	658.1
0.008839	0.089276	0.901885	0.946523	658.2
0.008820	0.089188	0.901992	0.946586	658.3
0.008802	0.089100	0.902099	0.946648	658.4
0.008783	0.089011	0.902205	0.946711	658.5
0.008765	0.088923	0.902312	0.946773	658.6
0.008747	0.088835	0.902418	0.946836	658.7
0.008728	0.088747	0.902525	0.946898	658.8
0.008710	0.088659	0.902631	0.946960	658.9
0.008692	0.088571	0.902737	0.947023	659.0
0.008673	0.088484	0.902843	0.947085	659.1
0.008655	0.088396	0.902949	0.947147	659.2
0.008637	0.088309	0.903054	0.947209	659.3
0.008619	0.088221	0.903160	0.947270	659.4
0.008601	0.088134	0.903265	0.947332	659.5
0.008583	0.088047	0.903370	0.947394	659.6
0.008565	0.087960	0.903475	0.947455	659.7
0.008547	0.087873	0.903580	0.947516	659.8
0.008529	0.087786	0.903685	0.947578	659.9
0.008511	0.087699	0.903789	0.947639	660.0
0.008494	0.087612	0.903894	0.947700	660.1
0.008476	0.087526	0.903998	0.947761	660.2
0.008458	0.087439	0.904102	0.947822	660.3
0.008440	0.087353	0.904206	0.947883	660.4
0.008423	0.087267	0.904310	0.947944	660.5
0.008405	0.087181	0.904414	0.948004	660.6
0.008388	0.087095	0.904518	0.948065	660.7
0.008370	0.087009	0.904621	0.948126	660.8
0.008353	0.086923	0.904725	0.948186	660.9
0.008335	0.086837	0.904828	0.948246	661.0
0.008318	0.086751	0.904931	0.948306	661.1
0.008301	0.086666	0.905034	0.948367	661.2
0.008283	0.086580	0.905137	0.948427	661.3
0.008266	0.086495	0.905239	0.948487	661.4
0.008249	0.086410	0.905342	0.948546	661.5
0.008232	0.086324	0.905444	0.948606	661.6
0.008214	0.086239	0.905546	0.948666	661.7
0.008197	0.086154	0.905648	0.948726	661.8
0.008180	0.086069	0.905750	0.948785	661.9
0.008163	0.085985	0.905852	0.948844	662.0
0.008146	0.085900	0.905954	0.948904	662.1
0.008129	0.085815	0.906055	0.948963	662.2
0.008112	0.085731	0.906157	0.949022	662.3
0.008096	0.085646	0.906258	0.949081	662.4
0.008079	0.085562	0.906359	0.949140	662.5
0.008062	0.085478	0.906460	0.949199	662.6
0.008045	0.085394	0.906561	0.949258	662.7
0.008028	0.085310	0.906662	0.949317	662.8
0.008012	0.085226	0.906762	0.949375	662.9
0.007995	0.085142	0.906863	0.949434	663.0
0.007979	0.085058	0.906963	0.949492	663.1
0.007962	0.084975	0.907063	0.949551	663.2
0.007945	0.084891	0.907163	0.949609	663.3
0.007929	0.084808	0.907263	0.949667	663.4
0.007913	0.084724	0.907363	0.949725	663.5
0.007896	0.084641	0.907463	0.949783	663.6
0.007880	0.084558	0.907562	0.949841	663.7
0.007863	0.084475	0.907661	0.949899	663.8
0.007847	0.084392	0.907761	0.949957	663.9
0.007831	0.084309	0.907860	0.950014	664.0
0.007815	0.084227	0.907959	0.950072	664.1
0.007798	0.084144	0.908058	0.950130	664.2
0.007782	0.084061	0.908156	0.950187	664.3
0.007766	0.083979	0.908255	0.950244	664.4
0.007750	0.083896	0.908353	0.950302	664.5
0.007734	0.083814	0.908452	0.950359	664.6
0.007718	0.083732	0.908550	0.950416	664.7
0.007702	0.083650	0.908648	0.950473	664.8
0.007686	0.083568	0.908746	0.950530	664.9
0.007670	0.083486	0.908844	0.950587	665.0
0.007655	0.083404	0.908941	0.950643	665.1
0.007639	0.083323	0.909039	0.950700	665.2
0.007623	0.083241	0.909136	0.950757	665.3
0.007607	0.083159	0.909233	0.950813	665.4
0.007592	0.083078	0.909331	0.950870	665.5
0.007576	0.082997	0.909428	0.950926	665.6
0.007560	0.082915	0.909524	0.950982	665.7
0.007545	0.082834	0.909621	0.951038	665.8
0.007529	0.082753	0.909718	0.951094	665.9
0.007514	0.082672	0.909814	0.951150	666.0
0.007498	0.082591	0.909911	0.951206	666.1
0.007483	0.082511	0.910007	0.951262	666.2
0.007467	0.082430	0.910103	0.951318	666.3
0.007452	0.082349	0.910199	0.951374	666.4
0.007436	0.082269	0.910295	0.951429	666.5
0.007421	0.082188	0.910390	0.951485	666.6
0.007406	0.082108	0.910486	0.951540	666.7
0.007391	0.082028	0.910581	0.951595	666.8
0.007375	0.081948	0.910677	0.951651	666.9
0.007360	0.081868	0.910772	0.951706	667.0
0.007345	0.081788	0.910867	0.951761	667.1
0.007330	0.081708	0.910962	0.951816	667.2
0.007315	0.081628	0.911057	0.951871	667.3
0.007300	0.081549	0.911151	0.951926	667.4
0.007285	0.081469	0.911246	0.951981	667.5
0.007270	0.081390	0.911340	0.952035	667.6
0.007255	0.081310	0.911435	0.952090	667.7
0.007240	0.081231	0.911529	0.952144	667.8
0.007225	0.081152	0.911623	0.952199	667.9
0.007211	0.081073	0.911717	0.952253	668.0
0.007196	0.080993	0.911811	0.952308	668.1
0.007181	0.080915	0.911904	0.952362	668.2
0.007166	0.080836	0.911998	0.952416	668.3
0.007152	0.080757	0.912091	0.952470	668.4
0.007137	0.080678	0.912185	0.952524	668.5
0.007122	0.080600	0.912278	0.952578	668.6
0.007108	0.080521	0.912371	0.952632	668.7
0.007093	0.080443	0.912464	0.952685	668.8
0.007079	0.080365	0.912557	0.952739	668.9
0.007064	0.080286	0.912649	0.952793	669.0
0.007050	0.080208	0.912742	0.952846	669.1
0.007035	0.080130	0.912834	0.952900	669.2
0.007021	0.080052	0.912927	0.952953	669.3
0.007007	0.079975	0.913019	0.953006	669.4
0.006992	0.079897	0.913111	0.953059	669.5
0.006978	0.079819	0.913203	0.953113	669.6
0.006964	0.079742	0.913295	0.953166	669.7
0.006949	0.079664	0.913387	0.953219	669.8
0.006935	0.079587	0.913478	0.953271	669.9
0.006921	0.079509	0.913570	0.953324	670.0
0.006907	0.079432	0.913661	0.953377	670.1
0.006893	0.079355	0.913752	0.953430	670.2
0.006879	0.079278	0.913843	0.953482	670.3
0.006865	0.079201	0.913934	0.953535	670.4
0.006851	0.079124	0.914025	0.953587	670.5
0.006837	0.079047	0.914116	0.953640	670.6
0.006823	0.078971	0.914206	0.953692	670.7
0.006809	0.078894	0.914297	0.953744	670.8
0.006795	0.078818	0.914387	0.953796	670.9
0.006781	0.078741	0.914478	0.953848	671.0
0.006767	0.078665	0.914568	0.953900	671.1
0.006754	0.078589	0.914658	0.953952	671.2
0.006740	0.078512	0.914748	0.954004	671.3
0.006726	0.078436	0.914837	0.954056	671.4
0.006713	0.078360	0.914927	0.954107	671.5
0.006699	0.078285	0.915017	0.954159	671.6
0.006685	0.078209	0.915106	0.954210	671.7
0.006672	0.078133	0.915195	0.954262	671.8
0.006658	0.078057	0.915285	0.954313	671.9
0.006645	0.077982	0.915374	0.954365	672.0
0.006631	0.077906	0.915463	0.954416	672.1
0.006618	0.077831	0.915551	0.954467	672.2
0.006604	0.077756	0.915640	0.954518	672.3
0.006591	0.077681	0.915729	0.954569	672.4
0.006577	0.077605	0.915817	0.954620	672.5
0.006564	0.077530	0.915906	0.954671	672.6
0.006551	0.077455	0.915994	0.954722	672.7
0.006537	0.077381	0.916082	0.954772	672.8
0.006524	0.077306	0.916170	0.954823	672.9
0.006511	0.077231	0.916258	0.954873	673.0
0.006498	0.077157	0.916346	0.954924	673.1
0.006485	0.077082	0.916433	0.954974	673.2
0.006471	0.077008	0.916521	0.955025	673.3
0.006458	0.076933	0.916608	0.955075	673.4
0.006445	0.076859	0.916696	0.955125	673.5
0.006432	0.076785	0.916783	0.955175	673.6
0.006419	0.076711	0.916870	0.955225	673.7
0.006406	0.076637	0.916957	0.955275	673.8
0.006393	0.076563	0.917044	0.955325	673.9
0.006380	0.076489	0.917131	0.955375	674.0
0.006367	0.076415	0.917217	0.955425	674.1
0.006355	0.076342	0.917304	0.955475	674.2
0.006342	0.076268	0.917390	0.955524	674.3
0.006329	0.076195	0.917476	0.955574	674.4
0.006316	0.076121	0.917563	0.955623	674.5
0.006303	0.076048	0.917649	0.955673	674.6
0.006291	0.075975	0.917735	0.955722	674.7
0.006278	0.075902	0.917820	0.955771	674.8
0.006265	0.075829	0.917906	0.955820	674.9
0.006253	0.075756	0.917992	0.955870	675.0
0.006240	0.075683	0.918077	0.955919	675.1
0.006228	0.075610	0.918163	0.955968	675.2
0.006215	0.075537	0.918248	0.956016	675.3
0.006202	0.075464	0.918333	0.956065	675.4
0.006190	0.075392	0.918418	0.956114	675.5
0.006177	0.075319	0.918503	0.956163	675.6
0.006165	0.075247	0.918588	0.956211	675.7
0.006153	0.075175	0.918673	0.956260	675.8
0.006140	0.075103	0.918757	0.956308	675.9
0.006128	0.075030	0.918842	0.956357	676.0
0.006116	0.074958	0.918926	0.956405	676.1
0.006103	0.074886	0.919010	0.956454	676.2
0.006091	0.074814	0.919095	0.956502	676.3
0.006079	0.074743	0.919179	0.956550	676.4
0.006067	0.074671	0.919263	0.956598	676.5
0.006054	0.074599	0.919346	0.956646	676.6
0.006042	0.074528	0.919430	0.956694	676.7
0.006030	0.074456	0.919514	0.956742	676.8
0.006018	0.074385	0.919597	0.956790	676.9
0.006006	0.074314	0.919681	0.956837	677.0
0.005994	0.074242	0.919764	0.956885	677.1
0.005982	0.074171	0.919847	0.956933	677.2
0.005970	0.074100	0.919930	0.956980	677.3
0.005958	0.074029	0.920013	0.957028	677.4
0.005946	0.073958	0.920096	0.957075	677.5
0.005934	0.073887	0.920179	0.957122	677.6
0.005922	0.073817	0.920261	0.957170	677.7
0.005910	0.073746	0.920344	0.957217	677.8
0.005898	0.073675	0.920426	0.957264	677.9
0.005887	0.073605	0.920509	0.957311	678.0
0.005875	0.073534	0.920591	0.957358	678.1
0.005863	0.073464	0.920673	0.957405	678.2
0.005851	0.073394	0.920755	0.957452	678.3
0.005840	0.073324	0.920837	0.957499	678.4
0.005828	0.073254	0.920918	0.957545	678.5
0.005816	0.073184	0.921000	0.957592	678.6
0.005805	0.073114	0.921082	0.957639	678.7
0.005793	0.073044	0.921163	0.957685	678.8
0.005781	0.072974	0.921245	0.957732	678.9
0.005770	0.072904	0.921326	0.957778	679.0
0.005758	0.072835	0.921407	0.957824	679.1
0.005747	0.072765	0.921488	0.957870	679.2
0.005735	0.072696	0.921569	0.957917	679.3
0.005724	0.072626	0.921650	0.957963	679.4
0.005713	0.072557	0.921730	0.958009	679.5
0.005701	0.072488	0.921811	0.958055	679.6
0.005690	0.072419	0.921891	0.958101	679.7
0.005678	0.072350	0.921972	0.958147	679.8
0.005667	0.072281	0.922052	0.958193	679.9
0.005656	0.072212	0.922132	0.958238	680.0
0.005645	0.072143	0.922212	0.958284	680.1
0.005633	0.072074	0.922292	0.958330	680.2
0.005622	0.072006	0.922372	0.958375	680.3
0.005611	0.071937	0.922452	0.958421	680.4
0.005600	0.071868	0.922532	0.958466	680.5
0.005589	0.071800	0.922611	0.958511	680.6
0.005578	0.071732	0.922691	0.958557	680.7
0.005566	0.071663	0.922770	0.958602	680.8
0.005555	0.071595	0.922849	0.958647	680.9
0.005544	0.071527	0.922929	0.958692	681.0
0.005533	0.071459	0.923008	0.958737	681.1
0.005522	0.071391	0.923087	0.958782	681.2
0.005511	0.071323	0.923165	0.958827	681.3
0.005500	0.071255	0.923244	0.958872	681.4
0.005490	0.071188	0.923323	0.958917	681.5
0.005479	0.071120	0.923401	0.958961	681.6
0.005468	0.071053	0.923480	0.959006	681.7
0.005457	0.070985	0.923558	0.959051	681.8
0.005446	0.070918	0.923636	0.959095	681.9
0.005435	0.070850	0.923714	0.959140	682.0
0.005425	0.070783	0.923792	0.959184	682.1
0.005414	0.070716	0.923870	0.959228	682.2
0.005403	0.070649	0.923948	0.959273	682.3
0.005392	0.070582	0.924026	0.959317	682.4
0.005382	0.070515	0.924104	0.959361	682.5
0.005371	0.070448	0.924181	0.959405	682.6
0.005360	0.070381	0.924259	0.959449	682.7
0.005350	0.070314	0.924336	0.959493	682.8
0.005339	0.070248	0.924413	0.959537	682.9
0.005329	0.070181	0.924490	0.959581	683.0
0.005318	0.070115	0.924567	0.959625	683.1
0.005308	0.070048	0.924644	0.959668	683.2
0.005297	0.069982	0.924721	0.959712	683.3
0.005287	0.069916	0.924798	0.959756	683.4
0.005276	0.069849	0.924874	0.959799	683.5
0.005266	0.069783	0.924951	0.959843	683.6
0.005255	0.069717	0.925027	0.959886	683.7
0.005245	0.069651	0.925104	0.959929	683.8
0.005235	0.069585	0.925180	0.959973	683.9
0.005224	0.069520	0.925256	0.960016	684.0
0.005214	0.069454	0.925332	0.960059	684.1
0.005204	0.069388	0.925408	0.960102	684.2
0.005193	0.069323	0.925484	0.960145	684.3
0.005183	0.069257	0.925560	0.960188	684.4
0.005173	0.069192	0.925635	0.960231	684.5
0.005163	0.069126	0.925711	0.960274	684.6
0.005153	0.069061	0.925786	0.960317	684.7
0.005143	0.068996	0.925862	0.960360	684.8
0.005132	0.068931	0.925937	0.960402	684.9
0.005122	0.068866	0.926012	0.960445	685.0
0.005112	0.068801	0.926087	0.960487	685.1
0.005102	0.068736	0.926162	0.960530	685.2
0.005092	0.068671	0.926237	0.960572	685.3
0.005082	0.068606	0.926312	0.960615	685.4
0.005072	0.068541	0.926386	0.960657	685.5
0.005062	0.068477	0.926461	0.960699	685.6
0.005052	0.068412	0.926535	0.960742	685.7
0.005042	0.068348	0.926610	0.960784	685.8
0.005032	0.068283	0.926684	0.960826	685.9
0.005023	0.068219	0.926758	0.960868	686.0
0.005013	0.068155	0.926832	0.960910	686.1
0.005003	0.068091	0.926906	0.960952	686.2
0.004993	0.068027	0.926980	0.960994	686.3
0.004983	0.067963	0.927054	0.961036	686.4
0.004973	0.067899	0.927128	0.961077	686.5
0.004964	0.067835	0.927202	0.961119	686.6
0.004954	0.067771	0.927275	0.961161	686.7
0.004944	0.067707	0.927349	0.961202	686.8
0.004935	0.067643	0.927422	0.961244	686.9
0.004925	0.067580	0.927495	0.961285	687.0
0.004915	0.067516	0.927568	0.961327	687.1
0.004906	0.067453	0.927641	0.961368	687.2
0.004896	0.067390	0.927714	0.961409	687.3
0.004886	0.067326	0.927787	0.961450	687.4
0.004877	0.067263	0.927860	0.961492	687.5
0.004867	0.067200	0.927933	0.961533	687.6
0.004858	0.067137	0.928005	0.961574	687.7
0.004848	0.067074	0.928078	0.961615	687.8
0.004839	0.067011	0.928150	0.961656	687.9
0.004829	0.066948	0.928223	0.961697	688.0
0.004820	0.066885	0.928295	0.961737	688.1
0.004811	0.066822	0.928367	0.961778	688.2
0.004801	0.066760	0.928439	0.961819	688.3
0.004792	0.066697	0.928511	0.961860	688.4
0.004783	0.066635	0.928583	0.961900	688.5
0.004773	0.066572	0.928655	0.961941	688.6
0.004764	0.066510	0.928726	0.961981	688.7
0.004755	0.066448	0.928798	0.962022	688.8
0.004745	0.066385	0.928869	0.962062	688.9
0.004736	0.066323	0.928941	0.962102	689.0
0.004727	0.066261	0.929012	0.962143	689.1
0.004718	0.066199	0.929083	0.962183	689.2
0.004708	0.066137	0.929154	0.962223	689.3
0.004699	0.066075	0.929225	0.962263	689.4
0.004690	0.066013	0.929296	0.962303	689.5
0.004681	0.065952	0.929367	0.962343	689.6
0.004672	0.065890	0.929438	0.962383	689.7
0.004663	0.065828	0.929509	0.962423	689.8
0.004654	0.065767	0.929579	0.962463	689.9
0.004645	0.065705	0.929650	0.962503	690.0
0.004636	0.065644	0.929720	0.962542	690.1
0.004627	0.065583	0.929791	0.962582	690.2
0.004618	0.065522	0.929861	0.962622	690.3
0.004609	0.065460	0.929931	0.962661	690.4
0.004600	0.065399	0.930001	0.962701	690.5
0.004591	0.065338	0.930071	0.962740	690.6
0.004582	0.065277	0.930141	0.962779	690.7
0.004573	0.065216	0.930211	0.962819	690.8
0.004564	0.065156	0.930280	0.962858	690.9
0.004555	0.065095	0.930350	0.962897	691.0
0.004547	0.065034	0.930419	0.962936	691.1
0.004538	0.064973	0.930489	0.962976	691.2
0.004529	0.064913	0.930558	0.963015	691.3
0.004520	0.064852	0.930627	0.963054	691.4
0.004511	0.064792	0.930697	0.963093	691.5
0.004503	0.064732	0.930766	0.963131	691.6
0.004494	0.064671	0.930835	0.963170	691.7
0.004485	0.064611	0.930904	0.963209	691.8
0.004477	0.064551	0.930972	0.963248	691.9
0.004468	0.064491	0.931041	0.963287	692.0
0.004459	0.064431	0.931110	0.963325	692.1
0.004451	0.064371	0.931178	0.963364	692.2
0.004442	0.064311	0.931247	0.963402	692.3
0.004433	0.064251	0.931315	0.963441	692.4
0.004425	0.064192	0.931383	0.963479	692.5
0.004416	0.064132	0.931452	0.963518	692.6
0.004408	0.064072	0.931520	0.963556	692.7
0.004399	0.064013	0.931588	0.963594	692.8
0.004391	0.063953	0.931656	0.963632	692.9
0.004382	0.063894	0.931724	0.963671	693.0
0.004374	0.063835	0.931791	0.963709	693.1
0.004365	0.063775	0.931859	0.963747	693.2
0.004357	0.063716	0.931927	0.963785	693.3
0.004349	0.063657	0.931994	0.963823	693.4
0.004340	0.063598	0.932062	0.963861	693.5
0.004332	0.063539	0.932129	0.963899	693.6
0.004324	0.063480	0.932196	0.963936	693.7
0.004315	0.063421	0.932263	0.963974	693.8
0.004307	0.063363	0.932331	0.964012	693.9
0.004299	0.063304	0.932398	0.964049	694.0
0.004290	0.063245	0.932464	0.964087	694.1
0.004282	0.063187	0.932531	0.964125	694.2
0.004274	0.063128	0.932598	0.964162	694.3
0.004266	0.063070	0.932665	0.964200	694.4
0.004257	0.063011	0.932731	0.964237	694.5
0.004249	0.062953	0.932798	0.964274	694.6
0.004241	0.062895	0.932864	0.964312	694.7
0.004233	0.062836	0.932931	0.964349	694.8
0.004225	0.062778	0.932997	0.964386	694.9
0.004217	0.062720	0.933063	0.964423	695.0
0.004209	0.062662	0.933129	0.964460	695.1
0.004201	0.062604	0.933195	0.964497	695.2
0.004193	0.062546	0.933261	0.964534	695.3
0.004185	0.062489	0.933327	0.964571	695.4
0.004176	0.062431	0.933393	0.964608	695.5
0.004168	0.062373	0.933458	0.964645	695.6
0.004160	0.062316	0.933524	0.964682	695.7
0.004153	0.062258	0.933589	0.964718	695.8
0.004145	0.062201	0.933655	0.964755	695.9
0.004137	0.062143	0.933720	0.964792	696.0
0.004129	0.062086	0.933785	0.964828	696.1
0.004121	0.062029	0.933851	0.964865	696.2
0.004113	0.061971	0.933916	0.964901	696.3
0.004105	0.061914	0.933981	0.964938	696.4
0.004097	0.061857	0.934046	0.964974	696.5
0.004089	0.061800	0.934110	0.965011	696.6
0.004082	0.061743	0.934175	0.965047	696.7
0.004074	0.061686	0.934240	0.965083	696.8
0.004066	0.061629	0.934305	0.965119	696.9
0.004058	0.061573	0.934369	0.965155	697.0
0.004050	0.061516	0.934434	0.965192	697.1
0.004043	0.061459	0.934498	0.965228	697.2
0.004035	0.061403	0.934562	0.965264	697.3
0.004027	0.061346	0.934626	0.965300	697.4
0.004020	0.061290	0.934690	0.965335	697.5
0.004012	0.061234	0.934755	0.965371	697.6
0.004004	0.061177	0.934819	0.965407	697.7
0.003997	0.061121	0.934882	0.965443	697.8
0.003989	0.061065	0.934946	0.965479	697.9
0.003981	0.061009	0.935010	0.965514	698.0
0.003974	0.060953	0.935074	0.965550	698.1
0.003966	0.060897	0.935137	0.965585	698.2
0.003959	0.060841	0.935201	0.965621	698.3
0.003951	0.060785	0.935264	0.965656	698.4
0.003944	0.060729	0.935327	0.965692	698.5
0.003936	0.060673	0.935391	0.965727	698.6
0.003929	0.060618	0.935454	0.965763	698.7
0.003921	0.060562	0.935517	0.965798	698.8
0.003914	0.060506	0.935580	0.965833	698.9
0.003906	0.060451	0.935643	0.965868	699.0
0.003899	0.060395	0.935706	0.965903	699.1
0.003892	0.060340	0.935768	0.965938	699.2
0.003884	0.060285	0.935831	0.965973	699.3
0.003877	0.060230	0.935894	0.966008	699.4
0.003869	0.060174	0.935956	0.966043	699.5
0.003862	0.060119	0.936019	0.966078	699.6
0.003855	0.060064	0.936081	0.966113	699.7
0.003847	0.060009	0.936143	0.966148	699.8
0.003840	0.059954	0.936206	0.966183	699.9
0.003833	0.059899	0.936268	0.966217	700.0
0.003826	0.059845	0.936330	0.966252	700.1
0.003818	0.059790	0.936392	0.966287	700.2
0.003811	0.059735	0.936454	0.966321	700.3
0.003804	0.059681	0.936516	0.966356	700.4
0.003797	0.059626	0.936577	0.966390	700.5
0.003789	0.059571	0.936639	0.966425	700.6
0.003782	0.059517	0.936701	0.966459	700.7
0.003775	0.059463	0.936762	0.966494	700.8
0.003768	0.059408	0.936824	0.966528	700.9
0.003761	0.059354	0.936885	0.966562	701.0
0.003754	0.059300	0.936946	0.966596	701.1
0.003747	0.059246	0.937008	0.966630	701.2
0.003740	0.059192	0.937069	0.966665	701.3
0.003733	0.059138	0.937130	0.966699	701.4
0.003725	0.059084	0.937191	0.966733	701.5
0.003718	0.059030	0.937252	0.966767	701.6
0.003711	0.058976	0.937313	0.966801	701.7
0.003704	0.058922	0.937373	0.966834	701.8
0.003697	0.058868	0.937434	0.966868	701.9
0.003690	0.058815	0.937495	0.966902	702.0
0.003683	0.058761	0.937555	0.966936	702.1
0.003677	0.058708	0.937616	0.966970	702.2
0.003670	0.058654	0.937676	0.967003	702.3
0.003663	0.058601	0.937736	0.967037	702.4
0.003656	0.058548	0.937797	0.967070	702.5
0.003649	0.058494	0.937857	0.967104	702.6
0.003642	0.058441	0.937917	0.967137	702.7
0.003635	0.058388	0.937977	0.967171	702.8
0.003628	0.058335	0.938037	0.967204	702.9
0.003622	0.058282	0.938097	0.967238	703.0
0.003615	0.058229	0.938157	0.967271	703.1
0.003608	0.058176	0.938216	0.967304	703.2
0.003601	0.058123	0.938276	0.967337	703.3
0.003594	0.058070	0.938336	0.967371	703.4
0.003588	0.058017	0.938395	0.967404	703.5
0.003581	0.057965	0.938455	0.967437	703.6
0.003574	0.057912	0.938514	0.967470	703.7
0.003567	0.057859	0.938573	0.967503	703.8
0.003561	0.057807	0.938632	0.967536	703.9
0.003554	0.057754	0.938692	0.967569	704.0
0.003547	0.057702	0.938751	0.967602	704.1
0.003541	0.057650	0.938810	0.967634	704.2
0.003534	0.057597	0.938869	0.967667	704.3
0.003527	0.057545	0.938927	0.967700	704.4
0.003521	0.057493	0.938986	0.967733	704.5
0.003514	0.057441	0.939045	0.967765	704.6
0.003508	0.057389	0.939103	0.967798	704.7
0.003501	0.057337	0.939162	0.967830	704.8
0.003495	0.057285	0.939221	0.967863	704.9
0.003488	0.057233	0.939279	0.967895	705.0
0.003481	0.057181	0.939337	0.967928	705.1
0.003475	0.057129	0.939396	0.967960	705.2
0.003468	0.057078	0.939454	0.967993	705.3
0.003462	0.057026	0.939512	0.968025	705.4
0.003455	0.056975	0.939570	0.968057	705.5
0.003449	0.056923	0.939628	0.968089	705.6
0.003443	0.056872	0.939686	0.968122	705.7
0.003436	0.056820	0.939744	0.968154	705.8
0.003430	0.056769	0.939801	0.968186	705.9
0.003423	0.056718	0.939859	0.968218	706.0
0.003417	0.056666	0.939917	0.968250	706.1
0.003411	0.056615	0.939974	0.968282	706.2
0.003404	0.056564	0.940032	0.968314	706.3
0.003398	0.056513	0.940089	0.968346	706.4
0.003391	0.056462	0.940147	0.968378	706.5
0.003385	0.056411	0.940204	0.968409	706.6
0.003379	0.056360	0.940261	0.968441	706.7
0.003373	0.056309	0.940318	0.968473	706.8
0.003366	0.056258	0.940375	0.968505	706.9
0.003360	0.056208	0.940432	0.968536	707.0
0.003354	0.056157	0.940489	0.968568	707.1
0.003347	0.056106	0.940546	0.968599	707.2
0.003341	0.056056	0.940603	0.968631	707.3
0.003335	0.056005	0.940660	0.968662	707.4
0.003329	0.055955	0.940716	0.968694	707.5
0.003323	0.055905	0.940773	0.968725	707.6
0.003316	0.055854	0.940829	0.968756	707.7
0.003310	0.055804	0.940886	0.968788	707.8
0.003304	0.055754	0.940942	0.968819	707.9
0.003298	0.055704	0.940998	0.968850	708.0
0.003292	0.055653	0.941055	0.968881	708.1
0.003286	0.055603	0.941111	0.968913	708.2
0.003280	0.055553	0.941167	0.968944	708.3
0.003274	0.055503	0.941223	0.968975	708.4
0.003267	0.055454	0.941279	0.969006	708.5
0.003261	0.055404	0.941335	0.969037	708.6
0.003255	0.055354	0.941391	0.969068	708.7
0.003249	0.055304	0.941446	0.969099	708.8
0.003243	0.055255	0.941502	0.969129	708.9
0.003237	0.055205	0.941558	0.969160	709.0
0.003231	0.055155	0.941613	0.969191	709.1
0.003225	0.055106	0.941669	0.969222	709.2
0.003219	0.055057	0.941724	0.969252	709.3
0.003213	0.055007	0.941779	0.969283	709.4
0.003207	0.054958	0.941835	0.969314	709.5
0.003201	0.054909	0.941890	0.969344	709.6
0.003196	0.054859	0.941945	0.969375	709.7
0.003190	0.054810	0.942000	0.969405	709.8
0.003184	0.054761	0.942055	0.969436	709.9
0.003178	0.054712	0.942110	0.969466	710.0
0.003172	0.054663	0.942165	0.969497	710.1
0.003166	0.054614	0.942220	0.969527	710.2
0.003160	0.054565	0.942275	0.969557	710.3
0.003154	0.054516	0.942329	0.969587	710.4
0.003149	0.054468	0.942384	0.969618	710.5
0.003143	0.054419	0.942438	0.969648	710.6
0.003137	0.054370	0.942493	0.969678	710.7
0.003131	0.054321	0.942547	0.969708	710.8
0.003125	0.054273	0.942602	0.969738	710.9
0.003120	0.054224	0.942656	0.969768	711.0
0.003114	0.054176	0.942710	0.969798	711.1
0.003108	0.054128	0.942764	0.969828	711.2
0.003102	0.054079	0.942818	0.969858	711.3
0.003097	0.054031	0.942872	0.969888	711.4
0.003091	0.053983	0.942926	0.969918	711.5
0.003085	0.053934	0.942980	0.969947	711.6
0.003080	0.053886	0.943034	0.969977	711.7
0.003074	0.053838	0.943088	0.970007	711.8
0.003068	0.053790	0.943141	0.970037	711.9
0.003063	0.053742	0.943195	0.970066	712.0
0.003057	0.053694	0.943249	0.970096	712.1
0.003051	0.053646	0.943302	0.970125	712.2
0.003046	0.053599	0.943356	0.970155	712.3
0.003040	0.053551	0.943409	0.970184	712.4
0.003035	0.053503	0.943462	0.970214	712.5
0.003029	0.053455	0.943515	0.970243	712.6
0.003024	0.053408	0.943569	0.970273	712.7
0.003018	0.053360	0.943622	0.970302	712.8
0.003012	0.053313	0.943675	0.970331	712.9
0.003007	0.053265	0.943728	0.970360	713.0
0.003001	0.053218	0.943781	0.970390	713.1
0.002996	0.053171	0.943833	0.970419	713.2
0.002990	0.053123	0.943886	0.970448	713.3
0.002985	0.053076	0.943939	0.970477	713.4
0.002979	0.053029	0.943992	0.970506	713.5
0.002974	0.052982	0.944044	0.970535	713.6
0.002969	0.052935	0.944097	0.970564	713.7
0.002963	0.052888	0.944149	0.970593	713.8
0.002958	0.052841	0.944202	0.970622	713.9
0.002952	0.052794	0.944254	0.970651	714.0
0.002947	0.052747	0.944306	0.970680	714.1
0.002941	0.052700	0.944358	0.970709	714.2
0.002936	0.052653	0.944411	0.970737	714.3
0.002931	0.052607	0.944463	0.970766	714.4
0.002925	0.052560	0.944515	0.970795	714.5
0.002920	0.052513	0.944567	0.970823	714.6
0.002915	0.052467	0.944619	0.970852	714.7
0.002909	0.052420	0.944670	0.970881	714.8
0.002904	0.052374	0.944722	0.970909	714.9
0.002899	0.052327	0.944774	0.970938	715.0
0.002893	0.052281	0.944826	0.970966	715.1
0.002888	0.052235	0.944877	0.970995	715.2
0.002883	0.052188	0.944929	0.971023	715.3
0.002878	0.052142	0.944980	0.971051	715.4
0.002872	0.052096	0.945032	0.971080	715.5
0.002867	0.052050	0.945083	0.971108	715.6
0.002862	0.052004	0.945134	0.971136	715.7
0.002857	0.051958	0.945185	0.971164	715.8
0.002851	0.051912	0.945237	0.971193	715.9
0.002846	0.051866	0.945288	0.971221	716.0
0.002841	0.051820	0.945339	0.971249	716.1
0.002836	0.051774	0.945390	0.971277	716.2
0.002831	0.051729	0.945441	0.971305	716.3
0.002826	0.051683	0.945491	0.971333	716.4
0.002820	0.051637	0.945542	0.971361	716.5
0.002815	0.051592	0.945593	0.971389	716.6
0.002810	0.051546	0.945644	0.971417	716.7
0.002805	0.051501	0.945694	0.971445	716.8
0.002800	0.051455	0.945745	0.971472	716.9
0.002795	0.051410	0.945795	0.971500	717.0
0.002790	0.051365	0.945846	0.971528	717.1
0.002785	0.051319	0.945896	0.971556	717.2
0.002780	0.051274	0.945946	0.971583	717.3
0.002775	0.051229	0.945997	0.971611	717.4
0.002770	0.051184	0.946047	0.971639	717.5
0.002765	0.051139	0.946097	0.971666	717.6
0.002760	0.051094	0.946147	0.971694	717.7
0.002755	0.051049	0.946197	0.971721	717.8
0.002750	0.051004	0.946247	0.971749	717.9
0.002745	0.050959	0.946297	0.971776	718.0
0.002740	0.050914	0.946347	0.971803	718.1
0.002735	0.050869	0.946396	0.971831	718.2
0.002730	0.050824	0.946446	0.971858	718.3
0.002725	0.050780	0.946496	0.971885	718.4
0.002720	0.050735	0.946545	0.971913	718.5
0.002715	0.050690	0.946595	0.971940	718.6
0.002710	0.050646	0.946644	0.971967	718.7
0.002705	0.050601	0.946694	0.971994	718.8
0.002700	0.050557	0.946743	0.972021	718.9
0.002695	0.050512	0.946792	0.972048	719.0
0.002690	0.050468	0.946841	0.972076	719.1
0.002686	0.050424	0.946891	0.972103	719.2
0.002681	0.050379	0.946940	0.972130	719.3
0.002676	0.050335	0.946989	0.972156	719.4
0.002671	0.050291	0.947038	0.972183	719.5
0.002666	0.050247	0.947087	0.972210	719.6
0.002661	0.050203	0.947136	0.972237	719.7
0.002657	0.050159	0.947184	0.972264	719.8
0.002652	0.050115	0.947233	0.972291	719.9
0.002647	0.050071	0.947282	0.972317	720.0
0.002642	0.050027	0.947331	0.972344	720.1
0.002638	0.049983	0.947379	0.972371	720.2
0.002633	0.049940	0.947428	0.972397	720.3
0.002628	0.049896	0.947476	0.972424	720.4
0.002623	0.049852	0.947525	0.972451	720.5
0.002619	0.049808	0.947573	0.972477	720.6
0.002614	0.049765	0.947621	0.972504	720.7
0.002609	0.049721	0.947669	0.972530	720.8
0.002604	0.049678	0.947718	0.972557	720.9
0.002600	0.049634	0.947766	0.972583	721.0
0.002595	0.049591	0.947814	0.972609	721.1
0.002590	0.049548	0.947862	0.972636	721.2
0.002586	0.049504	0.947910	0.972662	721.3
0.002581	0.049461	0.947958	0.972688	721.4
0.002577	0.049418	0.948006	0.972715	721.5
0.002572	0.049375	0.948053	0.972741	721.6
0.002567	0.049332	0.948101	0.972767	721.7
0.002563	0.049289	0.948149	0.972793	721.8
0.002558	0.049246	0.948196	0.972819	721.9
0.002553	0.049203	0.948244	0.972845	722.0
0.002549	0.049160	0.948291	0.972871	722.1
0.002544	0.049117	0.948339	0.972897	722.2
0.002540	0.049074	0.948386	0.972923	722.3
0.002535	0.049031	0.948434	0.972949	722.4
0.002531	0.048988	0.948481	0.972975	722.5
0.002526	0.048946	0.948528	0.973001	722.6
0.002522	0.048903	0.948575	0.973027	722.7
0.002517	0.048861	0.948622	0.973053	722.8
0.002513	0.048818	0.948669	0.973078	722.9
0.002508	0.048776	0.948716	0.973104	723.0
0.002504	0.048733	0.948763	0.973130	723.1
0.002499	0.048691	0.948810	0.973156	723.2
0.002495	0.048648	0.948857	0.973181	723.3
0.002490	0.048606	0.948904	0.973207	723.4
0.002486	0.048564	0.948951	0.973232	723.5
0.002481	0.048521	0.948997	0.973258	723.6
0.002477	0.048479	0.949044	0.973283	723.7
0.002472	0.048437	0.949090	0.973309	723.8
0.002468	0.048395	0.949137	0.973334	723.9
0.002464	0.048353	0.949183	0.973360	724.0
0.002459	0.048311	0.949230	0.973385	724.1
0.002455	0.048269	0.949276	0.973411	724.2
0.002450	0.048227	0.949322	0.973436	724.3
0.002446	0.048185	0.949369	0.973461	724.4
0.002442	0.048144	0.949415	0.973487	724.5
0.002437	0.048102	0.949461	0.973512	724.6
0.002433	0.048060	0.949507	0.973537	724.7
0.002429	0.048018	0.949553	0.973562	724.8
0.002424	0.047977	0.949599	0.973587	724.9
0.002420	0.047935	0.949645	0.973612	725.0
0.002416	0.047894	0.949691	0.973637	725.1
0.002411	0.047852	0.949736	0.973663	725.2
0.002407	0.047811	0.949782	0.973688	725.3
0.002403	0.047769	0.949828	0.973713	725.4
0.002399	0.047728	0.949873	0.973737	725.5
0.002394	0.047687	0.949919	0.973762	725.6
0.002390	0.047645	0.949965	0.973787	725.7
0.002386	0.047604	0.950010	0.973812	725.8
0.002382	0.047563	0.950055	0.973837	725.9
0.002377	0.047522	0.950101	0.973862	726.0
0.002373	0.047481	0.950146	0.973887	726.1
0.002369	0.047440	0.950191	0.973911	726.2
0.002365	0.047399	0.950237	0.973936	726.3
0.002360	0.047358	0.950282	0.973961	726.4
0.002356	0.047317	0.950327	0.973985	726.5
0.002352	0.047276	0.950372	0.974010	726.6
0.002348	0.047235	0.950417	0.974034	726.7
0.002344	0.047194	0.950462	0.974059	726.8
0.002340	0.047154	0.950507	0.974084	726.9
0.002335	0.047113	0.950552	0.974108	727.0
0.002331	0.047072	0.950596	0.974133	727.1
0.002327	0.047032	0.950641	0.974157	727.2
0.002323	0.046991	0.950686	0.974181	727.3
0.002319	0.046951	0.950730	0.974206	727.4
0.002315	0.046910	0.950775	0.974230	727.5
0.002311	0.046870	0.950819	0.974254	727.6
0.002307	0.046829	0.950864	0.974279	727.7
0.002303	0.046789	0.950908	0.974303	727.8
0.002299	0.046749	0.950953	0.974327	727.9
0.002294	0.046708	0.950997	0.974351	728.0
0.002290	0.046668	0.951041	0.974375	728.1
0.002286	0.046628	0.951085	0.974400	728.2
0.002282	0.046588	0.951130	0.974424	728.3
0.002278	0.046548	0.951174	0.974448	728.4
0.002274	0.046508	0.951218	0.974472	728.5
0.002270	0.046468	0.951262	0.974496	728.6
0.002266	0.046428	0.951306	0.974520	728.7
0.002262	0.046388	0.951350	0.974544	728.8
0.002258	0.046348	0.951394	0.974568	728.9
0.002254	0.046308	0.951437	0.974592	729.0
0.002250	0.046269	0.951481	0.974615	729.1
0.002246	0.046229	0.951525	0.974639	729.2
0.002242	0.046189	0.951568	0.974663	729.3
0.002238	0.046150	0.951612	0.974687	729.4
0.002235	0.046110	0.951656	0.974711	729.5
0.002231	0.046070	0.951699	0.974734	729.6
0.002227	0.046031	0.951742	0.974758	729.7
0.002223	0.045991	0.951786	0.974782	729.8
0.002219	0.045952	0.951829	0.974805	729.9
0.002215	0.045913	0.951872	0.974829	730.0
0.002211	0.045873	0.951916	0.974852	730.1
0.002207	0.045834	0.951959	0.974876	730.2
0.002203	0.045795	0.952002	0.974899	730.3
0.002199	0.045756	0.952045	0.974923	730.4
0.002196	0.045716	0.952088	0.974946	730.5
0.002192	0.045677	0.952131	0.974970	730.6
0.002188	0.045638	0.952174	0.974993	730.7
0.002184	0.045599	0.952217	0.975016	730.8
0.002180	0.045560	0.952260	0.975040	730.9
0.002176	0.045521	0.952303	0.975063	731.0
0.002172	0.045482	0.952345	0.975086	731.1
0.002169	0.045443	0.952388	0.975110	731.2
0.002165	0.045404	0.952431	0.975133	731.3
0.002161	0.045366	0.952473	0.975156	731.4
0.002157	0.045327	0.952516	0.975179	731.5
0.002154	0.045288	0.952558	0.975202	731.6
0.002150	0.045250	0.952601	0.975225	731.7
0.002146	0.045211	0.952643	0.975249	731.8
0.002142	0.045172	0.952685	0.975272	731.9
0.002138	0.045134	0.952728	0.975295	732.0
0.002135	0.045095	0.952770	0.975318	732.1
0.002131	0.045057	0.952812	0.975341	732.2
0.002127	0.045018	0.952854	0.975364	732.3
0.002124	0.044980	0.952896	0.975386	732.4
0.002120	0.044942	0.952938	0.975409	732.5
0.002116	0.044903	0.952980	0.975432	732.6
0.002112	0.044865	0.953022	0.975455	732.7
0.002109	0.044827	0.953064	0.975478	732.8
0.002105	0.044789	0.953106	0.975501	732.9
0.002101	0.044751	0.953148	0.975523	733.0
0.002098	0.044713	0.953190	0.975546	733.1
0.002094	0.044674	0.953231	0.975569	733.2
0.002090	0.044636	0.953273	0.975591	733.3
0.002087	0.044599	0.953315	0.975614	733.4
0.002083	0.044561	0.953356	0.975637	733.5
0.002080	0.044523	0.953398	0.975659	733.6
0.002076	0.044485	0.953439	0.975682	733.7
0.002072	0.044447	0.953481	0.975704	733.8
0.002069	0.044409	0.953522	0.975727	733.9
0.002065	0.044372	0.953563	0.975749	734.0
0.002061	0.044334	0.953605	0.975772	734.1
0.002058	0.044296	0.953646	0.975794	734.2
0.002054	0.044259	0.953687	0.975816	734.3
0.002051	0.044221	0.953728	0.975839	734.4
0.002047	0.044184	0.953769	0.975861	734.5
0.002044	0.044146	0.953810	0.975883	734.6
0.002040	0.044109	0.953851	0.975906	734.7
0.002036	0.044071	0.953892	0.975928	734.8
0.002033	0.044034	0.953933	0.975950	734.9
0.002029	0.043997	0.953974	0.975972	735.0
0.002026	0.043959	0.954015	0.975994	735.1
0.002022	0.043922	0.954056	0.976017	735.2
0.002019	0.043885	0.954096	0.976039	735.3
0.002015	0.043848	0.954137	0.976061	735.4
0.002012	0.043811	0.954178	0.976083	735.5
0.002008	0.043773	0.954218	0.976105	735.6
0.002005	0.043736	0.954259	0.976127	735.7
0.002001	0.043699	0.954299	0.976149	735.8
0.001998	0.043662	0.954340	0.976171	735.9
0.001994	0.043626	0.954380	0.976193	736.0
0.001991	0.043589	0.954420	0.976215	736.1
0.001988	0.043552	0.954461	0.976237	736.2
0.001984	0.043515	0.954501	0.976258	736.3
0.001981	0.043478	0.954541	0.976280	736.4
0.001977	0.043442	0.954581	0.976302	736.5
0.001974	0.043405	0.954621	0.976324	736.6
0.001970	0.043368	0.954661	0.976345	736.7
0.001967	0.043332	0.954701	0.976367	736.8
0.001964	0.043295	0.954741	0.976389	736.9
0.001960	0.043258	0.954781	0.976411	737.0
0.001957	0.043222	0.954821	0.976432	737.1
0.001953	0.043186	0.954861	0.976454	737.2
0.001950	0.043149	0.954901	0.976475	737.3
0.001947	0.043113	0.954940	0.976497	737.4
0.001943	0.043076	0.954980	0.976518	737.5
0.001940	0.043040	0.955020	0.976540	737.6
0.001937	0.043004	0.955059	0.976561	737.7
0.001933	0.042968	0.955099	0.976583	737.8
0.001930	0.042931	0.955139	0.976604	737.9
0.001927	0.042895	0.955178	0.976626	738.0
0.001923	0.042859	0.955217	0.976647	738.1
0.001920	0.042823	0.955257	0.976668	738.2
0.001917	0.042787	0.955296	0.976690	738.3
0.001913	0.042751	0.955335	0.976711	738.4
0.001910	0.042715	0.955375	0.976732	738.5
0.001907	0.042679	0.955414	0.976753	738.6
0.001904	0.042643	0.955453	0.976775	738.7
0.001900	0.042608	0.955492	0.976796	738.8
0.001897	0.042572	0.955531	0.976817	738.9
0.001894	0.042536	0.955570	0.976838	739.0
0.001890	0.042500	0.955609	0.976859	739.1
0.001887	0.042465	0.955648	0.976880	739.2
0.001884	0.042429	0.955687	0.976901	739.3
0.001881	0.042393	0.955726	0.976923	739.4
0.001878	0.042358	0.955765	0.976944	739.5
0.001874	0.042322	0.955803	0.976965	739.6
0.001871	0.042287	0.955842	0.976985	739.7
0.001868	0.042251	0.955881	0.977006	739.8
0.001865	0.042216	0.955919	0.977027	739.9
0.001861	0.042181	0.955958	0.977048	740.0
0.001858	0.042145	0.955996	0.977069	740.1
0.001855	0.042110	0.956035	0.977090	740.2
0.001852	0.042075	0.956073	0.977111	740.3
0.001849	0.042039	0.956112	0.977132	740.4
0.001846	0.042004	0.956150	0.977152	740.5
0.001842	0.041969	0.956188	0.977173	740.6
0.001839	0.041934	0.956227	0.977194	740.7
0.001836	0.041899	0.956265	0.977214	740.8
0.001833	0.041864	0.956303	0.977235	740.9
0.001830	0.041829	0.956341	0.977256	741.0
0.001827	0.041794	0.956379	0.977276	741.1
0.001824	0.041759	0.956417	0.977297	741.2
0.001820	0.041724	0.956455	0.977317	741.3
0.001817	0.041689	0.956493	0.977338	741.4
0.001814	0.041654	0.956531	0.977359	741.5
0.001811	0.041620	0.956569	0.977379	741.6
0.001808	0.041585	0.956607	0.977400	741.7
0.001805	0.041550	0.956645	0.977420	741.8
0.001802	0.041516	0.956683	0.977440	741.9
0.001799	0.041481	0.956720	0.977461	742.0
0.001796	0.041446	0.956758	0.977481	742.1
0.001793	0.041412	0.956796	0.977501	742.2
0.001790	0.041377	0.956833	0.977522	742.3
0.001787	0.041343	0.956871	0.977542	742.4
0.001784	0.041308	0.956908	0.977562	742.5
0.001780	0.041274	0.956946	0.977583	742.6
0.001777	0.041239	0.956983	0.977603	742.7
0.001774	0.041205	0.957020	0.977623	742.8
0.001771	0.041171	0.957058	0.977643	742.9
0.001768	0.041137	0.957095	0.977663	743.0
0.001765	0.041102	0.957132	0.977683	743.1
0.001762	0.041068	0.957169	0.977704	743.2
0.001759	0.041034	0.957207	0.977724	743.3
0.001756	0.041000	0.957244	0.977744	743.4
0.001753	0.040966	0.957281	0.977764	743.5
0.001750	0.040932	0.957318	0.977784	743.6
0.001747	0.040898	0.957355	0.977804	743.7
0.001744	0.040864	0.957392	0.977824	743.8
0.001741	0.040830	0.957429	0.977844	743.9
0.001739	0.040796	0.957466	0.977864	744.0
0.001736	0.040762	0.957502	0.977883	744.1
0.001733	0.040728	0.957539	0.977903	744.2
0.001730	0.040694	0.957576	0.977923	744.3
0.001727	0.040661	0.957613	0.977943	744.4
0.001724	0.040627	0.957649	0.977963	744.5
0.001721	0.040593	0.957686	0.977983	744.6
0.001718	0.040560	0.957722	0.978002	744.7
0.001715	0.040526	0.957759	0.978022	744.8
0.001712	0.040492	0.957796	0.978042	744.9
0.001709	0.040459	0.957832	0.978061	745.0
0.001706	0.040425	0.957868	0.978081	745.1
0.001703	0.040392	0.957905	0.978101	745.2
0.001701	0.040358	0.957941	0.978120	745.3
0.001698	0.040325	0.957977	0.978140	745.4
0.001695	0.040292	0.958014	0.978159	745.5
0.001692	0.040258	0.958050	0.978179	745.6
0.001689	0.040225	0.958086	0.978198	745.7
0.001686	0.040192	0.958122	0.978218	745.8
0.001683	0.040158	0.958158	0.978237	745.9
0.001681	0.040125	0.958194	0.978257	746.0
0.001678	0.040092	0.958230	0.978276	746.1
0.001675	0.040059	0.958266	0.978296	746.2
0.001672	0.040026	0.958302	0.978315	746.3
0.001669	0.039993	0.958338	0.978334	746.4
0.001666	0.039960	0.958374	0.978354	746.5
0.001664	0.039927	0.958410	0.978373	746.6
0.001661	0.039894	0.958445	0.978392	746.7
0.001658	0.039861	0.958481	0.978412	746.8
0.001655	0.039828	0.958517	0.978431	746.9
0.001652	0.039795	0.958552	0.978450	747.0
0.001650	0.039762	0.958588	0.978469	747.1
0.001647	0.039730	0.958624	0.978488	747.2
0.001644	0.039697	0.958659	0.978508	747.3
0.001641	0.039664	0.958695	0.978527	747.4
0.001639	0.039631	0.958730	0.978546	747.5
0.001636	0.039599	0.958765	0.978565	747.6
0.001633	0.039566	0.958801	0.978584	747.7
0.001630	0.039534	0.958836	0.978603	747.8
0.001628	0.039501	0.958871	0.978622	747.9
0.001625	0.039469	0.958907	0.978641	748.0
0.001622	0.039436	0.958942	0.978660	748.1
0.001619	0.039404	0.958977	0.978679	748.2
0.001617	0.039371	0.959012	0.978698	748.3
0.001614	0.039339	0.959047	0.978717	748.4
0.001611	0.039307	0.959082	0.978736	748.5
0.001608	0.039274	0.959117	0.978754	748.6
0.001606	0.039242	0.959152	0.978773	748.7
0.001603	0.039210	0.959187	0.978792	748.8
0.001600	0.039178	0.959222	0.978811	748.9
0.001598	0.039145	0.959257	0.978830	749.0
0.001595	0.039113	0.959292	0.978848	749.1
0.001592	0.039081	0.959327	0.978867	749.2
0.001590	0.039049	0.959361	0.978886	749.3
0.001587	0.039017	0.959396	0.978904	749.4
0.001584	0.038985	0.959431	0.978923	749.5
0.001582	0.038953	0.959465	0.978942	749.6
0.001579	0.038921	0.959500	0.978960	749.7
0.001576	0.038889	0.959534	0.978979	749.8
0.001574	0.038857	0.959569	0.978998	749.9
0.001571	0.038826	0.959603	0.979016	750.0
0.001569	0.038794	0.959638	0.979035	750.1
0.001566	0.038762	0.959672	0.979053	750.2
0.001563	0.038730	0.959706	0.979072	750.3
0.001561	0.038699	0.959741	0.979090	750.4
0.001558	0.038667	0.959775	0.979109	750.5
0.001555	0.038635	0.959809	0.979127	750.6
0.001553	0.038604	0.959843	0.979145	750.7
0.001550	0.038572	0.959878	0.979164	750.8
0.001548	0.038541	0.959912	0.979182	750.9
0.001545	0.038509	0.959946	0.979200	751.0
0.001542	0.038478	0.959980	0.979219	751.1
0.001540	0.038446	0.960014	0.979237	751.2
0.001537	0.038415	0.960048	0.979255	751.3
0.001535	0.038383	0.960082	0.979274	751.4
0.001532	0.038352	0.960116	0.979292	751.5
0.001530	0.038321	0.960150	0.979310	751.6
0.001527	0.038289	0.960183	0.979328	751.7
0.001525	0.038258	0.960217	0.979346	751.8
0.001522	0.038227	0.960251	0.979364	751.9
0.001520	0.038196	0.960285	0.979383	752.0
0.001517	0.038165	0.960318	0.979401	752.1
0.001514	0.038134	0.960352	0.979419	752.2
0.001512	0.038103	0.960386	0.979437	752.3
0.001509	0.038072	0.960419	0.979455	752.4
0.001507	0.038041	0.960453	0.979473	752.5
0.001504	0.038010	0.960486	0.979491	752.6
0.001502	0.037979	0.960520	0.979509	752.7
0.001499	0.037948	0.960553	0.979527	752.8
0.001497	0.037917	0.960586	0.979545	752.9
0.001494	0.037886	0.960620	0.979563	753.0
0.001492	0.037855	0.960653	0.979580	753.1
0.001489	0.037824	0.960686	0.979598	753.2
0.001487	0.037794	0.960719	0.979616	753.3
0.001485	0.037763	0.960753	0.979634	753.4
0.001482	0.037732	0.960786	0.979652	753.5
0.001480	0.037702	0.960819	0.979670	753.6
0.001477	0.037671	0.960852	0.979687	753.7
0.001475	0.037640	0.960885	0.979705	753.8
0.001472	0.037610	0.960918	0.979723	753.9
0.001470	0.037579	0.960951	0.979741	754.0
0.001467	0.037549	0.960984	0.979758	754.1
0.001465	0.037518	0.961017	0.979776	754.2
0.001463	0.037488	0.961050	0.979794	754.3
0.001460	0.037457	0.961082	0.979811	754.4
0.001458	0.037427	0.961115	0.979829	754.5
0.001455	0.037397	0.961148	0.979846	754.6
0.001453	0.037366	0.961181	0.979864	754.7
0.001450	0.037336	0.961213	0.979881	754.8
0.001448	0.037306	0.961246	0.979899	754.9
0.001446	0.037276	0.961279	0.979916	755.0
0.001443	0.037245	0.961311	0.979934	755.1
0.001441	0.037215	0.961344	0.979951	755.2
0.001439	0.037185	0.961376	0.979969	755.3
0.001436	0.037155	0.961409	0.979986	755.4
0.001434	0.037125	0.961441	0.980004	755.5
0.001431	0.037095	0.961474	0.980021	755.6
0.001429	0.037065	0.961506	0.980038	755.7
0.001427	0.037035	0.961538	0.980056	755.8
0.001424	0.037005	0.961571	0.980073	755.9
0.001422	0.036975	0.961603	0.980090	756.0
0.001420	0.036945	0.961635	0.980108	756.1
0.001417	0.036916	0.961667	0.980125	756.2
0.001415	0.036886	0.961699	0.980142	756.3
0.001413	0.036856	0.961731	0.980159	756.4
0.001410	0.036826	0.961763	0.980177	756.5
0.001408	0.036796	0.961796	0.980194	756.6
0.001406	0.036767	0.961828	0.980211	756.7
0.001403	0.036737	0.961860	0.980228	756.8
0.001401	0.036708	0.961891	0.980245	756.9
0.001399	0.036678	0.961923	0.980262	757.0
0.001396	0.036648	0.961955	0.980279	757.1
0.001394	0.036619	0.961987	0.980296	757.2
0.001392	0.036589	0.962019	0.980313	757.3
0.001390	0.036560	0.962051	0.980331	757.4
0.001387	0.036530	0.962082	0.980348	757.5
0.001385	0.036501	0.962114	0.980364	757.6
0.001383	0.036472	0.962146	0.980381	757.7
0.001380	0.036442	0.962177	0.980398	757.8
0.001378	0.036413	0.962209	0.980415	757.9
0.001376	0.036384	0.962240	0.980432	758.0
0.001374	0.036354	0.962272	0.980449	758.1
0.001371	0.036325	0.962303	0.980466	758.2
0.001369	0.036296	0.962335	0.980483	758.3
0.001367	0.036267	0.962366	0.980500	758.4
0.001365	0.036238	0.962398	0.980516	758.5
0.001362	0.036209	0.962429	0.980533	758.6
0.001360	0.036179	0.962460	0.980550	758.7
0.001358	0.036150	0.962492	0.980567	758.8
0.001356	0.036121	0.962523	0.980584	758.9
0.001354	0.036092	0.962554	0.980600	759.0
0.001351	0.036063	0.962585	0.980617	759.1
0.001349	0.036035	0.962616	0.980634	759.2
0.001347	0.036006	0.962647	0.980650	759.3
0.001345	0.035977	0.962679	0.980667	759.4
0.001343	0.035948	0.962710	0.980684	759.5
0.001340	0.035919	0.962741	0.980700	759.6
0.001338	0.035890	0.962772	0.980717	759.7
0.001336	0.035862	0.962802	0.980733	759.8
0.001334	0.035833	0.962833	0.980750	759.9
0.001332	0.035804	0.962864	0.980766	760.0
0.001329	0.035776	0.962895	0.980783	760.1
0.001327	0.035747	0.962926	0.980799	760.2
0.001325	0.035718	0.962957	0.980816	760.3
0.001323	0.035690	0.962987	0.980832	760.4
0.001321	0.035661	0.963018	0.980849	760.5
0.001319	0.035633	0.963049	0.980865	760.6
0.001316	0.035604	0.963079	0.980881	760.7
0.001314	0.035576	0.963110	0.980898	760.8
0.001312	0.035547	0.963141	0.980914	760.9
0.001310	0.035519	0.963171	0.980931	761.0
0.001308	0.035491	0.963202	0.980947	761.1
0.001306	0.035462	0.963232	0.980963	761.2
0.001304	0.035434	0.963262	0.980979	761.3
0.001302	0.035406	0.963293	0.980996	761.4
0.001299	0.035377	0.963323	0.981012	761.5
0.001297	0.035349	0.963354	0.981028	761.6
0.001295	0.035321	0.963384	0.981044	761.7
0.001293	0.035293	0.963414	0.981061	761.8
0.001291	0.035265	0.963444	0.981077	761.9
0.001289	0.035237	0.963475	0.981093	762.0
0.001287	0.035208	0.963505	0.981109	762.1
0.001285	0.035180	0.963535	0.981125	762.2
0.001283	0.035152	0.963565	0.981141	762.3
0.001281	0.035124	0.963595	0.981157	762.4
0.001278	0.035096	0.963625	0.981173	762.5
0.001276	0.035068	0.963655	0.981189	762.6
0.001274	0.035041	0.963685	0.981205	762.7
0.001272	0.035013	0.963715	0.981221	762.8
0.001270	0.034985	0.963745	0.981237	762.9
0.001268	0.034957	0.963775	0.981253	763.0
0.001266	0.034929	0.963805	0.981269	763.1
0.001264	0.034901	0.963835	0.981285	763.2
0.001262	0.034874	0.963864	0.981301	763.3
0.001260	0.034846	0.963894	0.981317	763.4
0.001258	0.034818	0.963924	0.981333	763.5
0.001256	0.034791	0.963953	0.981349	763.6
0.001254	0.034763	0.963983	0.981365	763.7
0.001252	0.034735	0.964013	0.981380	763.8
0.001250	0.034708	0.964042	0.981396	763.9
0.001248	0.034680	0.964072	0.981412	764.0
0.001246	0.034653	0.964101	0.981428	764.1
0.001244	0.034625	0.964131	0.981444	764.2
0.001242	0.034598	0.964160	0.981459	764.3
0.001240	0.034571	0.964190	0.981475	764.4
0.001238	0.034543	0.964219	0.981491	764.5
0.001236	0.034516	0.964249	0.981506	764.6
0.001234	0.034488	0.964278	0.981522	764.7
0.001232	0.034461	0.964307	0.981538	764.8
0.001230	0.034434	0.964336	0.981553	764.9
0.001228	0.034407	0.964366	0.981569	765.0
0.001226	0.034379	0.964395	0.981585	765.1
0.001224	0.034352	0.964424	0.981600	765.2
0.001222	0.034325	0.964453	0.981616	765.3
0.001220	0.034298	0.964482	0.981631	765.4
0.001218	0.034271	0.964511	0.981647	765.5
0.001216	0.034244	0.964540	0.981662	765.6
0.001214	0.034217	0.964569	0.981678	765.7
0.001212	0.034190	0.964598	0.981693	765.8
0.001210	0.034162	0.964627	0.981709	765.9
0.001208	0.034136	0.964656	0.981724	766.0
0.001206	0.034109	0.964685	0.981740	766.1
0.001204	0.034082	0.964714	0.981755	766.2
0.001202	0.034055	0.964743	0.981770	766.3
0.001200	0.034028	0.964772	0.981786	766.4
0.001198	0.034001	0.964801	0.981801	766.5
0.001197	0.033974	0.964829	0.981816	766.6
0.001195	0.033947	0.964858	0.981832	766.7
0.001193	0.033921	0.964887	0.981847	766.8
0.001191	0.033894	0.964915	0.981862	766.9
0.001189	0.033867	0.964944	0.981878	767.0
0.001187	0.033841	0.964973	0.981893	767.1
0.001185	0.033814	0.965001	0.981908	767.2
0.001183	0.033787	0.965030	0.981923	767.3
0.001181	0.033761	0.965058	0.981938	767.4
0.001179	0.033734	0.965087	0.981954	767.5
0.001177	0.033708	0.965115	0.981969	767.6
0.001176	0.033681	0.965143	0.981984	767.7
0.001174	0.033655	0.965172	0.981999	767.8
0.001172	0.033628	0.965200	0.982014	767.9
0.001170	0.033602	0.965228	0.982029	768.0
0.001168	0.033575	0.965257	0.982044	768.1
0.001166	0.033549	0.965285	0.982059	768.2
0.001164	0.033522	0.965313	0.982074	768.3
0.001162	0.033496	0.965341	0.982089	768.4
0.001161	0.033470	0.965370	0.982104	768.5
0.001159	0.033444	0.965398	0.982119	768.6
0.001157	0.033417	0.965426	0.982134	768.7
0.001155	0.033391	0.965454	0.982149	768.8
0.001153	0.033365	0.965482	0.982164	768.9
0.001151	0.033339	0.965510	0.982179	769.0
0.001150	0.033313	0.965538	0.982194	769.1
0.001148	0.033286	0.965566	0.982209	769.2
0.001146	0.033260	0.965594	0.982224	769.3
0.001144	0.033234	0.965622	0.982239	769.4
0.001142	0.033208	0.965650	0.982254	769.5
0.001140	0.033182	0.965677	0.982268	769.6
0.001139	0.033156	0.965705	0.982283	769.7
0.001137	0.033130	0.965733	0.982298	769.8
0.001135	0.033104	0.965761	0.982313	769.9
0.001133	0.033078	0.965788	0.982328	770.0
0.001131	0.033053	0.965816	0.982342	770.1
0.001130	0.033027	0.965844	0.982357	770.2
0.001128	0.033001	0.965871	0.982372	770.3
0.001126	0.032975	0.965899	0.982387	770.4
0.001124	0.032949	0.965927	0.982401	770.5
0.001122	0.032924	0.965954	0.982416	770.6
0.001121	0.032898	0.965982	0.982431	770.7
0.001119	0.032872	0.966009	0.982445	770.8
0.001117	0.032847	0.966036	0.982460	770.9
0.001115	0.032821	0.966064	0.982474	771.0
0.001113	0.032795	0.966091	0.982489	771.1
0.001112	0.032770	0.966119	0.982503	771.2
0.001110	0.032744	0.966146	0.982518	771.3
0.001108	0.032719	0.966173	0.982533	771.4
0.001106	0.032693	0.966201	0.982547	771.5
0.001105	0.032668	0.966228	0.982562	771.6
0.001103	0.032642	0.966255	0.982576	771.7
0.001101	0.032617	0.966282	0.982591	771.8
0.001099	0.032591	0.966309	0.982605	771.9
0.001098	0.032566	0.966337	0.982619	772.0
0.001096	0.032540	0.966364	0.982634	772.1
0.001094	0.032515	0.966391	0.982648	772.2
0.001092	0.032490	0.966418	0.982663	772.3
0.001091	0.032465	0.966445	0.982677	772.4
0.001089	0.032439	0.966472	0.982691	772.5
0.001087	0.032414	0.966499	0.982706	772.6
0.001086	0.032389	0.966526	0.982720	772.7
0.001084	0.032364	0.966553	0.982734	772.8
0.001082	0.032338	0.966579	0.982749	772.9
0.001080	0.032313	0.966606	0.982763	773.0
0.001079	0.032288	0.966633	0.982777	773.1
0.001077	0.032263	0.966660	0.982791	773.2
0.001075	0.032238	0.966687	0.982806	773.3
0.001074	0.032213	0.966713	0.982820	773.4
0.001072	0.032188	0.966740	0.982834	773.5
0.001070	0.032163	0.966767	0.982848	773.6
0.001069	0.032138	0.966793	0.982862	773.7
0.001067	0.032113	0.966820	0.982877	773.8
0.001065	0.032088	0.966847	0.982891	773.9
0.001063	0.032063	0.966873	0.982905	774.0
0.001062	0.032039	0.966900	0.982919	774.1
0.001060	0.032014	0.966926	0.982933	774.2
0.001058	0.031989	0.966953	0.982947	774.3
0.001057	0.031964	0.966979	0.982961	774.4
0.001055	0.031939	0.967006	0.982975	774.5
0.001053	0.031915	0.967032	0.982989	774.6
0.001052	0.031890	0.967058	0.983003	774.7
0.001050	0.031865	0.967085	0.983017	774.8
0.001048	0.031841	0.967111	0.983031	774.9
0.001047	0.031816	0.967137	0.983045	775.0
0.001045	0.031791	0.967164	0.983059	775.1
0.001044	0.031767	0.967190	0.983073	775.2
0.001042	0.031742	0.967216	0.983087	775.3
0.001040	0.031718	0.967242	0.983101	775.4
0.001039	0.031693	0.967268	0.983115	775.5
0.001037	0.031669	0.967294	0.983129	775.6
0.001035	0.031644	0.967320	0.983143	775.7
0.001034	0.031620	0.967347	0.983156	775.8
0.001032	0.031595	0.967373	0.983170	775.9
0.001030	0.031571	0.967399	0.983184	776.0
0.001029	0.031547	0.967425	0.983198	776.1
0.001027	0.031522	0.967451	0.983212	776.2
0.001026	0.031498	0.967476	0.983225	776.3
0.001024	0.031474	0.967502	0.983239	776.4
0.001022	0.031449	0.967528	0.983253	776.5
0.001021	0.031425	0.967554	0.983267	776.6
0.001019	0.031401	0.967580	0.983280	776.7
0.001018	0.031377	0.967606	0.983294	776.8
0.001016	0.031353	0.967631	0.983308	776.9
0.001014	0.031328	0.967657	0.983321	777.0
0.001013	0.031304	0.967683	0.983335	777.1
0.001011	0.031280	0.967709	0.983349	777.2
0.001010	0.031256	0.967734	0.983362	777.3
0.001008	0.031232	0.967760	0.983376	777.4
0.001007	0.031208	0.967785	0.983389	777.5
0.001005	0.031184	0.967811	0.983403	777.6
0.001003	0.031160	0.967837	0.983417	777.7
0.001002	0.031136	0.967862	0.983430	777.8
0.001000	0.031112	0.967888	0.983444	777.9
0.000999	0.031088	0.967913	0.983457	778.0
0.000997	0.031064	0.967938	0.983471	778.1
0.000996	0.031041	0.967964	0.983484	778.2
0.000994	0.031017	0.967989	0.983498	778.3
0.000992	0.030993	0.968015	0.983511	778.4
0.000991	0.030969	0.968040	0.983525	778.5
0.000989	0.030945	0.968065	0.983538	778.6
0.000988	0.030922	0.968091	0.983551	778.7
0.000986	0.030898	0.968116	0.983565	778.8
0.000985	0.030874	0.968141	0.983578	778.9
0.000983	0.030851	0.968166	0.983592	779.0
0.000982	0.030827	0.968191	0.983605	779.1
0.000980	0.030803	0.968217	0.983618	779.2
0.000979	0.030780	0.968242	0.983632	779.3
0.000977	0.030756	0.968267	0.983645	779.4
0.000976	0.030733	0.968292	0.983658	779.5
0.000974	0.030709	0.968317	0.983671	779.6
0.000973	0.030686	0.968342	0.983685	779.7
0.000971	0.030662	0.968367	0.983698	779.8
0.000970	0.030639	0.968392	0.983711	779.9
0.000968	0.030615	0.968417	0.983724	780.0
0.000967	0.030592	0.968442	0.983738	780.1
0.000965	0.030568	0.968467	0.983751	780.2
0.000963	0.030545	0.968492	0.983764	780.3
0.000962	0.030522	0.968516	0.983777	780.4
0.000961	0.030498	0.968541	0.983790	780.5
0.000959	0.030475	0.968566	0.983803	780.6
0.000958	0.030452	0.968591	0.983817	780.7
0.000956	0.030429	0.968615	0.983830	780.8
0.000955	0.030405	0.968640	0.983843	780.9
0.000953	0.030382	0.968665	0.983856	781.0
0.000952	0.030359	0.968689	0.983869	781.1
0.000950	0.030336	0.968714	0.983882	781.2
0.000949	0.030313	0.968739	0.983895	781.3
0.000947	0.030290	0.968763	0.983908	781.4
0.000946	0.030266	0.968788	0.983921	781.5
0.000944	0.030243	0.968812	0.983934	781.6
0.000943	0.030220	0.968837	0.983947	781.7
0.000941	0.030197	0.968861	0.983960	781.8
0.000940	0.030174	0.968886	0.983973	781.9
0.000938	0.030151	0.968910	0.983986	782.0
0.000937	0.030128	0.968935	0.983999	782.1
0.000936	0.030105	0.968959	0.984012	782.2
0.000934	0.030083	0.968983	0.984025	782.3
0.000933	0.030060	0.969008	0.984038	782.4
0.000931	0.030037	0.969032	0.984050	782.5
0.000930	0.030014	0.969056	0.984063	782.6
0.000928	0.029991	0.969081	0.984076	782.7
0.000927	0.029968	0.969105	0.984089	782.8
0.000925	0.029946	0.969129	0.984102	782.9
0.000924	0.029923	0.969153	0.984115	783.0
0.000923	0.029900	0.969177	0.984127	783.1
0.000921	0.029877	0.969201	0.984140	783.2
0.000920	0.029855	0.969226	0.984153	783.3
0.000918	0.029832	0.969250	0.984166	783.4
0.000917	0.029809	0.969274	0.984178	783.5
0.000915	0.029787	0.969298	0.984191	783.6
0.000914	0.029764	0.969322	0.984204	783.7
0.000913	0.029742	0.969346	0.984216	783.8
0.000911	0.029719	0.969370	0.984229	783.9
0.000910	0.029697	0.969394	0.984242	784.0
0.000908	0.029674	0.969417	0.984254	784.1
0.000907	0.029652	0.969441	0.984267	784.2
0.000906	0.029629	0.969465	0.984280	784.3
0.000904	0.029607	0.969489	0.984292	784.4
0.000903	0.029584	0.969513	0.984305	784.5
0.000902	0.029562	0.969537	0.984318	784.6
0.000900	0.029540	0.969560	0.984330	784.7
0.000899	0.029517	0.969584	0.984343	784.8
0.000897	0.029495	0.969608	0.984355	784.9
0.000896	0.029473	0.969631	0.984368	785.0
0.000895	0.029450	0.969655	0.984380	785.1
0.000893	0.029428	0.969679	0.984393	785.2
0.000892	0.029406	0.969702	0.984405	785.3
0.000890	0.029384	0.969726	0.984418	785.4
0.000889	0.029361	0.969749	0.984430	785.5
0.000888	0.029339	0.969773	0.984443	785.6
0.000886	0.029317	0.969797	0.984455	785.7
0.000885	0.029295	0.969820	0.984467	785.8
0.000884	0.029273	0.969843	0.984480	785.9
0.000882	0.029251	0.969867	0.984492	786.0
0.000881	0.029229	0.969890	0.984505	786.1
0.000880	0.029207	0.969914	0.984517	786.2
0.000878	0.029185	0.969937	0.984529	786.3
0.000877	0.029163	0.969960	0.984542	786.4
0.000876	0.029141	0.969984	0.984554	786.5
0.000874	0.029119	0.970007	0.984566	786.6
0.000873	0.029097	0.970030	0.984579	786.7
0.000872	0.029075	0.970054	0.984591	786.8
0.000870	0.029053	0.970077	0.984603	786.9
0.000869	0.029031	0.970100	0.984616	787.0
0.000868	0.029009	0.970123	0.984628	787.1
0.000866	0.028987	0.970146	0.984640	787.2
0.000865	0.028966	0.970169	0.984652	787.3
0.000864	0.028944	0.970193	0.984664	787.4
0.000862	0.028922	0.970216	0.984677	787.5
0.000861	0.028900	0.970239	0.984689	787.6
0.000860	0.028879	0.970262	0.984701	787.7
0.000858	0.028857	0.970285	0.984713	787.8
0.000857	0.028835	0.970308	0.984725	787.9
0.000856	0.028814	0.970331	0.984737	788.0
0.000854	0.028792	0.970354	0.984750	788.1
0.000853	0.028770	0.970376	0.984762	788.2
0.000852	0.028749	0.970399	0.984774	788.3
0.000851	0.028727	0.970422	0.984786	788.4
0.000849	0.028706	0.970445	0.984798	788.5
0.000848	0.028684	0.970468	0.984810	788.6
0.000847	0.028663	0.970491	0.984822	788.7
0.000845	0.028641	0.970513	0.984834	788.8
0.000844	0.028620	0.970536	0.984846	788.9
0.000843	0.028598	0.970559	0.984858	789.0
0.000842	0.028577	0.970582	0.984870	789.1
0.000840	0.028555	0.970604	0.984882	789.2
0.000839	0.028534	0.970627	0.984894	789.3
0.000838	0.028513	0.970650	0.984906	789.4
0.000836	0.028491	0.970672	0.984918	789.5
0.000835	0.028470	0.970695	0.984930	789.6
0.000834	0.028449	0.970717	0.984942	789.7
0.000833	0.028427	0.970740	0.984954	789.8
0.000831	0.028406	0.970762	0.984966	789.9
0.000830	0.028385	0.970785	0.984977	790.0
0.000829	0.028364	0.970807	0.984989	790.1
0.000828	0.028343	0.970830	0.985001	790.2
0.000826	0.028321	0.970852	0.985013	790.3
0.000825	0.028300	0.970875	0.985025	790.4
0.000824	0.028279	0.970897	0.985037	790.5
0.000823	0.028258	0.970919	0.985048	790.6
0.000821	0.028237	0.970942	0.985060	790.7
0.000820	0.028216	0.970964	0.985072	790.8
0.000819	0.028195	0.970986	0.985084	790.9
0.000818	0.028174	0.971009	0.985096	791.0
0.000816	0.028153	0.971031	0.985107	791.1
0.000815	0.028132	0.971053	0.985119	791.2
0.000814	0.028111	0.971075	0.985131	791.3
0.000813	0.028090	0.971098	0.985142	791.4
0.000811	0.028069	0.971120	0.985154	791.5
0.000810	0.028048	0.971142	0.985166	791.6
0.000809	0.028027	0.971164	0.985177	791.7
0.000808	0.028006	0.971186	0.985189	791.8
0.000807	0.027985	0.971208	0.985201	791.9
0.000805	0.027965	0.971230	0.985212	792.0
0.000804	0.027944	0.971252	0.985224	792.1
0.000803	0.027923	0.971274	0.985236	792.2
0.000802	0.027902	0.971296	0.985247	792.3
0.000800	0.027881	0.971318	0.985259	792.4
0.000799	0.027861	0.971340	0.985270	792.5
0.000798	0.027840	0.971362	0.985282	792.6
0.000797	0.027819	0.971384	0.985293	792.7
0.000796	0.027799	0.971406	0.985305	792.8
0.000794	0.027778	0.971427	0.985317	792.9
0.000793	0.027757	0.971449	0.985328	793.0
0.000792	0.027737	0.971471	0.985340	793.1
0.000791	0.027716	0.971493	0.985351	793.2
0.000790	0.027696	0.971515	0.985362	793.3
0.000788	0.027675	0.971536	0.985374	793.4
0.000787	0.027655	0.971558	0.985385	793.5
0.000786	0.027634	0.971580	0.985397	793.6
0.000785	0.027614	0.971601	0.985408	793.7
0.000784	0.027593	0.971623	0.985420	793.8
0.000783	0.027573	0.971645	0.985431	793.9
0.000781	0.027552	0.971666	0.985442	794.0
0.000780	0.027532	0.971688	0.985454	794.1
0.000779	0.027512	0.971709	0.985465	794.2
0.000778	0.027491	0.971731	0.985477	794.3
0.000777	0.027471	0.971752	0.985488	794.4
0.000776	0.027450	0.971774	0.985499	794.5
0.000774	0.027430	0.971795	0.985511	794.6
0.000773	0.027410	0.971817	0.985522	794.7
0.000772	0.027390	0.971838	0.985533	794.8
0.000771	0.027369	0.971860	0.985544	794.9
0.000770	0.027349	0.971881	0.985556	795.0
0.000769	0.027329	0.971902	0.985567	795.1
0.000767	0.027309	0.971924	0.985578	795.2
0.000766	0.027289	0.971945	0.985589	795.3
0.000765	0.027268	0.971966	0.985601	795.4
0.000764	0.027248	0.971988	0.985612	795.5
0.000763	0.027228	0.972009	0.985623	795.6
0.000762	0.027208	0.972030	0.985634	795.7
0.000761	0.027188	0.972051	0.985645	795.8
0.000759	0.027168	0.972073	0.985657	795.9
0.000758	0.027148	0.972094	0.985668	796.0
0.000757	0.027128	0.972115	0.985679	796.1
0.000756	0.027108	0.972136	0.985690	796.2
0.000755	0.027088	0.972157	0.985701	796.3
0.000754	0.027068	0.972178	0.985712	796.4
0.000753	0.027048	0.972199	0.985723	796.5
0.000752	0.027028	0.972220	0.985734	796.6
0.000750	0.027008	0.972241	0.985745	796.7
0.000749	0.026988	0.972262	0.985757	796.8
0.000748	0.026969	0.972283	0.985768	796.9
0.000747	0.026949	0.972304	0.985779	797.0
0.000746	0.026929	0.972325	0.985790	797.1
0.000745	0.026909	0.972346	0.985801	797.2
0.000744	0.026889	0.972367	0.985812	797.3
0.000743	0.026870	0.972388	0.985823	797.4
0.000741	0.026850	0.972409	0.985834	797.5
0.000740	0.026830	0.972430	0.985845	797.6
0.000739	0.026810	0.972450	0.985856	797.7
0.000738	0.026791	0.972471	0.985867	797.8
0.000737	0.026771	0.972492	0.985877	797.9
0.000736	0.026751	0.972513	0.985888	798.0
0.000735	0.026732	0.972533	0.985899	798.1
0.000734	0.026712	0.972554	0.985910	798.2
0.000733	0.026692	0.972575	0.985921	798.3
0.000732	0.026673	0.972595	0.985932	798.4
0.000731	0.026653	0.972616	0.985943	798.5
0.000729	0.026634	0.972637	0.985954	798.6
0.000728	0.026614	0.972657	0.985965	798.7
0.000727	0.026595	0.972678	0.985975	798.8
0.000726	0.026575	0.972698	0.985986	798.9
0.000725	0.026556	0.972719	0.985997	799.0
0.000724	0.026536	0.972740	0.986008	799.1
0.000723	0.026517	0.972760	0.986019	799.2
0.000722	0.026498	0.972781	0.986029	799.3
0.000721	0.026478	0.972801	0.986040	799.4
0.000720	0.026459	0.972821	0.986051	799.5
0.000719	0.026439	0.972842	0.986062	799.6
0.000718	0.026420	0.972862	0.986072	799.7
0.000717	0.026401	0.972883	0.986083	799.8
0.000715	0.026382	0.972903	0.986094	799.9
